{"status": "OK", "copyright": "Copyright (c) 2013 The New York Times Company.  All Rights Reserved.", "response": {"meta": {"hits": 16084813, "time": 166, "offset": 20}, "docs": [{"lead_paragraph": "Laura Muir led an impressive final day for Britain at the European indoor athletics championships with her second gold medal of the three-day event after winning the 3,000-meter race on Sunday.", "section_name": "Sports", "slideshow_credits": null, "print_page": 0, "subsection_name": null, "pub_date": "2017-03-05T19:54:27+0000", "type_of_material": "News", "multimedia": [], "_id": "58bc6cf895d0e024902fda6e", "blog": [], "document_type": "article", "headline": {"print_headline": "Muir Leads British Medal Harvest as Spanovic Shines", "main": "Muir Leads British Medal Harvest as Spanovic Shines"}, "source": "Reuters", "word_count": 411, "abstract": null, "keywords": [], "byline": {"person": [], "organization": "REUTERS", "original": "By REUTERS"}, "snippet": "Laura Muir led an impressive final day for Britain at the European indoor athletics championships with her second gold medal of the three-day event after winning the 3,000-meter race on Sunday....", "web_url": "https://www.nytimes.com/reuters/2017/03/05/sports/05reuters-athletics-euro-indoors.html", "news_desk": "None"}, {"lead_paragraph": "Muslim students visiting an Oklahoma lawmaker's office in the state capitol were required to fill out a form that asked if they beat their wives and other questions that offended them, an Islamic advocacy group said.", "section_name": "U.S.", "slideshow_credits": null, "print_page": 0, "subsection_name": null, "pub_date": "2017-03-05T19:45:27+0000", "type_of_material": "News", "multimedia": [], "_id": "58bc6ae495d0e024902fda6d", "blog": [], "document_type": "article", "headline": {"print_headline": "Muslim Students Asked 'Do You Beat Your Wife?' by Oklahoma Lawmaker", "main": "Muslim Students Asked 'Do You Beat Your Wife?' by Oklahoma Lawmaker"}, "source": "Reuters", "word_count": 472, "abstract": null, "keywords": [], "byline": {"person": [], "organization": "REUTERS", "original": "By REUTERS"}, "snippet": "Muslim students visiting an Oklahoma lawmaker's office in the state capitol were required to fill out a form that asked if they beat their wives and other questions that offended them, an Islamic advocacy group said....", "web_url": "https://www.nytimes.com/reuters/2017/03/05/us/05reuters-usa-muslims-oklahoma.html", "news_desk": "None"}, {"lead_paragraph": "Burkina Faso film director Apolline Woye Traore, who won three prizes at the country's prestigious Fespaco festival on Saturday, knows a thing or two about challenges. ", "section_name": "Arts", "slideshow_credits": null, "print_page": 0, "subsection_name": null, "pub_date": "2017-03-05T19:42:27+0000", "type_of_material": "News", "multimedia": [], "_id": "58bc6a2995d0e024902fda6c", "blog": [], "document_type": "article", "headline": {"print_headline": "Burkina Faso Director Gives African Women Authentic Voice", "main": "Burkina Faso Director Gives African Women Authentic Voice"}, "source": "Reuters", "word_count": 419, "abstract": null, "keywords": [], "byline": {"person": [], "organization": "REUTERS", "original": "By REUTERS"}, "snippet": "Burkina Faso film director Apolline Woye Traore, who won three prizes at the country's prestigious Fespaco festival on Saturday, knows a thing or two about challenges....", "web_url": "https://www.nytimes.com/reuters/2017/03/05/arts/05reuters-burkina-filmfestival-director.html", "news_desk": "None"}, {"lead_paragraph": "Thousands of protesters have marched through the Romanian capital of Bucharest to support the country's anti-corruption authority and demand that state institutions be free of political interference.", "section_name": "World", "slideshow_credits": null, "print_page": 0, "subsection_name": "Europe", "pub_date": "2017-03-05T19:33:34+0000", "type_of_material": "News", "multimedia": [], "_id": "58bc681795d0e024902fda6b", "blog": [], "document_type": "article", "headline": {"print_headline": "Romanians March to Protest Persistent Govt Corruption", "main": "Romanians March to Protest Persistent Govt Corruption"}, "source": "AP", "word_count": 128, "abstract": null, "keywords": [], "byline": {"person": [], "organization": "THE ASSOCIATED PRESS", "original": "By THE ASSOCIATED PRESS"}, "snippet": "Thousands of protesters have marched through the Romanian capital of Bucharest to support the country's anti-corruption authority and demand that state institutions be free of political interference....", "web_url": "https://www.nytimes.com/aponline/2017/03/05/world/europe/ap-eu-romania-protest.html", "news_desk": "None"}, {"lead_paragraph": "The race for the major player of the year awards in college basketball was a split decision in 2016. Oklahoma's Buddy Hield won the Naismith and Wooden awards, while Michigan State's Denzel Valentine was The Associated Press player of the year.", "section_name": "Sports", "slideshow_credits": null, "print_page": 0, "subsection_name": "College Basketball", "pub_date": "2017-03-05T19:27:35+0000", "type_of_material": "News", "multimedia": [], "_id": "58bc66b195d0e024902fda6a", "blog": [], "document_type": "article", "headline": {"print_headline": "Kansas' Mason, Nova's Hart Leading Player of the Year Races", "main": "Kansas' Mason, Nova's Hart Leading Player of the Year Races"}, "source": "AP", "word_count": 643, "abstract": null, "keywords": [], "byline": {"person": [], "organization": "THE ASSOCIATED PRESS", "original": "By THE ASSOCIATED PRESS"}, "snippet": "The race for the major player of the year awards in college basketball was a split decision in 2016. Oklahoma's Buddy Hield won the Naismith and Wooden awards, while Michigan State's Denzel Valentine was The Associated Press player of the year....", "web_url": "https://www.nytimes.com/aponline/2017/03/05/sports/ncaabasketball/ap-bkc-player-of-the-year-race.html", "news_desk": "None"}, {"lead_paragraph": "A Kenyan police official says a British rancher has been shot and killed by pastoral herders in central Kenya who have been invading large farms, some of which double as wildlife conservation areas.", "section_name": "World", "slideshow_credits": null, "print_page": 0, "subsection_name": "Africa", "pub_date": "2017-03-05T19:27:33+0000", "type_of_material": "News", "multimedia": [], "_id": "58bc66ab95d0e024902fda69", "blog": [], "document_type": "article", "headline": {"print_headline": "British Rancher Shot, Killed in Kenya in a Farm Invasion", "main": "British Rancher Shot, Killed in Kenya in a Farm Invasion"}, "source": "AP", "word_count": 130, "abstract": null, "keywords": [], "byline": {"person": [], "organization": "THE ASSOCIATED PRESS", "original": "By THE ASSOCIATED PRESS"}, "snippet": "A Kenyan police official says a British rancher has been shot and killed by pastoral herders in central Kenya who have been invading large farms, some of which double as wildlife conservation areas....", "web_url": "https://www.nytimes.com/aponline/2017/03/05/world/africa/ap-af-kenya-ranch-invasions.html", "news_desk": "None"}, {"lead_paragraph": "Sure, No. 18 Cincinnati pulled down a season-high 44 rebounds. Coach Mick Cronin had a good reason why the Bearcats excelled on the boards.", "section_name": "Sports", "slideshow_credits": null, "print_page": 0, "subsection_name": "College Basketball", "pub_date": "2017-03-05T19:18:34+0000", "type_of_material": "News", "multimedia": [], "_id": "58bc649495d0e024902fda68", "blog": [], "document_type": "article", "headline": {"print_headline": "Clark, No. 18 Cincinnati Beat Struggling Connecticut 67-47", "main": "Clark, No. 18 Cincinnati Beat Struggling Connecticut 67-47"}, "source": "AP", "word_count": 606, "abstract": null, "keywords": [], "byline": {"person": [], "organization": "THE ASSOCIATED PRESS", "original": "By THE ASSOCIATED PRESS"}, "snippet": "Sure, No. 18 Cincinnati pulled down a season-high 44 rebounds. Coach Mick Cronin had a good reason why the Bearcats excelled on the boards....", "web_url": "https://www.nytimes.com/aponline/2017/03/05/sports/ncaabasketball/ap-bkc-t25-cincinnati-connecticut.html", "news_desk": "None"}, {"lead_paragraph": "The U.S. Marine Corps is looking into the suspected distribution of nude photographs of female members of the service among military personnel and veterans via a social media network that promotes sexual violence, the Marine Corps Times said on Sunday.", "section_name": "U.S.", "slideshow_credits": null, "print_page": 0, "subsection_name": null, "pub_date": "2017-03-05T19:18:27+0000", "type_of_material": "News", "multimedia": [], "_id": "58bc648995d0e024902fda67", "blog": [], "document_type": "article", "headline": {"print_headline": "U.S. Marine Corps Looking Into Nude Photo Scandal: Report", "main": "U.S. Marine Corps Looking Into Nude Photo Scandal: Report"}, "source": "Reuters", "word_count": 293, "abstract": null, "keywords": [], "byline": {"person": [], "organization": "REUTERS", "original": "By REUTERS"}, "snippet": "The U.S. Marine Corps is looking into the suspected distribution of nude photographs of female members of the service among military personnel and veterans via a social media network that promotes sexual violence, the Marine Corps Times said on Su...", "web_url": "https://www.nytimes.com/reuters/2017/03/05/us/05reuters-usa-marines.html", "news_desk": "None"}, {"lead_paragraph": "A commercial chicken breeding facility in south-central Tennessee has been hit by a strain of bird flu, agriculture officials said Sunday.", "section_name": "U.S.", "slideshow_credits": null, "print_page": 0, "subsection_name": null, "pub_date": "2017-03-05T19:15:35+0000", "type_of_material": "News", "multimedia": [], "_id": "58bc63df95d0e024902fda66", "blog": [], "document_type": "article", "headline": {"print_headline": "Bird Flu Detected in Chicken Breeding Facility in Tennessee", "main": "Bird Flu Detected in Chicken Breeding Facility in Tennessee"}, "source": "AP", "word_count": 340, "abstract": null, "keywords": [], "byline": {"person": [], "organization": "THE ASSOCIATED PRESS", "original": "By THE ASSOCIATED PRESS"}, "snippet": "A commercial chicken breeding facility in south-central Tennessee has been hit by a strain of bird flu, agriculture officials said Sunday....", "web_url": "https://www.nytimes.com/aponline/2017/03/05/us/ap-us-bird-flu-tennessee.html", "news_desk": "None"}, {"lead_paragraph": "Tottenham Hotspur and Manchester City both issued timely reminders to Chelsea that the Premier League title race might not be over with impressive victories on Sunday.", "section_name": "Sports", "slideshow_credits": null, "print_page": 0, "subsection_name": "Soccer", "pub_date": "2017-03-05T19:06:27+0000", "type_of_material": "News", "multimedia": [], "_id": "58bc61b995d0e024902fda65", "blog": [], "document_type": "article", "headline": {"print_headline": "Tottenham and Man City Keep Up the Chase", "main": "Tottenham and Man City Keep Up the Chase"}, "source": "Reuters", "word_count": 475, "abstract": null, "keywords": [], "byline": {"person": [], "organization": "REUTERS", "original": "By REUTERS"}, "snippet": "Tottenham Hotspur and Manchester City both issued timely reminders to Chelsea that the Premier League title race might not be over with impressive victories on Sunday....", "web_url": "https://www.nytimes.com/reuters/2017/03/05/sports/soccer/05reuters-soccer-england.html", "news_desk": "None"}]}}