{"status": "OK", "response": {"docs": [{"subsection_name": "Europe", "byline": {"organization": "THE ASSOCIATED PRESS", "person": [], "original": "By THE ASSOCIATED PRESS"}, "source": "AP", "slideshow_credits": null, "keywords": [], "print_page": 0, "document_type": "article", "multimedia": [], "blog": [], "section_name": "World", "word_count": 124, "web_url": "https://www.nytimes.com/aponline/2017/03/06/world/europe/ap-eu-europe-nkorea-.html", "pub_date": "2017-03-06T12:57:39+0000", "lead_paragraph": "The European Union has condemned North Korea for firing four banned ballistic missiles and said it would consult with Japan and international partners on how to react.", "type_of_material": "News", "news_desk": "None", "snippet": "The European Union has condemned North Korea for firing four banned ballistic missiles and said it would consult with Japan and international partners on how to react....", "_id": "58bd5ccc95d0e024902fdc08", "abstract": null, "headline": {"main": "EU Condemns Launch of NKorea Ballistic Missiles", "print_headline": "EU Condemns Launch of NKorea Ballistic Missiles"}}, {"subsection_name": "Asia Pacific", "byline": {"organization": "REUTERS", "person": [], "original": "By REUTERS"}, "source": "Reuters", "slideshow_credits": null, "keywords": [], "print_page": 0, "document_type": "article", "multimedia": [], "blog": [], "section_name": "World", "word_count": 494, "web_url": "https://www.nytimes.com/reuters/2017/03/06/world/asia/06reuters-china-parliament-politics.html", "pub_date": "2017-03-06T12:54:31+0000", "lead_paragraph": "Avoiding controversial questions and sticking closely to the script, three leading candidates jostling for a spot on the Communist Party's apex of power made rare public appearances on the sidelines of China's annual meeting of parliament on Monday.", "type_of_material": "News", "news_desk": "None", "snippet": "Avoiding controversial questions and sticking closely to the script, three leading candidates jostling for a spot on the Communist Party's apex of power made rare public appearances on the sidelines of China's annual meeting of parliament on Monda...", "_id": "58bd5c1195d0e024902fdc06", "abstract": null, "headline": {"main": "Jostling Contenders for Party Elite Play It Safe at China Parliament", "print_headline": "Jostling Contenders for Party Elite Play It Safe at China Parliament"}}, {"subsection_name": "Europe", "byline": {"organization": "REUTERS", "person": [], "original": "By REUTERS"}, "source": "Reuters", "slideshow_credits": null, "keywords": [], "print_page": 0, "document_type": "article", "multimedia": [], "blog": [], "section_name": "World", "word_count": 564, "web_url": "https://www.nytimes.com/reuters/2017/03/06/world/europe/06reuters-germany-turkey.html", "pub_date": "2017-03-06T12:54:29+0000", "lead_paragraph": "Berlin on Monday rejected as \"absurd\" Turkish President Tayyip Erdogan's comparison of current German policies to the Nazi era, and said the European Union should check if funds aimed at preparing Turkey to enter the bloc were working as intended.", "type_of_material": "News", "news_desk": "None", "snippet": "Berlin on Monday rejected as \"absurd\" Turkish President Tayyip Erdogan's comparison of current German policies to the Nazi era, and said the European Union should check if funds aimed at preparing Turkey to enter the bloc were working as intended....", "_id": "58bd5c1195d0e024902fdc07", "abstract": null, "headline": {"main": "Germany Says EU Must Check if Turkey Funds Achieving Intended Aims", "print_headline": "Germany Says EU Must Check if Turkey Funds Achieving Intended Aims"}}, {"subsection_name": null, "byline": {"organization": "REUTERS", "person": [], "original": "By REUTERS"}, "source": "Reuters", "slideshow_credits": null, "keywords": [], "print_page": 0, "document_type": "article", "multimedia": [], "blog": [], "section_name": "Business Day", "word_count": 423, "web_url": "https://www.nytimes.com/reuters/2017/03/06/business/06reuters-usa-stocks.html", "pub_date": "2017-03-06T12:45:29+0000", "lead_paragraph": "U.S. stocks were lower on Monday amid losses across sectors as investors' appetite for risk was curbed by geopolitical tensions in Asia and President Donald Trump's accusation that his predecessor, Barack Obama, wiretapped him.", "type_of_material": "News", "news_desk": "None", "snippet": "U.S. stocks were lower on Monday amid losses across sectors as investors' appetite for risk was curbed by geopolitical tensions in Asia and President Donald Trump's accusation that his predecessor, Barack Obama, wiretapped him....", "_id": "58bd59ef95d0e024902fdc05", "abstract": null, "headline": {"main": "Wall Street Slips on Trump Comments, Geopolitical Worries", "print_headline": "Wall Street Slips on Trump Comments, Geopolitical Worries"}}, {"subsection_name": "Europe", "byline": {"organization": "REUTERS", "person": [], "original": "By REUTERS"}, "source": "Reuters", "slideshow_credits": null, "keywords": [], "print_page": 0, "document_type": "article", "multimedia": [], "blog": [], "section_name": "World", "word_count": 287, "web_url": "https://www.nytimes.com/reuters/2017/03/06/world/europe/06reuters-ukraine-crisis-court.html", "pub_date": "2017-03-06T12:39:38+0000", "lead_paragraph": "Ukraine asked the United Nations' highest court on Monday to order Russia to stop funding and equipping pro-Russian separatists, at the start of a hearing where it hopes to prove Moscow is breaking international law.", "type_of_material": "News", "news_desk": "None", "snippet": "Ukraine asked the United Nations' highest court on Monday to order Russia to stop funding and equipping pro-Russian separatists, at the start of a hearing where it hopes to prove Moscow is breaking international law....", "_id": "58bd589395d0e024902fdc04", "abstract": null, "headline": {"main": "Ukraine Asks U.N. Judges to Order Russia to Stop Aiding Rebels", "print_headline": "Ukraine Asks U.N. Judges to Order Russia to Stop Aiding Rebels"}}, {"subsection_name": null, "byline": {"organization": "REUTERS", "person": [], "original": "By REUTERS"}, "source": "Reuters", "slideshow_credits": null, "keywords": [], "print_page": 0, "document_type": "article", "multimedia": [], "blog": [], "section_name": "Business Day", "word_count": 909, "web_url": "https://www.nytimes.com/reuters/2017/03/06/business/06reuters-opel-m-a-smallergm.html", "pub_date": "2017-03-06T12:39:31+0000", "lead_paragraph": "General Motors Co&#8217;s deal on Monday to sell its European operations to France's PSA Group doubles down on a bet that the company can win by being less global but more profitable in an auto industry increasingly dependent on software and services.  ", "type_of_material": "News", "news_desk": "None", "snippet": "General Motors Co&#8217;s deal on Monday to sell its European operations to France's PSA Group doubles down on a bet that the company can win by being less global but more profitable in an auto industry increasingly dependent on software and servi...", "_id": "58bd589095d0e024902fdc03", "abstract": null, "headline": {"main": "GM Shifts From Bigger Is Better to Less Global, More Profitable", "print_headline": "GM Shifts From Bigger Is Better to Less Global, More Profitable"}}, {"subsection_name": "Middle East", "byline": {"organization": "REUTERS", "person": [], "original": "By REUTERS"}, "source": "Reuters", "slideshow_credits": null, "keywords": [], "print_page": 0, "document_type": "article", "multimedia": [], "blog": [], "section_name": "World", "word_count": 673, "web_url": "https://www.nytimes.com/reuters/2017/03/06/world/middleeast/06reuters-mideast-crisis-iraq.html", "pub_date": "2017-03-06T12:39:31+0000", "lead_paragraph": "U.S.-backed Iraqi forces captured the second of Mosul's five bridges on Monday, giving a boost to their onslaught on Islamic State's remaining stronghold in the western part of the city.", "type_of_material": "News", "news_desk": "None", "snippet": "U.S.-backed Iraqi forces captured the second of Mosul's five bridges on Monday, giving a boost to their onslaught on Islamic State's remaining stronghold in the western part of the city....", "_id": "58bd588995d0e024902fdc02", "abstract": null, "headline": {"main": "U.S.-Backed Iraqi Forces Capture Mosul Bridge, Close In on Government Buildings", "print_headline": "U.S.-Backed Iraqi Forces Capture Mosul Bridge, Close In on Government Buildings"}}, {"subsection_name": "Women's Runway", "byline": [], "source": "The New York Times", "slideshow_credits": "Regis Colin Berthelier/Nowfashion", "keywords": [{"name": "organizations", "value": "Sacai (Fashion Label)", "rank": 1, "isMajor": "N"}, {"name": "persons", "value": "Abe, Chitose", "rank": 2, "isMajor": "N"}], "print_page": 0, "document_type": "multimedia", "multimedia": [{"subtype": "thumbnail", "type": "image", "legacy": {"thumbnailheight": 75, "thumbnailwidth": 75, "thumbnail": "images/2017/03/06/fashion/runway-womens/sacai-fall-2017-rtw-slide-6OBB/sacai-fall-2017-rtw-slide-6OBB-thumbStandard.jpg"}, "url": "images/2017/03/06/fashion/runway-womens/sacai-fall-2017-rtw-slide-6OBB/sacai-fall-2017-rtw-slide-6OBB-thumbStandard.jpg", "height": 75, "width": 75, "rank": 0}, {"subtype": "wide", "type": "image", "legacy": {"widewidth": 190, "wide": "images/2017/03/06/fashion/runway-womens/sacai-fall-2017-rtw-slide-6OBB/sacai-fall-2017-rtw-slide-6OBB-thumbWide.jpg", "wideheight": 126}, "url": "images/2017/03/06/fashion/runway-womens/sacai-fall-2017-rtw-slide-6OBB/sacai-fall-2017-rtw-slide-6OBB-thumbWide.jpg", "height": 126, "width": 190, "rank": 0}, {"subtype": "xlarge", "type": "image", "legacy": {"xlarge": "images/2017/03/06/fashion/runway-womens/sacai-fall-2017-rtw-slide-6OBB/sacai-fall-2017-rtw-slide-6OBB-articleLarge.jpg", "xlargeheight": 900, "xlargewidth": 600}, "url": "images/2017/03/06/fashion/runway-womens/sacai-fall-2017-rtw-slide-6OBB/sacai-fall-2017-rtw-slide-6OBB-articleLarge.jpg", "height": 900, "width": 600, "rank": 0}], "blog": [], "section_name": "Fashion & Style", "word_count": 7, "web_url": "https://www.nytimes.com/slideshow/2017/03/06/fashion/runway-womens/sacai-fall-2017.html", "pub_date": "2017-03-06T12:38:35+0000", "lead_paragraph": "Chitose Abe shows her label\u2019s fall looks.", "type_of_material": "Slideshow", "news_desk": "Fashion & Style", "snippet": "Chitose Abe shows her label\u2019s fall looks....", "_id": "58bd585d95d0e024902fdc01", "abstract": null, "headline": {"main": "Sacai: Fall 2017"}}, {"subsection_name": "Europe", "byline": {"organization": "REUTERS", "person": [], "original": "By REUTERS"}, "source": "Reuters", "slideshow_credits": null, "keywords": [], "print_page": 0, "document_type": "article", "multimedia": [], "blog": [], "section_name": "World", "word_count": 95, "web_url": "https://www.nytimes.com/reuters/2017/03/06/world/europe/06reuters-france-election-fillon.html", "pub_date": "2017-03-06T12:36:29+0000", "lead_paragraph": "Allies of conservative former French president Nicolas Sarkozy are asking beleaguered presidential candidate Francois Fillon to find a replacement candidate, according to a Sarkozy ally present at a meeting on the issue on Monday.", "type_of_material": "News", "news_desk": "None", "snippet": "Allies of conservative former French president Nicolas Sarkozy are asking beleaguered presidential candidate Francois Fillon to find a replacement candidate, according to a Sarkozy ally present at a meeting on the issue on Monday....", "_id": "58bd57d595d0e024902fdc00", "abstract": null, "headline": {"main": "Sarkozy Camp Asks France's Fillon to Replace Himself as Candidate: Source", "print_headline": "Sarkozy Camp Asks France's Fillon to Replace Himself as Candidate: Source"}}, {"subsection_name": null, "byline": {"organization": "THE ASSOCIATED PRESS", "person": [], "original": "By THE ASSOCIATED PRESS"}, "source": "AP", "slideshow_credits": null, "keywords": [], "print_page": 0, "document_type": "article", "multimedia": [], "blog": [], "section_name": "U.S.", "word_count": 139, "web_url": "https://www.nytimes.com/aponline/2017/03/06/us/ap-us-deputy-injured-soccer-game.html", "pub_date": "2017-03-06T12:30:43+0000", "lead_paragraph": "Authorities say a Florida sheriff's deputy is recovering after he was injured while trying to break up a fight between fans after the Orlando City Soccer game.", "type_of_material": "News", "news_desk": "None", "snippet": "Authorities say a Florida sheriff's deputy is recovering after he was injured while trying to break up a fight between fans after the Orlando City Soccer game....", "_id": "58bd567795d0e024902fdbff", "abstract": null, "headline": {"main": "Florida Deputy Hurt Breaking Up Fight After Soccer Game", "print_headline": "Florida Deputy Hurt Breaking Up Fight After Soccer Game"}}], "meta": {"time": 150, "offset": 160, "hits": 16085363}}, "copyright": "Copyright (c) 2013 The New York Times Company.  All Rights Reserved."}