{"status": "OK", "response": {"docs": [{"subsection_name": null, "byline": {"organization": "THE ASSOCIATED PRESS", "person": [], "original": "By THE ASSOCIATED PRESS"}, "source": "AP", "slideshow_credits": null, "keywords": [], "print_page": 0, "document_type": "article", "multimedia": [], "blog": [], "section_name": "U.S.", "word_count": 1129, "web_url": "https://www.nytimes.com/aponline/2017/03/06/us/ap-us-supreme-court-gorsuch-public-lands.html", "pub_date": "2017-03-06T08:57:44+0000", "lead_paragraph": "Supreme Court nominee Neil Gorsuch has shown a willingness to limit the participation of environmental groups in lawsuits involving public lands, writing in one case that allowing conservationists to intervene could complicate and slow down the judicial process, according to an Associated Press review of his rulings as a federal appeals court judge.", "type_of_material": "News", "news_desk": "None", "snippet": "Supreme Court nominee Neil Gorsuch has shown a willingness to limit the participation of environmental groups in lawsuits involving public lands, writing in one case that allowing conservationists to intervene could complicate and slow down the ju...", "_id": "58bd249295d0e024902fdb82", "abstract": null, "headline": {"main": "In Past Land Cases, Gorsuch Has Limited Environmentalists", "print_headline": "In Past Land Cases, Gorsuch Has Limited Environmentalists"}}, {"subsection_name": "Europe", "byline": {"organization": "THE ASSOCIATED PRESS", "person": [], "original": "By THE ASSOCIATED PRESS"}, "source": "AP", "slideshow_credits": null, "keywords": [], "print_page": 0, "document_type": "article", "multimedia": [], "blog": [], "section_name": "World", "word_count": 610, "web_url": "https://www.nytimes.com/aponline/2017/03/06/world/europe/ap-eu-france-election.html", "pub_date": "2017-03-06T08:57:42+0000", "lead_paragraph": "Deepening the crisis among France's conservatives, former French Prime Minister Alain Juppe firmly declined Monday to step into the country's presidential race to rescue his party's chances in the event that embattled candidate Francois Fillon withdraws.", "type_of_material": "News", "news_desk": "None", "snippet": "Deepening the crisis among France's conservatives, former French Prime Minister Alain Juppe firmly declined Monday to step into the country's presidential race to rescue his party's chances in the event that embattled candidate Francois Fillon wit...", "_id": "58bd248d95d0e024902fdb81", "abstract": null, "headline": {"main": "French Conservatives in Crisis as Candidate Fillon Founders", "print_headline": "French Conservatives in Crisis as Candidate Fillon Founders"}}, {"subsection_name": null, "byline": {"organization": "REUTERS", "person": [], "original": "By REUTERS"}, "source": "Reuters", "slideshow_credits": null, "keywords": [], "print_page": 0, "document_type": "article", "multimedia": [], "blog": [], "section_name": "Technology", "word_count": 97, "web_url": "https://www.nytimes.com/reuters/2017/03/06/technology/06reuters-turkey-google-investigation.html", "pub_date": "2017-03-06T08:57:31+0000", "lead_paragraph": "Turkey's Competition Board said on Monday it had opened an investigation to determine whether Google had violated the country's competition law.", "type_of_material": "News", "news_desk": "None", "snippet": "Turkey's Competition Board said on Monday it had opened an investigation to determine whether Google had violated the country's competition law....", "_id": "58bd248195d0e024902fdb80", "abstract": null, "headline": {"main": "Turkey's Competition Board Opens Investigation Into Google", "print_headline": "Turkey's Competition Board Opens Investigation Into Google"}}, {"subsection_name": "Europe", "byline": {"organization": "REUTERS", "person": [], "original": "By REUTERS"}, "source": "Reuters", "slideshow_credits": null, "keywords": [], "print_page": 0, "document_type": "article", "multimedia": [], "blog": [], "section_name": "World", "word_count": 626, "web_url": "https://www.nytimes.com/reuters/2017/03/06/world/europe/06reuters-france-election-sarkozy.html", "pub_date": "2017-03-06T08:57:29+0000", "lead_paragraph": "Former prime minister Alain Juppe said on Monday he had decided \"once and for all\" not to stand in France's presidential election, dashing the hopes of many in his conservative party whose scandal-hit candidate faces defeat.", "type_of_material": "News", "news_desk": "None", "snippet": "Former prime minister Alain Juppe said on Monday he had decided \"once and for all\" not to stand in France's presidential election, dashing the hopes of many in his conservative party whose scandal-hit candidate faces defeat....", "_id": "58bd247d95d0e024902fdb7e", "abstract": null, "headline": {"main": "Juppe Says No to French Presidential Bid but Slams Candidate Fillon", "print_headline": "Juppe Says No to French Presidential Bid but Slams Candidate Fillon"}}, {"subsection_name": "Soccer", "byline": {"organization": "REUTERS", "person": [], "original": "By REUTERS"}, "source": "Reuters", "slideshow_credits": null, "keywords": [], "print_page": 0, "document_type": "article", "multimedia": [], "blog": [], "section_name": "Sports", "word_count": 198, "web_url": "https://www.nytimes.com/reuters/2017/03/06/sports/soccer/06reuters-soccer-england-sun-moyes.html", "pub_date": "2017-03-06T08:57:29+0000", "lead_paragraph": "Sunderland manager David Moyes is refusing to give up on Premier League survival after his side fell six points adrift of safety following their 2-0 home loss to Manchester City on Sunday. ", "type_of_material": "News", "news_desk": "None", "snippet": "Sunderland manager David Moyes is refusing to give up on Premier League survival after his side fell six points adrift of safety following their 2-0 home loss to Manchester City on Sunday....", "_id": "58bd248095d0e024902fdb7f", "abstract": null, "headline": {"main": "Moyes Says Experience of Fight Can Keep Black Cats Afloat", "print_headline": "Moyes Says Experience of Fight Can Keep Black Cats Afloat"}}, {"subsection_name": "Politics", "byline": {"organization": "THE ASSOCIATED PRESS", "person": [], "original": "By THE ASSOCIATED PRESS"}, "source": "AP", "slideshow_credits": null, "keywords": [], "print_page": 0, "document_type": "article", "multimedia": [], "blog": [], "section_name": "U.S.", "word_count": 840, "web_url": "https://www.nytimes.com/aponline/2017/03/06/us/politics/ap-us-irs-audits.html", "pub_date": "2017-03-06T08:51:45+0000", "lead_paragraph": "As millions of Americans file their income tax returns, their chances of getting audited by the IRS have rarely been so low.", "type_of_material": "News", "news_desk": "None", "snippet": "As millions of Americans file their income tax returns, their chances of getting audited by the IRS have rarely been so low....", "_id": "58bd232895d0e024902fdb7d", "abstract": null, "headline": {"main": "Chances for a Tax Audit Have Rarely Been This Low", "print_headline": "Chances for a Tax Audit Have Rarely Been This Low"}}, {"subsection_name": "Africa", "byline": {"organization": "THE ASSOCIATED PRESS", "person": [], "original": "By THE ASSOCIATED PRESS"}, "source": "AP", "slideshow_credits": null, "keywords": [], "print_page": 0, "document_type": "article", "multimedia": [], "blog": [], "section_name": "World", "word_count": 129, "web_url": "https://www.nytimes.com/aponline/2017/03/06/world/africa/ap-af-mali-violence.html", "pub_date": "2017-03-06T08:51:41+0000", "lead_paragraph": "Suspected jihadists from Burkina Faso have attacked a Malian military post across the border, killing at least a dozen Malian soldiers.", "type_of_material": "News", "news_desk": "None", "snippet": "Suspected jihadists from Burkina Faso have attacked a Malian military post across the border, killing at least a dozen Malian soldiers....", "_id": "58bd232395d0e024902fdb7c", "abstract": null, "headline": {"main": "Suspected Jihadists Attack Mali Military Position; 12 Dead", "print_headline": "Suspected Jihadists Attack Mali Military Position; 12 Dead"}}, {"subsection_name": "Europe", "byline": {"organization": "REUTERS", "person": [], "original": "By REUTERS"}, "source": "Reuters", "slideshow_credits": null, "keywords": [], "print_page": 0, "document_type": "article", "multimedia": [], "blog": [], "section_name": "World", "word_count": 626, "web_url": "https://www.nytimes.com/reuters/2017/03/06/world/europe/06reuters-france-election.html", "pub_date": "2017-03-06T08:51:29+0000", "lead_paragraph": "Former prime minister Alain Juppe said on Monday he had decided \"once and for all\" not to stand in France's presidential election, dashing the hopes of many in his conservative party whose scandal-hit candidate faces defeat.", "type_of_material": "News", "news_desk": "None", "snippet": "Former prime minister Alain Juppe said on Monday he had decided \"once and for all\" not to stand in France's presidential election, dashing the hopes of many in his conservative party whose scandal-hit candidate faces defeat....", "_id": "58bd231495d0e024902fdb7b", "abstract": null, "headline": {"main": "Juppe Says No to French Presidential Bid but Slams Candidate Fillon", "print_headline": "Juppe Says No to French Presidential Bid but Slams Candidate Fillon"}}, {"subsection_name": null, "byline": {"organization": "THE ASSOCIATED PRESS", "person": [], "original": "By THE ASSOCIATED PRESS"}, "source": "AP", "slideshow_credits": null, "keywords": [], "print_page": 0, "document_type": "article", "multimedia": [], "blog": [], "section_name": "U.S.", "word_count": 203, "web_url": "https://www.nytimes.com/aponline/2017/03/06/us/ap-us-ap-poll-american-identity-method.html", "pub_date": "2017-03-06T08:48:49+0000", "lead_paragraph": "The Associated Press-NORC Center for Public Affairs Research poll on the national identity of the United States was conducted by NORC on Feb. 16-20. It is based on online and telephone interviews of 1,004 adults who are members of NORC's nationally representative AmeriSpeak panel.", "type_of_material": "News", "news_desk": "None", "snippet": "The Associated Press-NORC Center for Public Affairs Research poll on the national identity of the United States was conducted by NORC on Feb. 16-20. It is based on online and telephone interviews of 1,004 adults who are members of NORC's nationall...", "_id": "58bd227995d0e024902fdb7a", "abstract": null, "headline": {"main": "How the AP-NORC Poll on American Identity Was Conducted", "print_headline": "How the AP-NORC Poll on American Identity Was Conducted"}}, {"subsection_name": "Middle East", "byline": {"organization": "REUTERS", "person": [], "original": "By REUTERS"}, "source": "Reuters", "slideshow_credits": null, "keywords": [], "print_page": 0, "document_type": "article", "multimedia": [], "blog": [], "section_name": "World", "word_count": 168, "web_url": "https://www.nytimes.com/reuters/2017/03/06/world/middleeast/06reuters-yemen-security.html", "pub_date": "2017-03-06T08:48:28+0000", "lead_paragraph": "Suspected U.S. drones fired missiles at al Qaeda targets in two separate attacks in Yemen on Monday, residents said, extending several days of U.S. strikes against the militants.", "type_of_material": "News", "news_desk": "None", "snippet": "Suspected U.S. drones fired missiles at al Qaeda targets in two separate attacks in Yemen on Monday, residents said, extending several days of U.S. strikes against the militants....", "_id": "58bd226195d0e024902fdb79", "abstract": null, "headline": {"main": "Suspected U.S. Drones Hit Al Qaeda Targets in Yemen: Residents", "print_headline": "Suspected U.S. Drones Hit Al Qaeda Targets in Yemen: Residents"}}], "meta": {"time": 190, "offset": 290, "hits": 16085359}}, "copyright": "Copyright (c) 2013 The New York Times Company.  All Rights Reserved."}