{"status": "OK", "response": {"docs": [{"subsection_name": null, "byline": {"organization": "THE ASSOCIATED PRESS", "person": [], "original": "By THE ASSOCIATED PRESS"}, "source": "AP", "slideshow_credits": null, "keywords": [], "print_page": 0, "document_type": "article", "multimedia": [], "blog": [], "section_name": "U.S.", "word_count": 734, "web_url": "https://www.nytimes.com/aponline/2017/03/04/us/ap-us-bracero-historic-site.html", "pub_date": "2017-03-04T14:48:37+0000", "lead_paragraph": "A Texas border town is working to restore what is believed to be the only remaining site that once helped process the millions of Mexicans who came to the U.S. as temporary guest workers under a program that started during World War II.", "type_of_material": "News", "news_desk": "None", "snippet": "A Texas border town is working to restore what is believed to be the only remaining site that once helped process the millions of Mexicans who came to the U.S. as temporary guest workers under a program that started during World War II....", "_id": "58bad3cf95d0e024902fd867", "abstract": null, "headline": {"main": "Texas Town Looks to Tell Story of Mexican Guest Workers", "print_headline": "Texas Town Looks to Tell Story of Mexican Guest Workers"}}, {"subsection_name": "Middle East", "byline": {"organization": "THE ASSOCIATED PRESS", "person": [], "original": "By THE ASSOCIATED PRESS"}, "source": "AP", "slideshow_credits": null, "keywords": [], "print_page": 0, "document_type": "article", "multimedia": [], "blog": [], "section_name": "World", "word_count": 135, "web_url": "https://www.nytimes.com/aponline/2017/03/04/world/middleeast/ap-ml-bahrain.html", "pub_date": "2017-03-04T14:48:37+0000", "lead_paragraph": "Bahrain says it has arrested 25 suspected members of a terror group allegedly backed by Iran on the island nation.", "type_of_material": "News", "news_desk": "None", "snippet": "Bahrain says it has arrested 25 suspected members of a terror group allegedly backed by Iran on the island nation....", "_id": "58bad3cf95d0e024902fd866", "abstract": null, "headline": {"main": "Bahrain Says 25 Arrested in Bust of Iran-Linked Terror Cell", "print_headline": "Bahrain Says 25 Arrested in Bust of Iran-Linked Terror Cell"}}, {"subsection_name": null, "byline": {"organization": "THE ASSOCIATED PRESS", "person": [], "original": "By THE ASSOCIATED PRESS"}, "source": "AP", "slideshow_credits": null, "keywords": [], "print_page": 0, "document_type": "article", "multimedia": [], "blog": [], "section_name": "U.S.", "word_count": 107, "web_url": "https://www.nytimes.com/aponline/2017/03/04/us/ap-us-peanut-butter-substitute-recall.html", "pub_date": "2017-03-04T14:42:36+0000", "lead_paragraph": "A peanut butter substitute sold by an Illinois company is being recalled because 12 cases of E. coli have been linked to the product.", "type_of_material": "News", "news_desk": "None", "snippet": "A peanut butter substitute sold by an Illinois company is being recalled because 12 cases of E. coli have been linked to the product....", "_id": "58bad26395d0e024902fd865", "abstract": null, "headline": {"main": "Peanut Butter Substitute Recalled After E. Coli Outbreak", "print_headline": "Peanut Butter Substitute Recalled After E. Coli Outbreak"}}, {"subsection_name": null, "byline": {"organization": "REUTERS", "person": [], "original": "By REUTERS"}, "source": "Reuters", "slideshow_credits": null, "keywords": [], "print_page": 0, "document_type": "article", "multimedia": [], "blog": [], "section_name": "Business Day", "word_count": 177, "web_url": "https://www.nytimes.com/reuters/2017/03/04/business/04reuters-aberdeen-asset-m-a-standard-life.html", "pub_date": "2017-03-04T14:42:27+0000", "lead_paragraph": "Scottish fund manager Aberdeen Asset Management is exploring possible options for a tie-up with insurer Standard Life, Sky News reported on Saturday, in a deal which could total 11 billion pounds. ", "type_of_material": "News", "news_desk": "None", "snippet": "Scottish fund manager Aberdeen Asset Management is exploring possible options for a tie-up with insurer Standard Life, Sky News reported on Saturday, in a deal which could total 11 billion pounds....", "_id": "58bad26095d0e024902fd864", "abstract": null, "headline": {"main": "Aberdeen Exploring Options for Tie-Up With Standard Life-Sky", "print_headline": "Aberdeen Exploring Options for Tie-Up With Standard Life-Sky"}}, {"subsection_name": null, "byline": {"organization": "THE ASSOCIATED PRESS", "person": [], "original": "By THE ASSOCIATED PRESS"}, "source": "AP", "slideshow_credits": null, "keywords": [], "print_page": 0, "document_type": "article", "multimedia": [], "blog": [], "section_name": "U.S.", "word_count": 480, "web_url": "https://www.nytimes.com/aponline/2017/03/04/us/ap-us-tv-schwarzenegger-apprentice.html", "pub_date": "2017-03-04T14:36:36+0000", "lead_paragraph": "In typical Donald Trump fashion, the president tweeted Saturday that his replacement at the \"The New Celebrity Apprentice\" reality television show is to blame for its poor ratings and not, as Arnold Schwarzenegger says, Trump's continued involvement with the show.", "type_of_material": "News", "news_desk": "None", "snippet": "In typical Donald Trump fashion, the president tweeted Saturday that his replacement at the \"The New Celebrity Apprentice\" reality television show is to blame for its poor ratings and not, as Arnold Schwarzenegger says, Trump's continued involveme...", "_id": "58bad0f995d0e024902fd863", "abstract": null, "headline": {"main": "Trump: Not to Blame for 'Sad End' to 'Celebrity Apprentice'", "print_headline": "Trump: Not to Blame for 'Sad End' to 'Celebrity Apprentice'"}}, {"subsection_name": null, "byline": {"organization": "THE ASSOCIATED PRESS", "person": [], "original": "By THE ASSOCIATED PRESS"}, "source": "AP", "slideshow_credits": null, "keywords": [], "print_page": 0, "document_type": "article", "multimedia": [], "blog": [], "section_name": "U.S.", "word_count": 986, "web_url": "https://www.nytimes.com/aponline/2017/03/04/us/ap-us-immigration-courts.html", "pub_date": "2017-03-04T14:33:35+0000", "lead_paragraph": "Everyone was in place for the hearing in Atlanta immigration court: the Guinean man hoping to stay in the U.S., his attorney, a prosecutor, a translator and the judge. But because of some missing paperwork, it was all for nothing.", "type_of_material": "News", "news_desk": "None", "snippet": "Everyone was in place for the hearing in Atlanta immigration court: the Guinean man hoping to stay in the U.S., his attorney, a prosecutor, a translator and the judge. But because of some missing paperwork, it was all for nothing....", "_id": "58bad04395d0e024902fd862", "abstract": null, "headline": {"main": "Immigration Courts: Record Number of Cases, Many Problems", "print_headline": "Immigration Courts: Record Number of Cases, Many Problems"}}, {"subsection_name": "Europe", "byline": {"organization": "REUTERS", "person": [], "original": "By REUTERS"}, "source": "Reuters", "slideshow_credits": null, "keywords": [], "print_page": 0, "document_type": "article", "multimedia": [], "blog": [], "section_name": "World", "word_count": 805, "web_url": "https://www.nytimes.com/reuters/2017/03/04/world/europe/04reuters-nireland-politics.html", "pub_date": "2017-03-04T14:33:30+0000", "lead_paragraph": "Northern Irish leaders prepared on Saturday for three weeks of challenging talks to save their devolved government after a snap election that could have dramatic implications for the politics and constitutional status of the British province.", "type_of_material": "News", "news_desk": "None", "snippet": "Northern Irish leaders prepared on Saturday for three weeks of challenging talks to save their devolved government after a snap election that could have dramatic implications for the politics and constitutional status of the British province....", "_id": "58bad04295d0e024902fd861", "abstract": null, "headline": {"main": "Tight Deadline for Talks After Nationalist Surge in Northern Ireland", "print_headline": "Tight Deadline for Talks After Nationalist Surge in Northern Ireland"}}, {"subsection_name": "Pro Basketball", "byline": {"organization": "THE ASSOCIATED PRESS", "person": [], "original": "By THE ASSOCIATED PRESS"}, "source": "AP", "slideshow_credits": null, "keywords": [], "print_page": 0, "document_type": "article", "multimedia": [], "blog": [], "section_name": "Sports", "word_count": 478, "web_url": "https://www.nytimes.com/aponline/2017/03/04/sports/basketball/ap-bkn-all-star-format-changes.html", "pub_date": "2017-03-04T14:30:35+0000", "lead_paragraph": "Change is coming to the defense-optional All-Star Game, and NBA Commissioner Adam Silver wants to hear ideas.", "type_of_material": "News", "news_desk": "None", "snippet": "Change is coming to the defense-optional All-Star Game, and NBA Commissioner Adam Silver wants to hear ideas....", "_id": "58bacf9195d0e024902fd860", "abstract": null, "headline": {"main": "Adam Silver Says NBA All-Star Format Will Change for 2018", "print_headline": "Adam Silver Says NBA All-Star Format Will Change for 2018"}}, {"subsection_name": null, "byline": {"organization": "THE ASSOCIATED PRESS", "person": [], "original": "By THE ASSOCIATED PRESS"}, "source": "AP", "slideshow_credits": null, "keywords": [], "print_page": 0, "document_type": "article", "multimedia": [], "blog": [], "section_name": "U.S.", "word_count": 131, "web_url": "https://www.nytimes.com/aponline/2017/03/04/us/ap-us-dallas-condo-fire.html", "pub_date": "2017-03-04T14:27:37+0000", "lead_paragraph": "Authorities say an elderly resident of a Dallas condominium complex is unaccounted for after a fire destroyed the four-story structure.", "type_of_material": "News", "news_desk": "None", "snippet": "Authorities say an elderly resident of a Dallas condominium complex is unaccounted for after a fire destroyed the four-story structure....", "_id": "58bacede95d0e024902fd85f", "abstract": null, "headline": {"main": "Elderly Resident Unaccounted for After Dallas Condo Fire", "print_headline": "Elderly Resident Unaccounted for After Dallas Condo Fire"}}, {"subsection_name": "Politics", "byline": {"organization": "THE ASSOCIATED PRESS", "person": [], "original": "By THE ASSOCIATED PRESS"}, "source": "AP", "slideshow_credits": null, "keywords": [], "print_page": 0, "document_type": "article", "multimedia": [], "blog": [], "section_name": "U.S.", "word_count": 898, "web_url": "https://www.nytimes.com/aponline/2017/03/04/us/politics/ap-us-democrats-liberal-outcry.html", "pub_date": "2017-03-04T14:24:37+0000", "lead_paragraph": "Four days after Donald Trump's surprising White House victory, the liberal organization CREDO Action fired off a frantic warning to its 4.6 million anxious supporters.", "type_of_material": "News", "news_desk": "None", "snippet": "Four days after Donald Trump's surprising White House victory, the liberal organization CREDO Action fired off a frantic warning to its 4.6 million anxious supporters....", "_id": "58bace2b95d0e024902fd85e", "abstract": null, "headline": {"main": "Tea Party Parallel? Liberals Taking Aim at Their Own Party", "print_headline": "Tea Party Parallel? Liberals Taking Aim at Their Own Party"}}], "meta": {"time": 166, "offset": 1090, "hits": 16085368}}, "copyright": "Copyright (c) 2013 The New York Times Company.  All Rights Reserved."}