{"status": "OK", "copyright": "Copyright (c) 2013 The New York Times Company.  All Rights Reserved.", "response": {"meta": {"hits": 16084808, "time": 237, "offset": 340}, "docs": [{"lead_paragraph": "Vermont Sen. Bernie Sanders stood with thousands at a pro-union rally near Nissan Motor Co.'s plant in Canton, Mississippi, congratulating workers for their courage \"in standing up for justice.\"", "section_name": "U.S.", "slideshow_credits": null, "print_page": 0, "subsection_name": null, "pub_date": "2017-03-04T23:54:35+0000", "type_of_material": "News", "multimedia": [], "_id": "58bb53c995d0e024902fd926", "blog": [], "document_type": "article", "headline": {"print_headline": "Bernie Sanders, Danny Glover: Union Workers Have It Better", "main": "Bernie Sanders, Danny Glover: Union Workers Have It Better"}, "source": "AP", "word_count": 486, "abstract": null, "keywords": [], "byline": {"person": [], "organization": "THE ASSOCIATED PRESS", "original": "By THE ASSOCIATED PRESS"}, "snippet": "Vermont Sen. Bernie Sanders stood with thousands at a pro-union rally near Nissan Motor Co.'s plant in Canton, Mississippi, congratulating workers for their courage \"in standing up for justice.\"...", "web_url": "https://www.nytimes.com/aponline/2017/03/04/us/ap-ms-nissan-union.html", "news_desk": "None"}, {"lead_paragraph": "Tony Bellew caused a huge upset by moving up to the heavyweight class and stopping an injured David Haye in the 11th round in a gripping, all-British fight at the O2 Arena on Saturday.", "section_name": "Sports", "slideshow_credits": null, "print_page": 0, "subsection_name": null, "pub_date": "2017-03-04T23:42:51+0000", "type_of_material": "News", "multimedia": [], "_id": "58bb50fe95d0e024902fd923", "blog": [], "document_type": "article", "headline": {"print_headline": "Bellew Stuns Heavyweight Haye With 11th-Round Stoppage", "main": "Bellew Stuns Heavyweight Haye With 11th-Round Stoppage"}, "source": "AP", "word_count": 340, "abstract": null, "keywords": [], "byline": {"person": [], "organization": "THE ASSOCIATED PRESS", "original": "By THE ASSOCIATED PRESS"}, "snippet": "Tony Bellew caused a huge upset by moving up to the heavyweight class and stopping an injured David Haye in the 11th round in a gripping, all-British fight at the O2 Arena on Saturday....", "web_url": "https://www.nytimes.com/aponline/2017/03/04/sports/ap-box-haye-bellew.html", "news_desk": "None"}, {"lead_paragraph": "Arizona played two months without its top returning player, suffered through a slew of injuries and lost an emotional final home game.", "section_name": "Sports", "slideshow_credits": null, "print_page": 0, "subsection_name": "College Basketball", "pub_date": "2017-03-04T23:42:50+0000", "type_of_material": "News", "multimedia": [], "_id": "58bb50ff95d0e024902fd924", "blog": [], "document_type": "article", "headline": {"print_headline": "No. 7 Arizona Pulls Away to Beat Arizona State 73-60", "main": "No. 7 Arizona Pulls Away to Beat Arizona State 73-60"}, "source": "AP", "word_count": 716, "abstract": null, "keywords": [], "byline": {"person": [], "organization": "THE ASSOCIATED PRESS", "original": "By THE ASSOCIATED PRESS"}, "snippet": "Arizona played two months without its top returning player, suffered through a slew of injuries and lost an emotional final home game....", "web_url": "https://www.nytimes.com/aponline/2017/03/04/sports/ncaabasketball/ap-bkc-t25-arizona-arizona-st.html", "news_desk": "None"}, {"lead_paragraph": "Purdue's recipe for an upset in the Big Ten Tournament was simple: exploit a few holes in Ohio State's game, then make some free throws.", "section_name": "Sports", "slideshow_credits": null, "print_page": 0, "subsection_name": "College Basketball", "pub_date": "2017-03-04T23:42:48+0000", "type_of_material": "News", "multimedia": [], "_id": "58bb50ff95d0e024902fd925", "blog": [], "document_type": "article", "headline": {"print_headline": "Purdue Knocks Off No. 9 Ohio State 71-60 in Big Ten Semis", "main": "Purdue Knocks Off No. 9 Ohio State 71-60 in Big Ten Semis"}, "source": "AP", "word_count": 483, "abstract": null, "keywords": [], "byline": {"person": [], "organization": "THE ASSOCIATED PRESS", "original": "By THE ASSOCIATED PRESS"}, "snippet": "Purdue's recipe for an upset in the Big Ten Tournament was simple: exploit a few holes in Ohio State's game, then make some free throws....", "web_url": "https://www.nytimes.com/aponline/2017/03/04/sports/ncaabasketball/ap-bkw-t25-purdue-ohio-state.html", "news_desk": "None"}, {"lead_paragraph": "By showing energy levels, biometric data can help coaches decide who needs a rest or more work.", "section_name": "Sports", "slideshow_credits": null, "print_page": 0, "subsection_name": null, "pub_date": "2017-03-04T23:41:31+0000", "type_of_material": "News", "multimedia": [], "_id": "58bb50b395d0e024902fd922", "blog": [], "document_type": "article", "headline": {"print_headline": "Shooting Percentages? Device Tracks Players\u2019 Heart Rates", "main": "Shooting Percentages? Device Tracks Players\u2019 Heart Rates"}, "source": "The New York Times", "word_count": 579, "abstract": null, "keywords": [{"value": "Athletics and Sports", "isMajor": "N", "rank": 1, "name": "subject"}, {"value": "Science and Technology", "isMajor": "N", "rank": 2, "name": "subject"}, {"value": "Catapult Sports", "isMajor": "N", "rank": 3, "name": "organizations"}, {"value": "Biometrics", "isMajor": "N", "rank": 4, "name": "subject"}, {"value": "Wearable Computing", "isMajor": "N", "rank": 5, "name": "subject"}], "byline": {"person": [], "organization": "THE ASSOCIATED PRESS", "original": "By THE ASSOCIATED PRESS"}, "snippet": "By showing energy levels, biometric data can help coaches decide who needs a rest or more work....", "web_url": "https://www.nytimes.com/2017/03/04/sports/shooting-percentages-device-tracks-players-heart-rates.html", "news_desk": "Sports"}, {"lead_paragraph": "The wife of embattled French presidential candidate Francois Fillon said in an interview on Sunday that the work she had carried out for him was real and that she wanted him to continue his campaign until the end.", "section_name": "World", "slideshow_credits": null, "print_page": 0, "subsection_name": "Europe", "pub_date": "2017-03-04T23:30:27+0000", "type_of_material": "News", "multimedia": [], "_id": "58bb4e1795d0e024902fd921", "blog": [], "document_type": "article", "headline": {"print_headline": "French Presidential Candidate Fillon's Wife Says He Should Battle On", "main": "French Presidential Candidate Fillon's Wife Says He Should Battle On"}, "source": "Reuters", "word_count": 127, "abstract": null, "keywords": [], "byline": {"person": [], "organization": "REUTERS", "original": "By REUTERS"}, "snippet": "The wife of embattled French presidential candidate Francois Fillon said in an interview on Sunday that the work she had carried out for him was real and that she wanted him to continue his campaign until the end....", "web_url": "https://www.nytimes.com/reuters/2017/03/04/world/europe/04reuters-france-election-fillion-wife.html", "news_desk": "None"}, {"lead_paragraph": "Now that Johnathan Motley helped destroy Texas again, the Baylor junior is looking forward to a more historic challenge.", "section_name": "Sports", "slideshow_credits": null, "print_page": 0, "subsection_name": "College Basketball", "pub_date": "2017-03-04T23:24:52+0000", "type_of_material": "News", "multimedia": [], "_id": "58bb4cca95d0e024902fd91f", "blog": [], "document_type": "article", "headline": {"print_headline": "Motley Leads No. 11 Baylor Past Texas 75-64", "main": "Motley Leads No. 11 Baylor Past Texas 75-64"}, "source": "AP", "word_count": 652, "abstract": null, "keywords": [], "byline": {"person": [], "organization": "THE ASSOCIATED PRESS", "original": "By THE ASSOCIATED PRESS"}, "snippet": "Now that Johnathan Motley helped destroy Texas again, the Baylor junior is looking forward to a more historic challenge....", "web_url": "https://www.nytimes.com/aponline/2017/03/04/sports/ncaabasketball/ap-bkc-t25-baylor-texas.html", "news_desk": "None"}, {"lead_paragraph": "Kellyn Acosta scored in the 69th minute and FC Dallas beat the Los Angeles Galaxy 2-1 in a Major League Soccer opener Saturday.", "section_name": "Sports", "slideshow_credits": null, "print_page": 0, "subsection_name": "Soccer", "pub_date": "2017-03-04T23:24:50+0000", "type_of_material": "News", "multimedia": [], "_id": "58bb4ccb95d0e024902fd920", "blog": [], "document_type": "article", "headline": {"print_headline": "Acosta Scores in 69th, FC Dallas Beats LA Galaxy 2-1", "main": "Acosta Scores in 69th, FC Dallas Beats LA Galaxy 2-1"}, "source": "AP", "word_count": 172, "abstract": null, "keywords": [], "byline": {"person": [], "organization": "THE ASSOCIATED PRESS", "original": "By THE ASSOCIATED PRESS"}, "snippet": "Kellyn Acosta scored in the 69th minute and FC Dallas beat the Los Angeles Galaxy 2-1 in a Major League Soccer opener Saturday....", "web_url": "https://www.nytimes.com/aponline/2017/03/04/sports/soccer/bc-soc-mls-fc-dallas-galaxy.html", "news_desk": "None"}, {"lead_paragraph": "A hole-in-one boosted Justin Thomas to the lead after a wild third round at the WGC-Mexico Championship in Mexico City on Saturday, but three of the biggest names in the game are breathing down his neck.", "section_name": "Sports", "slideshow_credits": null, "print_page": 0, "subsection_name": "Golf", "pub_date": "2017-03-04T23:24:31+0000", "type_of_material": "News", "multimedia": [], "_id": "58bb4cb795d0e024902fd91e", "blog": [], "document_type": "article", "headline": {"print_headline": "No Doubting Thomas as Ace Boosts Him to WGC Lead", "main": "No Doubting Thomas as Ace Boosts Him to WGC Lead"}, "source": "Reuters", "word_count": 410, "abstract": null, "keywords": [], "byline": {"person": [], "organization": "REUTERS", "original": "By REUTERS"}, "snippet": "A hole-in-one boosted Justin Thomas to the lead after a wild third round at the WGC-Mexico Championship in Mexico City on Saturday, but three of the biggest names in the game are breathing down his neck....", "web_url": "https://www.nytimes.com/reuters/2017/03/04/sports/golf/04reuters-golf-pga.html", "news_desk": "None"}, {"lead_paragraph": "World indoor pole vault record holder Jenn Suhr withdrew from the U.S. championships on Saturday, saying she was frustrated with how American title meets are conducted.", "section_name": "Sports", "slideshow_credits": null, "print_page": 0, "subsection_name": null, "pub_date": "2017-03-04T23:24:27+0000", "type_of_material": "News", "multimedia": [], "_id": "58bb4cb295d0e024902fd91d", "blog": [], "document_type": "article", "headline": {"print_headline": "Athletics: Suhr Withdraws From U.S. Champs, Upset at How Meets Run", "main": "Athletics: Suhr Withdraws From U.S. Champs, Upset at How Meets Run"}, "source": "Reuters", "word_count": 287, "abstract": null, "keywords": [], "byline": {"person": [], "organization": "REUTERS", "original": "By REUTERS"}, "snippet": "World indoor pole vault record holder Jenn Suhr withdrew from the U.S. championships on Saturday, saying she was frustrated with how American title meets are conducted....", "web_url": "https://www.nytimes.com/reuters/2017/03/04/sports/04reuters-athletics-usa-suhr.html", "news_desk": "None"}]}}