{"status": "OK", "copyright": "Copyright (c) 2013 The New York Times Company.  All Rights Reserved.", "response": {"meta": {"hits": 16084808, "time": 208, "offset": 1010}, "docs": [{"lead_paragraph": "An author fighting ovarian cancer who may not have long to live has offered up her husband in a tear-jerking essay: \"If you're looking for a dreamy, let's-go-for-it travel companion, Jason is your man.\"", "section_name": "U.S.", "slideshow_credits": null, "print_page": 0, "subsection_name": null, "pub_date": "2017-03-03T17:51:53+0000", "type_of_material": "News", "multimedia": [], "_id": "58b9ad3e95d0e024902fd677", "blog": [], "document_type": "article", "headline": {"print_headline": "Dying Author Pens Essay With Dating Profile of Husband", "main": "Dying Author Pens Essay With Dating Profile of Husband"}, "source": "AP", "word_count": 372, "abstract": null, "keywords": [], "byline": {"person": [], "organization": "THE ASSOCIATED PRESS", "original": "By THE ASSOCIATED PRESS"}, "snippet": "An author fighting ovarian cancer who may not have long to live has offered up her husband in a tear-jerking essay: \"If you're looking for a dreamy, let's-go-for-it travel companion, Jason is your man.\"...", "web_url": "https://www.nytimes.com/aponline/2017/03/03/us/ap-us-dying-letter-dating-profile.html", "news_desk": "None"}, {"lead_paragraph": "Sanford Health, one of the largest health systems in the country, is partnering with the flagship hospital of the Miami Children's Health System to sequence the genes of nearly 1,000 Latinos and Hispanics in order to better understand the health needs of the populations.", "section_name": "U.S.", "slideshow_credits": null, "print_page": 0, "subsection_name": null, "pub_date": "2017-03-03T17:49:15+0000", "type_of_material": "News", "multimedia": [], "_id": "58b9aca195d0e024902fd676", "blog": [], "document_type": "article", "headline": {"print_headline": "Sanford Health, Hospital Partner on Gene Sequencing Project", "main": "Sanford Health, Hospital Partner on Gene Sequencing Project"}, "source": "AP", "word_count": 260, "abstract": null, "keywords": [], "byline": {"person": [], "organization": "THE ASSOCIATED PRESS", "original": "By THE ASSOCIATED PRESS"}, "snippet": "Sanford Health, one of the largest health systems in the country, is partnering with the flagship hospital of the Miami Children's Health System to sequence the genes of nearly 1,000 Latinos and Hispanics in order to better understand the health n...", "web_url": "https://www.nytimes.com/aponline/2017/03/03/us/ap-us-sanford-health-sequencing-genes.html", "news_desk": "None"}, {"lead_paragraph": "Jonas Kaufmann has canceled at the Metropolitan Opera yet again, this time nearly a year in advance.", "section_name": "Arts", "slideshow_credits": null, "print_page": 0, "subsection_name": null, "pub_date": "2017-03-03T17:49:14+0000", "type_of_material": "News", "multimedia": [], "_id": "58b9aca195d0e024902fd675", "blog": [], "document_type": "article", "headline": {"print_headline": "Tenor Jonas Kaufmann Cancels at Met Opera Yet Again", "main": "Tenor Jonas Kaufmann Cancels at Met Opera Yet Again"}, "source": "AP", "word_count": 362, "abstract": null, "keywords": [], "byline": {"person": [], "organization": "THE ASSOCIATED PRESS", "original": "By THE ASSOCIATED PRESS"}, "snippet": "Jonas Kaufmann has canceled at the Metropolitan Opera yet again, this time nearly a year in advance....", "web_url": "https://www.nytimes.com/aponline/2017/03/03/arts/ap-us-met-opera-kaufmann-cancels.html", "news_desk": "None"}, {"lead_paragraph": "A U.S. appeals court on Friday ruled to lift protections that kept gray wolves an endangered species in Wyoming for years after federal officials removed packs in neighboring states from that list.", "section_name": "U.S.", "slideshow_credits": null, "print_page": 0, "subsection_name": null, "pub_date": "2017-03-03T17:48:55+0000", "type_of_material": "News", "multimedia": [], "_id": "58b9ac8e95d0e024902fd674", "blog": [], "document_type": "article", "headline": {"print_headline": "Court Rules to Lift Federal Protections for Wyoming Wolves", "main": "Court Rules to Lift Federal Protections for Wyoming Wolves"}, "source": "AP", "word_count": 536, "abstract": null, "keywords": [], "byline": {"person": [], "organization": "THE ASSOCIATED PRESS", "original": "By THE ASSOCIATED PRESS"}, "snippet": "A U.S. appeals court on Friday ruled to lift protections that kept gray wolves an endangered species in Wyoming for years after federal officials removed packs in neighboring states from that list....", "web_url": "https://www.nytimes.com/aponline/2017/03/03/us/ap-us-gray-wolf-wyoming.html", "news_desk": "None"}, {"lead_paragraph": "An 88-year-old Pennsylvania woman says she talked an attacker out of raping her by lying to him that she was HIV-positive.", "section_name": "U.S.", "slideshow_credits": null, "print_page": 0, "subsection_name": null, "pub_date": "2017-03-03T17:48:54+0000", "type_of_material": "News", "multimedia": [], "_id": "58b9ac8d95d0e024902fd673", "blog": [], "document_type": "article", "headline": {"print_headline": "88-Year-Old Woman Stops Rape by Claiming to Be HIV-Positive", "main": "88-Year-Old Woman Stops Rape by Claiming to Be HIV-Positive"}, "source": "AP", "word_count": 133, "abstract": null, "keywords": [], "byline": {"person": [], "organization": "THE ASSOCIATED PRESS", "original": "By THE ASSOCIATED PRESS"}, "snippet": "An 88-year-old Pennsylvania woman says she talked an attacker out of raping her by lying to him that she was HIV-positive....", "web_url": "https://www.nytimes.com/aponline/2017/03/03/us/ap-us-attempted-rape-hiv-lie.html", "news_desk": "None"}, {"lead_paragraph": "Readers react to an essay about the Bible, a review of recent graphic books about the Middle East and more.", "section_name": "Books", "slideshow_credits": null, "print_page": 5, "subsection_name": "Book Review", "pub_date": "2017-03-03T17:47:56+0000", "type_of_material": "Letter", "multimedia": [], "_id": "58b9ac5295d0e024902fd672", "blog": [], "document_type": "article", "headline": {"kicker": "", "content_kicker": "", "print_headline": "", "main": "Letters to the Editor"}, "source": "The New York Times", "word_count": 947, "abstract": null, "keywords": [{"value": "Books and Literature", "isMajor": "N", "rank": 1, "name": "subject"}], "byline": [], "snippet": "Readers react to an essay about the Bible, a review of recent graphic books about the Middle East and more....", "web_url": "https://www.nytimes.com/2017/03/03/books/review/letters-to-the-editor.html", "news_desk": "BookReview"}, {"lead_paragraph": "As part of a sustained assault on the extremist group known as al-Qaida in the Arabian Peninsula, U.S. warplanes have launched more than 30 airstrikes in Yemen the past two days, a Pentagon spokesman said Friday.", "section_name": "U.S.", "slideshow_credits": null, "print_page": 0, "subsection_name": "Politics", "pub_date": "2017-03-03T17:46:13+0000", "type_of_material": "News", "multimedia": [], "_id": "58b9abeb95d0e024902fd671", "blog": [], "document_type": "article", "headline": {"print_headline": "Pentagon: More Than 30 Airstrikes in Yemen Since Thursday", "main": "Pentagon: More Than 30 Airstrikes in Yemen Since Thursday"}, "source": "AP", "word_count": 478, "abstract": null, "keywords": [], "byline": {"person": [], "organization": "THE ASSOCIATED PRESS", "original": "By THE ASSOCIATED PRESS"}, "snippet": "As part of a sustained assault on the extremist group known as al-Qaida in the Arabian Peninsula, U.S. warplanes have launched more than 30 airstrikes in Yemen the past two days, a Pentagon spokesman said Friday....", "web_url": "https://www.nytimes.com/aponline/2017/03/03/us/politics/ap-us-united-states-yemen.html", "news_desk": "None"}, {"lead_paragraph": "Sterling Bank &lt;STERLNB.LG&gt; will abandon plans to buy a rival because of the high costs of doing an acquisition and focus instead on organic growth driven by retail customers, its chief financial officer said.", "section_name": "Business Day", "slideshow_credits": null, "print_page": 0, "subsection_name": null, "pub_date": "2017-03-03T17:42:27+0000", "type_of_material": "News", "multimedia": [], "_id": "58b9ab0b95d0e024902fd670", "blog": [], "document_type": "article", "headline": {"print_headline": "Sterling Bank Drops M&A Plans for Retail-Driven Growth", "main": "Sterling Bank Drops M&A Plans for Retail-Driven Growth"}, "source": "Reuters", "word_count": 497, "abstract": null, "keywords": [], "byline": {"person": [], "organization": "REUTERS", "original": "By REUTERS"}, "snippet": "Sterling Bank &lt;STERLNB.LG&gt; will abandon plans to buy a rival because of the high costs of doing an acquisition and focus instead on organic growth driven by retail customers, its chief financial officer said....", "web_url": "https://www.nytimes.com/reuters/2017/03/03/business/03reuters-nigeria-sterling-bank.html", "news_desk": "None"}, {"lead_paragraph": "A court security officer in Maine has been placed on leave while under investigation for sending a cellphone photo of a defense attorney's notes to a prosecutor.", "section_name": "U.S.", "slideshow_credits": null, "print_page": 0, "subsection_name": null, "pub_date": "2017-03-03T17:39:53+0000", "type_of_material": "News", "multimedia": [], "_id": "58b9aa7395d0e024902fd66f", "blog": [], "document_type": "article", "headline": {"print_headline": "Court Officer Investigated for Photographing Lawyer's Notes", "main": "Court Officer Investigated for Photographing Lawyer's Notes"}, "source": "AP", "word_count": 141, "abstract": null, "keywords": [], "byline": {"person": [], "organization": "THE ASSOCIATED PRESS", "original": "By THE ASSOCIATED PRESS"}, "snippet": "A court security officer in Maine has been placed on leave while under investigation for sending a cellphone photo of a defense attorney's notes to a prosecutor....", "web_url": "https://www.nytimes.com/aponline/2017/03/03/us/ap-us-defense-notes-cellphone-photo.html", "news_desk": "None"}, {"lead_paragraph": "With electricity demand in Brazil slashed by the harshest recession in a century, the government is evaluating an innovative kind of power auction - to allow companies to bid for the right to cancel licenses to build plants.", "section_name": "Business Day", "slideshow_credits": null, "print_page": 0, "subsection_name": null, "pub_date": "2017-03-03T17:39:28+0000", "type_of_material": "News", "multimedia": [], "_id": "58b9aa5e95d0e024902fd66e", "blog": [], "document_type": "article", "headline": {"print_headline": "With Power Demand Weak, Brazil Mulls an Auction to Cancel Projects", "main": "With Power Demand Weak, Brazil Mulls an Auction to Cancel Projects"}, "source": "Reuters", "word_count": 742, "abstract": null, "keywords": [], "byline": {"person": [], "organization": "REUTERS", "original": "By REUTERS"}, "snippet": "With electricity demand in Brazil slashed by the harshest recession in a century, the government is evaluating an innovative kind of power auction - to allow companies to bid for the right to cancel licenses to build plants....", "web_url": "https://www.nytimes.com/reuters/2017/03/03/business/03reuters-brazil-power-auction-analysis.html", "news_desk": "None"}]}}