{"copyright": "Copyright (c) 2013 The New York Times Company.  All Rights Reserved.", "response": {"meta": {"time": 217, "hits": 16084461, "offset": 1000}, "docs": [{"keywords": [], "word_count": 602, "web_url": "https://www.nytimes.com/aponline/2017/03/03/world/asia/ap-as-south-china-sea-us-military.html", "news_desk": "None", "slideshow_credits": null, "pub_date": "2017-03-03T10:24:41+0000", "subsection_name": "Asia Pacific", "lead_paragraph": "America will continue to patrol the South China Sea to ensure freedom of navigation and overflight in the disputed region, a U.S. admiral said Friday amid questions whether U.S. involvement in one of Asia's potential flashpoints will change.", "abstract": null, "headline": {"main": "US Admiral in Disputed South China Sea: 'We Will Be Here'", "print_headline": "US Admiral in Disputed South China Sea: 'We Will Be Here'"}, "type_of_material": "News", "blog": [], "document_type": "article", "source": "AP", "print_page": 0, "snippet": "America will continue to patrol the South China Sea to ensure freedom of navigation and overflight in the disputed region, a U.S. admiral said Friday amid questions whether U.S. involvement in one of Asia's potential flashpoints will change....", "byline": {"original": "By THE ASSOCIATED PRESS", "person": [], "organization": "THE ASSOCIATED PRESS"}, "section_name": "World", "multimedia": [], "_id": "58b9447295d0e024902fd525"}, {"keywords": [], "word_count": 424, "web_url": "https://www.nytimes.com/aponline/2017/03/03/business/ap-eu-europe-economy.html", "news_desk": "None", "slideshow_credits": null, "pub_date": "2017-03-03T10:24:37+0000", "subsection_name": null, "lead_paragraph": "The 19-country eurozone economy is growing at its fastest rate since 2011, according to a survey released Friday, but few economists expect the European Central Bank to ease up on its stimulus efforts anytime soon given political uncertainties that could derail the recovery.", "abstract": null, "headline": {"main": "Eurozone Growth Running at Fastest Rate Since 2011", "print_headline": "Eurozone Growth Running at Fastest Rate Since 2011"}, "type_of_material": "News", "blog": [], "document_type": "article", "source": "AP", "print_page": 0, "snippet": "The 19-country eurozone economy is growing at its fastest rate since 2011, according to a survey released Friday, but few economists expect the European Central Bank to ease up on its stimulus efforts anytime soon given political uncertainties tha...", "byline": {"original": "By THE ASSOCIATED PRESS", "person": [], "organization": "THE ASSOCIATED PRESS"}, "section_name": "Business Day", "multimedia": [], "_id": "58b9446d95d0e024902fd524"}, {"keywords": [], "word_count": 846, "web_url": "https://www.nytimes.com/reuters/2017/03/03/business/03reuters-southkorea-politics-samsung-group-legal.html", "news_desk": "None", "slideshow_credits": null, "pub_date": "2017-03-03T10:24:35+0000", "subsection_name": null, "lead_paragraph": "Samsung chief Jay Y. Lee has handpicked 13 top lawyers to defend him against charges of bribing the South Korean president, nearly all of them former judges or prosecutors, according to the court where one of the richest men in the country will be tried.", "abstract": null, "headline": {"main": "Star-Studded Legal Team Will Seek to Save Samsung Chief", "print_headline": "Star-Studded Legal Team Will Seek to Save Samsung Chief"}, "type_of_material": "News", "blog": [], "document_type": "article", "source": "Reuters", "print_page": 0, "snippet": "Samsung chief Jay Y. Lee has handpicked 13 top lawyers to defend him against charges of bribing the South Korean president, nearly all of them former judges or prosecutors, according to the court where one of the richest men in the country will be...", "byline": {"original": "By REUTERS", "person": [], "organization": "REUTERS"}, "section_name": "Business Day", "multimedia": [], "_id": "58b9446895d0e024902fd523"}, {"keywords": [], "word_count": 474, "web_url": "https://www.nytimes.com/reuters/2017/03/03/business/03reuters-eurozone-economy-pmi.html", "news_desk": "None", "slideshow_credits": null, "pub_date": "2017-03-03T10:24:30+0000", "subsection_name": null, "lead_paragraph": "Activity in euro zone businesses grew at its quickest pace in nearly six years in February and job creation reached its fastest in almost a decade, driven by robust demand and exports, a survey found.", "abstract": null, "headline": {"main": "Euro Zone February Business Growth Fastest in Nearly Six Years: PMI", "print_headline": "Euro Zone February Business Growth Fastest in Nearly Six Years: PMI"}, "type_of_material": "News", "blog": [], "document_type": "article", "source": "Reuters", "print_page": 0, "snippet": "Activity in euro zone businesses grew at its quickest pace in nearly six years in February and job creation reached its fastest in almost a decade, driven by robust demand and exports, a survey found....", "byline": {"original": "By REUTERS", "person": [], "organization": "REUTERS"}, "section_name": "Business Day", "multimedia": [], "_id": "58b9446795d0e024902fd522"}, {"keywords": [], "word_count": 278, "web_url": "https://www.nytimes.com/reuters/2017/03/03/business/03reuters-eurozone-economy-retail.html", "news_desk": "None", "slideshow_credits": null, "pub_date": "2017-03-03T10:24:28+0000", "subsection_name": null, "lead_paragraph": "Euro zone monthly retail sales fell in January for the third consecutive month, against market expectations of a rise, estimates released by Eurostat on Friday showed, in a sign of lower consumer appetite for spending as prices go up.", "abstract": null, "headline": {"main": "Euro Zone January Retail Sales Unexpectedly Drop for Third Straight Month", "print_headline": "Euro Zone January Retail Sales Unexpectedly Drop for Third Straight Month"}, "type_of_material": "News", "blog": [], "document_type": "article", "source": "Reuters", "print_page": 0, "snippet": "Euro zone monthly retail sales fell in January for the third consecutive month, against market expectations of a rise, estimates released by Eurostat on Friday showed, in a sign of lower consumer appetite for spending as prices go up....", "byline": {"original": "By REUTERS", "person": [], "organization": "REUTERS"}, "section_name": "Business Day", "multimedia": [], "_id": "58b9446395d0e024902fd521"}, {"keywords": [], "word_count": 389, "web_url": "https://www.nytimes.com/reuters/2017/03/03/world/asia/03reuters-saudi-asia-indonesia.html", "news_desk": "None", "slideshow_credits": null, "pub_date": "2017-03-03T10:21:31+0000", "subsection_name": "Asia Pacific", "lead_paragraph": "Saudi Arabia's King Salman has embraced the \"selfie\", taking part in a number of light-hearted self-shot pictures and videos during his tour of Asia that contrast with the pomp and formality of most of the octogenarian monarch's trips abroad.", "abstract": null, "headline": {"main": "Saudi King Salman Embraces 'Selfie' on Tour Across Asia", "print_headline": "Saudi King Salman Embraces 'Selfie' on Tour Across Asia"}, "type_of_material": "News", "blog": [], "document_type": "article", "source": "Reuters", "print_page": 0, "snippet": "Saudi Arabia's King Salman has embraced the \"selfie\", taking part in a number of light-hearted self-shot pictures and videos during his tour of Asia that contrast with the pomp and formality of most of the octogenarian monarch's trips abroad....", "byline": {"original": "By REUTERS", "person": [], "organization": "REUTERS"}, "section_name": "World", "multimedia": [], "_id": "58b943b195d0e024902fd520"}, {"keywords": [], "word_count": 437, "web_url": "https://www.nytimes.com/reuters/2017/03/03/world/asia/03reuters-philippines-drugs.html", "news_desk": "None", "slideshow_credits": null, "pub_date": "2017-03-03T10:21:30+0000", "subsection_name": "Asia Pacific", "lead_paragraph": "A senator and detained critic of Philippine President Rodrigo Duterte's war on drugs has warned he and his \"blind followers\" will pay for ignoring alleged extrajudicial killings, and should stop trying to fool the world their crackdown was above board.", "abstract": null, "headline": {"main": "Philippines' Duterte Will Pay Price for Drugs Killings, Detained Senator Says", "print_headline": "Philippines' Duterte Will Pay Price for Drugs Killings, Detained Senator Says"}, "type_of_material": "News", "blog": [], "document_type": "article", "source": "Reuters", "print_page": 0, "snippet": "A senator and detained critic of Philippine President Rodrigo Duterte's war on drugs has warned he and his \"blind followers\" will pay for ignoring alleged extrajudicial killings, and should stop trying to fool the world their crackdown was above b...", "byline": {"original": "By REUTERS", "person": [], "organization": "REUTERS"}, "section_name": "World", "multimedia": [], "_id": "58b943af95d0e024902fd51f"}, {"keywords": [], "word_count": 269, "web_url": "https://www.nytimes.com/aponline/2017/03/03/world/asia/ap-as-china-india-dalai-lama.html", "news_desk": "None", "slideshow_credits": null, "pub_date": "2017-03-03T10:18:34+0000", "subsection_name": "Asia Pacific", "lead_paragraph": "China is warning of \"severe damage\" to relations with India and increased regional instability if exiled Tibetan leader the Dalai Lama proceeds with a visit to a disputed area along their still-unsettled border.", "abstract": null, "headline": {"main": "China Says Dalai Lama Border Visit Would Damage India Ties", "print_headline": "China Says Dalai Lama Border Visit Would Damage India Ties"}, "type_of_material": "News", "blog": [], "document_type": "article", "source": "AP", "print_page": 0, "snippet": "China is warning of \"severe damage\" to relations with India and increased regional instability if exiled Tibetan leader the Dalai Lama proceeds with a visit to a disputed area along their still-unsettled border....", "byline": {"original": "By THE ASSOCIATED PRESS", "person": [], "organization": "THE ASSOCIATED PRESS"}, "section_name": "World", "multimedia": [], "_id": "58b9430595d0e024902fd51e"}, {"keywords": [], "word_count": 420, "web_url": "https://www.nytimes.com/reuters/2017/03/03/sports/cricket/03reuters-cricket-india-kohli.html", "news_desk": "None", "slideshow_credits": null, "pub_date": "2017-03-03T10:18:27+0000", "subsection_name": "Cricket", "lead_paragraph": "India have learnt their lessons from the debacle in Pune and will not repeat the mistakes in the second test against Australia, captain Virat Kohli said on Friday.", "abstract": null, "headline": {"main": "'Hurt' India Will Not Repeat Pune Mistakes, Vows Kohli", "print_headline": "'Hurt' India Will Not Repeat Pune Mistakes, Vows Kohli"}, "type_of_material": "News", "blog": [], "document_type": "article", "source": "Reuters", "print_page": 0, "snippet": "India have learnt their lessons from the debacle in Pune and will not repeat the mistakes in the second test against Australia, captain Virat Kohli said on Friday....", "byline": {"original": "By REUTERS", "person": [], "organization": "REUTERS"}, "section_name": "Sports", "multimedia": [], "_id": "58b942fb95d0e024902fd51d"}, {"keywords": [], "word_count": 631, "web_url": "https://www.nytimes.com/aponline/2017/03/03/us/ap-snap-ipo-high-school.html", "news_desk": "None", "slideshow_credits": null, "pub_date": "2017-03-03T10:15:35+0000", "subsection_name": null, "lead_paragraph": "Bake sales and car washes?", "abstract": null, "headline": {"main": "Oh Snap! Silicon Valley School Makes $24M Off of Investment", "print_headline": "Oh Snap! Silicon Valley School Makes $24M Off of Investment"}, "type_of_material": "News", "blog": [], "document_type": "article", "source": "AP", "print_page": 0, "snippet": "Bake sales and car washes?...", "byline": {"original": "By THE ASSOCIATED PRESS", "person": [], "organization": "THE ASSOCIATED PRESS"}, "section_name": "U.S.", "multimedia": [], "_id": "58b9424c95d0e024902fd51c"}]}, "status": "OK"}