{"status": "OK", "copyright": "Copyright (c) 2013 The New York Times Company.  All Rights Reserved.", "response": {"meta": {"hits": 16084813, "time": 120, "offset": 200}, "docs": [{"lead_paragraph": "The decision on whether or not to return the Syrian pilot who ejected into Turkey will be made following his treatment, a Turkish Cabinet minister said Sunday.", "section_name": "World", "slideshow_credits": null, "print_page": 0, "subsection_name": "Europe", "pub_date": "2017-03-05T09:09:34+0000", "type_of_material": "News", "multimedia": [], "_id": "58bbd5d495d0e024902fd9b6", "blog": [], "document_type": "article", "headline": {"print_headline": "Turkey Rescues Pilot of Syrian Jet That Crashed on Border", "main": "Turkey Rescues Pilot of Syrian Jet That Crashed on Border"}, "source": "AP", "word_count": 223, "abstract": null, "keywords": [], "byline": {"person": [], "organization": "THE ASSOCIATED PRESS", "original": "By THE ASSOCIATED PRESS"}, "snippet": "The decision on whether or not to return the Syrian pilot who ejected into Turkey will be made following his treatment, a Turkish Cabinet minister said Sunday....", "web_url": "https://www.nytimes.com/aponline/2017/03/05/world/europe/ap-eu-turkey-syria-plane.html", "news_desk": "None"}, {"lead_paragraph": "Malaysia has arrested six foreigners and one Malaysian for suspected links to militant groups including Islamic State, the police chief said on Sunday. ", "section_name": "World", "slideshow_credits": null, "print_page": 0, "subsection_name": "Asia Pacific", "pub_date": "2017-03-05T09:09:30+0000", "type_of_material": "News", "multimedia": [], "_id": "58bbd5d495d0e024902fd9b7", "blog": [], "document_type": "article", "headline": {"print_headline": "Malaysia Arrests Seven for Suspected Links to Militant Groups", "main": "Malaysia Arrests Seven for Suspected Links to Militant Groups"}, "source": "Reuters", "word_count": 268, "abstract": null, "keywords": [], "byline": {"person": [], "organization": "REUTERS", "original": "By REUTERS"}, "snippet": "Malaysia has arrested six foreigners and one Malaysian for suspected links to militant groups including Islamic State, the police chief said on Sunday....", "web_url": "https://www.nytimes.com/reuters/2017/03/05/world/asia/05reuters-malaysia-security-arrests.html", "news_desk": "None"}, {"lead_paragraph": "British Prime Minister Theresa May is unlikely to bow to political expedience in Brexit negotiations but will make up her own mind about what she believes is best and refuse to give ground - that's if past form is anything to go by. ", "section_name": "World", "slideshow_credits": null, "print_page": 0, "subsection_name": "Europe", "pub_date": "2017-03-05T09:09:30+0000", "type_of_material": "News", "multimedia": [], "_id": "58bbd5d595d0e024902fd9b8", "blog": [], "document_type": "article", "headline": {"print_headline": "Battle-Hardened in Britain, May Prepares for Brexit Talks", "main": "Battle-Hardened in Britain, May Prepares for Brexit Talks"}, "source": "Reuters", "word_count": 944, "abstract": null, "keywords": [], "byline": {"person": [], "organization": "REUTERS", "original": "By REUTERS"}, "snippet": "British Prime Minister Theresa May is unlikely to bow to political expedience in Brexit negotiations but will make up her own mind about what she believes is best and refuse to give ground - that's if past form is anything to go by....", "web_url": "https://www.nytimes.com/reuters/2017/03/05/world/europe/05reuters-britain-eu-may.html", "news_desk": "None"}, {"lead_paragraph": "An Israeli newspaper is reporting that Prime Minister Benjamin Netanyahu offered the country's opposition leader a unity government late last year that would promote a regional peace initiative &#8212; before backing out.", "section_name": "World", "slideshow_credits": null, "print_page": 0, "subsection_name": "Middle East", "pub_date": "2017-03-05T09:06:33+0000", "type_of_material": "News", "multimedia": [], "_id": "58bbd51f95d0e024902fd9b5", "blog": [], "document_type": "article", "headline": {"print_headline": "Report: Israeli Leader Briefly Offered Pro-Peace Government", "main": "Report: Israeli Leader Briefly Offered Pro-Peace Government"}, "source": "AP", "word_count": 131, "abstract": null, "keywords": [], "byline": {"person": [], "organization": "THE ASSOCIATED PRESS", "original": "By THE ASSOCIATED PRESS"}, "snippet": "An Israeli newspaper is reporting that Prime Minister Benjamin Netanyahu offered the country's opposition leader a unity government late last year that would promote a regional peace initiative &#8212; before backing out....", "web_url": "https://www.nytimes.com/aponline/2017/03/05/world/middleeast/ap-ml-israel-palestinians.html", "news_desk": "None"}, {"lead_paragraph": "Nigerian pirates have released seven Russian and one Ukrainian sailors after they were captured last month on the cargo ship the BBC Caribbean, Russian news agencies reported on Sunday, citing a human rights activist in Crimea.", "section_name": "World", "slideshow_credits": null, "print_page": 0, "subsection_name": "Europe", "pub_date": "2017-03-05T08:57:27+0000", "type_of_material": "News", "multimedia": [], "_id": "58bbd30d95d0e024902fd9b4", "blog": [], "document_type": "article", "headline": {"print_headline": "Pirates in Nigeria Release Russian, Ukrainian Sailors: Agencies", "main": "Pirates in Nigeria Release Russian, Ukrainian Sailors: Agencies"}, "source": "Reuters", "word_count": 137, "abstract": null, "keywords": [], "byline": {"person": [], "organization": "REUTERS", "original": "By REUTERS"}, "snippet": "Nigerian pirates have released seven Russian and one Ukrainian sailors after they were captured last month on the cargo ship the BBC Caribbean, Russian news agencies reported on Sunday, citing a human rights activist in Crimea....", "web_url": "https://www.nytimes.com/reuters/2017/03/05/world/europe/05reuters-nigeria-piracy-ukraine-russia.html", "news_desk": "None"}, {"lead_paragraph": "Pakistan tightened security in the city of Lahore ahead of a hugely anticipated final of its domestic cricket league on Sunday, pushing ahead with a rare high-profile match despite a recent spike in Islamist violence.", "section_name": "Sports", "slideshow_credits": null, "print_page": 0, "subsection_name": "Cricket", "pub_date": "2017-03-05T08:54:28+0000", "type_of_material": "News", "multimedia": [], "_id": "58bbd24c95d0e024902fd9b3", "blog": [], "document_type": "article", "headline": {"print_headline": "After Bombs, Pakistan Tightens Security for Rare Major Cricket Match", "main": "After Bombs, Pakistan Tightens Security for Rare Major Cricket Match"}, "source": "Reuters", "word_count": 425, "abstract": null, "keywords": [], "byline": {"person": [], "organization": "REUTERS", "original": "By REUTERS"}, "snippet": "Pakistan tightened security in the city of Lahore ahead of a hugely anticipated final of its domestic cricket league on Sunday, pushing ahead with a rare high-profile match despite a recent spike in Islamist violence....", "web_url": "https://www.nytimes.com/reuters/2017/03/05/sports/cricket/05reuters-cricket-pakistan.html", "news_desk": "None"}, {"lead_paragraph": "China has cut its growth target this year as the world's second-largest economy pushes through painful reforms to address a rapid build-up in debt, and erects a \"firewall\" against financial risks.", "section_name": "Business Day", "slideshow_credits": null, "print_page": 0, "subsection_name": null, "pub_date": "2017-03-05T08:45:29+0000", "type_of_material": "News", "multimedia": [], "_id": "58bbd03195d0e024902fd9b2", "blog": [], "document_type": "article", "headline": {"print_headline": "China Cuts Growth Goal, Puts Focus on Reform and 'Firewall' Against Risks", "main": "China Cuts Growth Goal, Puts Focus on Reform and 'Firewall' Against Risks"}, "source": "Reuters", "word_count": 860, "abstract": null, "keywords": [], "byline": {"person": [], "organization": "REUTERS", "original": "By REUTERS"}, "snippet": "China has cut its growth target this year as the world's second-largest economy pushes through painful reforms to address a rapid build-up in debt, and erects a \"firewall\" against financial risks....", "web_url": "https://www.nytimes.com/reuters/2017/03/05/business/05reuters-china-parliament.html", "news_desk": "None"}, {"lead_paragraph": "Leading Bollywood filmmaker Karan Johar said Sunday that he's become a parent to twins born via surrogate.", "section_name": "Arts", "slideshow_credits": null, "print_page": 0, "subsection_name": null, "pub_date": "2017-03-05T08:33:34+0000", "type_of_material": "News", "multimedia": [], "_id": "58bbcd6295d0e024902fd9b1", "blog": [], "document_type": "article", "headline": {"print_headline": "Indian Filmmaker Karan Johar Has Twins via Surrogate", "main": "Indian Filmmaker Karan Johar Has Twins via Surrogate"}, "source": "AP", "word_count": 171, "abstract": null, "keywords": [], "byline": {"person": [], "organization": "THE ASSOCIATED PRESS", "original": "By THE ASSOCIATED PRESS"}, "snippet": "Leading Bollywood filmmaker Karan Johar said Sunday that he's become a parent to twins born via surrogate....", "web_url": "https://www.nytimes.com/aponline/2017/03/05/arts/ap-as-india-filmmaker-surrogacy.html", "news_desk": "None"}, {"lead_paragraph": "At a circular booth in the middle of the Trump International Hotel's balcony restaurant, President Donald Trump dined on his steak &#8212; well-done, with ketchup &#8212; while chatting with British Brexit politician Nigel Farage.", "section_name": "U.S.", "slideshow_credits": null, "print_page": 0, "subsection_name": "Politics", "pub_date": "2017-03-05T08:27:34+0000", "type_of_material": "News", "multimedia": [], "_id": "58bbcbfc95d0e024902fd9b0", "blog": [], "document_type": "article", "headline": {"print_headline": "Trump Hotel May Be Political Capital of the Nation's Capital", "main": "Trump Hotel May Be Political Capital of the Nation's Capital"}, "source": "AP", "word_count": 1166, "abstract": null, "keywords": [], "byline": {"person": [], "organization": "THE ASSOCIATED PRESS", "original": "By THE ASSOCIATED PRESS"}, "snippet": "At a circular booth in the middle of the Trump International Hotel's balcony restaurant, President Donald Trump dined on his steak &#8212; well-done, with ketchup &#8212; while chatting with British Brexit politician Nigel Farage....", "web_url": "https://www.nytimes.com/aponline/2017/03/05/us/politics/ap-us-trump-hotel.html", "news_desk": "None"}, {"lead_paragraph": "Former world number one Park In-bee wielded a red-hot putter on her way to a tournament-record eight-under 64 that catapulted the Korean to a one-shot victory at the HSBC Women's Champions on Sunday.", "section_name": "Sports", "slideshow_credits": null, "print_page": 0, "subsection_name": "Golf", "pub_date": "2017-03-05T08:27:30+0000", "type_of_material": "News", "multimedia": [], "_id": "58bbcbf595d0e024902fd9af", "blog": [], "document_type": "article", "headline": {"print_headline": "Brilliant Park Storms to Victory in Singapore", "main": "Brilliant Park Storms to Victory in Singapore"}, "source": "Reuters", "word_count": 466, "abstract": null, "keywords": [], "byline": {"person": [], "organization": "REUTERS", "original": "By REUTERS"}, "snippet": "Former world number one Park In-bee wielded a red-hot putter on her way to a tournament-record eight-under 64 that catapulted the Korean to a one-shot victory at the HSBC Women's Champions on Sunday....", "web_url": "https://www.nytimes.com/reuters/2017/03/05/sports/golf/05reuters-golf-lpga.html", "news_desk": "None"}]}}