{"copyright": "Copyright (c) 2013 The New York Times Company.  All Rights Reserved.", "status": "OK", "response": {"meta": {"offset": 200, "time": 176, "hits": 16085757}, "docs": [{"abstract": null, "pub_date": "2017-03-06T21:24:58+0000", "snippet": "A Florida woman asked Monday to be excluded from a proposed settlement with President Donald Trump over fraud allegations at his now-defunct Trump University, setting the stage for a possible trial if a federal judge agrees....", "web_url": "https://www.nytimes.com/aponline/2017/03/06/us/ap-us-trump-university.html", "document_type": "article", "headline": {"print_headline": "Woman Seeks Right to Trial in Trump University Case", "main": "Woman Seeks Right to Trial in Trump University Case"}, "subsection_name": null, "byline": {"organization": "THE ASSOCIATED PRESS", "person": [], "original": "By THE ASSOCIATED PRESS"}, "section_name": "U.S.", "print_page": 0, "keywords": [], "news_desk": "None", "blog": [], "_id": "58bdd3b295d0e024902fdd6c", "multimedia": [], "source": "AP", "word_count": 480, "lead_paragraph": "A Florida woman asked Monday to be excluded from a proposed settlement with President Donald Trump over fraud allegations at his now-defunct Trump University, setting the stage for a possible trial if a federal judge agrees.", "type_of_material": "News", "slideshow_credits": null}, {"abstract": null, "pub_date": "2017-03-06T21:24:57+0000", "snippet": "Israeli media outlets reported Monday that parliament has approved a bill prohibiting entry to foreign activists calling for a boycott against the country....", "web_url": "https://www.nytimes.com/aponline/2017/03/06/world/middleeast/ap-ml-israel-bds-entry-ban.html", "document_type": "article", "headline": {"print_headline": "Media: Israel OK's Bill Banning Foreign Boycott Activists", "main": "Media: Israel OK's Bill Banning Foreign Boycott Activists"}, "subsection_name": "Middle East", "byline": {"organization": "THE ASSOCIATED PRESS", "person": [], "original": "By THE ASSOCIATED PRESS"}, "section_name": "World", "print_page": 0, "keywords": [], "news_desk": "None", "blog": [], "_id": "58bdd3b295d0e024902fdd6b", "multimedia": [], "source": "AP", "word_count": 352, "lead_paragraph": "Israeli media outlets reported Monday that parliament has approved a bill prohibiting entry to foreign activists calling for a boycott against the country.", "type_of_material": "News", "slideshow_credits": null}, {"abstract": null, "pub_date": "2017-03-06T21:24:50+0000", "snippet": "Pennsylvania's top state Senate Democrat said Monday that no ransom has been paid to resolve a cyberattack that shut down the caucus' network and prompted an FBI investigation....", "web_url": "https://www.nytimes.com/aponline/2017/03/06/us/ap-us-pennsylvania-senate-cyberattack.html", "document_type": "article", "headline": {"print_headline": "Pennsylvania Senate Democrats Resist Ransom in Cyberattack", "main": "Pennsylvania Senate Democrats Resist Ransom in Cyberattack"}, "subsection_name": null, "byline": {"organization": "THE ASSOCIATED PRESS", "person": [], "original": "By THE ASSOCIATED PRESS"}, "section_name": "U.S.", "print_page": 0, "keywords": [], "news_desk": "None", "blog": [], "_id": "58bdd3aa95d0e024902fdd6a", "multimedia": [], "source": "AP", "word_count": 391, "lead_paragraph": "Pennsylvania's top state Senate Democrat said Monday that no ransom has been paid to resolve a cyberattack that shut down the caucus' network and prompted an FBI investigation.", "type_of_material": "News", "slideshow_credits": null}, {"abstract": null, "pub_date": "2017-03-06T21:24:31+0000", "snippet": "Highlights of the day for U.S. President Donald Trump's administration on Monday:...", "web_url": "https://www.nytimes.com/reuters/2017/03/06/world/asia/06reuters-usa-trump-highlights.html", "document_type": "article", "headline": {"print_headline": "Highlights: The Trump Presidency on March 6 at 7:50 P.m. EST", "main": "Highlights: The Trump Presidency on March 6 at 7:50 P.m. EST"}, "subsection_name": "Asia Pacific", "byline": {"organization": "REUTERS", "person": [], "original": "By REUTERS"}, "section_name": "World", "print_page": 0, "keywords": [], "news_desk": "None", "blog": [], "_id": "58bdd39395d0e024902fdd69", "multimedia": [], "source": "Reuters", "word_count": 425, "lead_paragraph": "Highlights of the day for U.S. President Donald Trump's administration on Monday:", "type_of_material": "News", "slideshow_credits": null}, {"abstract": null, "pub_date": "2017-03-06T21:23:03+0000", "snippet": "A Vietnam veteran writes that he wasn\u2019t interested in political debates about the war....", "web_url": "https://www.nytimes.com/2017/03/06/opinion/a-veterans-story.html", "document_type": "article", "headline": {"content_kicker": "Letter", "print_headline": "A Veteran\u2019s Story", "main": "A Veteran\u2019s Story", "kicker": "Letter"}, "subsection_name": null, "byline": [], "section_name": "Opinion", "print_page": 0, "keywords": [{"isMajor": "N", "rank": 1, "name": "glocations", "value": "Vietnam"}], "news_desk": "Letters", "blog": [], "_id": "58bdd33b95d0e024902fdd68", "multimedia": [{"rank": 0, "url": "images/2017/02/26/opinion/sunday/26holbert/26holbert-thumbStandard.jpg", "width": 75, "height": 75, "type": "image", "legacy": {"thumbnailwidth": 75, "thumbnail": "images/2017/02/26/opinion/sunday/26holbert/26holbert-thumbStandard.jpg", "thumbnailheight": 75}, "subtype": "thumbnail"}, {"rank": 0, "url": "images/2017/02/26/opinion/sunday/26holbert/26holbert-articleLarge.jpg", "width": 600, "height": 341, "type": "image", "legacy": {"xlarge": "images/2017/02/26/opinion/sunday/26holbert/26holbert-articleLarge.jpg", "xlargeheight": 341, "xlargewidth": 600}, "subtype": "xlarge"}, {"rank": 0, "url": "images/2017/02/26/opinion/sunday/26holbert/26holbert-thumbWide.jpg", "width": 190, "height": 126, "type": "image", "legacy": {"wideheight": 126, "wide": "images/2017/02/26/opinion/sunday/26holbert/26holbert-thumbWide.jpg", "widewidth": 190}, "subtype": "wide"}], "source": "The New York Times", "word_count": 146, "lead_paragraph": "A Vietnam veteran writes that he wasn\u2019t interested in political debates about the war.", "type_of_material": "Letter", "slideshow_credits": null}, {"abstract": null, "pub_date": "2017-03-06T21:21:54+0000", "snippet": "It took about three minutes for the majority of the crowd at Florida Congressman Tom Rooney's town hall meeting Monday to start booing about everything from the environment to health care....", "web_url": "https://www.nytimes.com/aponline/2017/03/06/us/ap-us-town-hall-rooney.html", "document_type": "article", "headline": {"print_headline": "Florida Congressman Faces Raucous Crowd at Town Hall Meeting", "main": "Florida Congressman Faces Raucous Crowd at Town Hall Meeting"}, "subsection_name": null, "byline": {"organization": "THE ASSOCIATED PRESS", "person": [], "original": "By THE ASSOCIATED PRESS"}, "section_name": "U.S.", "print_page": 0, "keywords": [], "news_desk": "None", "blog": [], "_id": "58bdd2f995d0e024902fdd67", "multimedia": [], "source": "AP", "word_count": 604, "lead_paragraph": "It took about three minutes for the majority of the crowd at Florida Congressman Tom Rooney's town hall meeting Monday to start booing about everything from the environment to health care.", "type_of_material": "News", "slideshow_credits": null}, {"abstract": null, "pub_date": "2017-03-06T21:21:51+0000", "snippet": "A corruption scandal that has spread across Latin America is inching closer to Colombian President Juan Manuel Santos amid new evidence that suggests a Brazilian construction company paid $1 million for an opinion poll carried out during his re-el...", "web_url": "https://www.nytimes.com/aponline/2017/03/06/world/americas/ap-lt-colombia-odebrecht-santos.html", "document_type": "article", "headline": {"print_headline": "Colombia's Santos May Have Received Odebrecht Contributions", "main": "Colombia's Santos May Have Received Odebrecht Contributions"}, "subsection_name": "Americas", "byline": {"organization": "THE ASSOCIATED PRESS", "person": [], "original": "By THE ASSOCIATED PRESS"}, "section_name": "World", "print_page": 0, "keywords": [], "news_desk": "None", "blog": [], "_id": "58bdd2f295d0e024902fdd66", "multimedia": [], "source": "AP", "word_count": 427, "lead_paragraph": "A corruption scandal that has spread across Latin America is inching closer to Colombian President Juan Manuel Santos amid new evidence that suggests a Brazilian construction company paid $1 million for an opinion poll carried out during his re-election campaign.", "type_of_material": "News", "slideshow_credits": null}, {"abstract": null, "pub_date": "2017-03-06T21:18:53+0000", "snippet": "Cleveland Cavaliers star LeBron James is showing his sensitive side by admitting he cries during some movies and apologizing to his wife for sometimes losing sight of his family's role in his quest for greatness....", "web_url": "https://www.nytimes.com/aponline/2017/03/06/us/ap-us-lebron-james-sensitive-side-.html", "document_type": "article", "headline": {"print_headline": "'Real Men Cry': LeBron James Says He Cries at Some Movies", "main": "'Real Men Cry': LeBron James Says He Cries at Some Movies"}, "subsection_name": null, "byline": {"organization": "THE ASSOCIATED PRESS", "person": [], "original": "By THE ASSOCIATED PRESS"}, "section_name": "U.S.", "print_page": 0, "keywords": [], "news_desk": "None", "blog": [], "_id": "58bdd24495d0e024902fdd65", "multimedia": [], "source": "AP", "word_count": 132, "lead_paragraph": "Cleveland Cavaliers star LeBron James is showing his sensitive side by admitting he cries during some movies and apologizing to his wife for sometimes losing sight of his family's role in his quest for greatness.", "type_of_material": "News", "slideshow_credits": null}, {"abstract": null, "pub_date": "2017-03-06T21:15:51+0000", "snippet": "Honking horns, pulsing percussion and chanting crowds will transform Marlins Park into a Caribbean-style carnival this week for the World Baseball Classic....", "web_url": "https://www.nytimes.com/aponline/2017/03/06/sports/baseball/ap-bbi-wbc-injury-concerns.html", "document_type": "article", "headline": {"print_headline": "A WBC Tradition _ MLB Teams Worry About Players Getting Hurt", "main": "A WBC Tradition _ MLB Teams Worry About Players Getting Hurt"}, "subsection_name": "Baseball", "byline": {"organization": "THE ASSOCIATED PRESS", "person": [], "original": "By THE ASSOCIATED PRESS"}, "section_name": "Sports", "print_page": 0, "keywords": [], "news_desk": "None", "blog": [], "_id": "58bdd19095d0e024902fdd64", "multimedia": [], "source": "AP", "word_count": 818, "lead_paragraph": "Honking horns, pulsing percussion and chanting crowds will transform Marlins Park into a Caribbean-style carnival this week for the World Baseball Classic.", "type_of_material": "News", "slideshow_credits": null}, {"abstract": null, "pub_date": "2017-03-06T21:15:49+0000", "snippet": "Former Sen. Douglas Henry, a larger-than-life lawmaker with the longest tenure in Tennessee General Assembly history, has died. He was 90....", "web_url": "https://www.nytimes.com/aponline/2017/03/06/us/ap-us-obit-douglas-henry-abridged.html", "document_type": "article", "headline": {"print_headline": "Former Sen. Douglas Henry, Longest-Serving Lawmaker, Dies", "main": "Former Sen. Douglas Henry, Longest-Serving Lawmaker, Dies"}, "subsection_name": null, "byline": {"organization": "THE ASSOCIATED PRESS", "person": [], "original": "By THE ASSOCIATED PRESS"}, "section_name": "U.S.", "print_page": 0, "keywords": [], "news_desk": "None", "blog": [], "_id": "58bdd18e95d0e024902fdd63", "multimedia": [], "source": "AP", "word_count": 423, "lead_paragraph": "Former Sen. Douglas Henry, a larger-than-life lawmaker with the longest tenure in Tennessee General Assembly history, has died. He was 90.", "type_of_material": "News", "slideshow_credits": null}]}}