{"status": "OK", "response": {"docs": [{"subsection_name": null, "byline": {"organization": "REUTERS", "person": [], "original": "By REUTERS"}, "source": "Reuters", "slideshow_credits": null, "keywords": [], "print_page": 0, "document_type": "article", "multimedia": [], "blog": [], "section_name": "Business Day", "word_count": 446, "web_url": "https://www.nytimes.com/reuters/2017/03/06/business/06reuters-britain-eu-frankfurt.html", "pub_date": "2017-03-06T12:30:27+0000", "lead_paragraph": "Britain would be \"naive\" to expect generous trade deals when it quits the European Union, the German minister responsible for its financial centre said on Monday, adding that Frankfurt would grab business from London.", "type_of_material": "News", "news_desk": "None", "snippet": "Britain would be \"naive\" to expect generous trade deals when it quits the European Union, the German minister responsible for its financial centre said on Monday, adding that Frankfurt would grab business from London....", "_id": "58bd566895d0e024902fdbfe", "abstract": null, "headline": {"main": "German Minister Warns UK Over Trade, Predicts Frankfurt to Gain", "print_headline": "German Minister Warns UK Over Trade, Predicts Frankfurt to Gain"}}, {"subsection_name": "Middle East", "byline": {"organization": "REUTERS", "person": [], "original": "By REUTERS"}, "source": "Reuters", "slideshow_credits": null, "keywords": [], "print_page": 0, "document_type": "article", "multimedia": [], "blog": [], "section_name": "World", "word_count": 327, "web_url": "https://www.nytimes.com/reuters/2017/03/06/world/middleeast/06reuters-bahrain-security.html", "pub_date": "2017-03-06T12:24:30+0000", "lead_paragraph": "Bahrain's justice ministry took steps on Monday to dissolve a major opposition group it accuses of supporting terrorism, state news agency BNA reported, filing a lawsuit the group said was an attempt by the government to stamp out dissent.", "type_of_material": "News", "news_desk": "None", "snippet": "Bahrain's justice ministry took steps on Monday to dissolve a major opposition group it accuses of supporting terrorism, state news agency BNA reported, filing a lawsuit the group said was an attempt by the government to stamp out dissent....", "_id": "58bd550395d0e024902fdbfd", "abstract": null, "headline": {"main": "Bahrain Moves to Dissolve Main Opposition Group", "print_headline": "Bahrain Moves to Dissolve Main Opposition Group"}}, {"subsection_name": "Europe", "byline": {"organization": "THE ASSOCIATED PRESS", "person": [], "original": "By THE ASSOCIATED PRESS"}, "source": "AP", "slideshow_credits": null, "keywords": [], "print_page": 0, "document_type": "article", "multimedia": [], "blog": [], "section_name": "World", "word_count": 129, "web_url": "https://www.nytimes.com/aponline/2017/03/06/world/europe/ap-eu-austria-headscarves.html", "pub_date": "2017-03-06T12:18:42+0000", "lead_paragraph": "Austrian government officials are criticizing a recommendation by the country's Islamic leaders that Muslim women wear a headscarf with the onset of puberty.", "type_of_material": "News", "news_desk": "None", "snippet": "Austrian government officials are criticizing a recommendation by the country's Islamic leaders that Muslim women wear a headscarf with the onset of puberty....", "_id": "58bd53a995d0e024902fdbfc", "abstract": null, "headline": {"main": "Austrian Govt Criticizes Headscarf Advice for Muslim Women", "print_headline": "Austrian Govt Criticizes Headscarf Advice for Muslim Women"}}, {"subsection_name": null, "byline": {"organization": "THE ASSOCIATED PRESS", "person": [], "original": "By THE ASSOCIATED PRESS"}, "source": "AP", "slideshow_credits": null, "keywords": [], "print_page": 0, "document_type": "article", "multimedia": [], "blog": [], "section_name": "Business Day", "word_count": 854, "web_url": "https://www.nytimes.com/aponline/2017/03/06/business/ap-us-exxon-new-ceo.html", "pub_date": "2017-03-06T12:18:35+0000", "lead_paragraph": "Darren Woods, the new CEO of Exxon Mobil, is a veteran of the more cautious refining side of the oil business who is likely to focus relentlessly on controlling costs.", "type_of_material": "News", "news_desk": "None", "snippet": "Darren Woods, the new CEO of Exxon Mobil, is a veteran of the more cautious refining side of the oil business who is likely to focus relentlessly on controlling costs....", "_id": "58bd53a195d0e024902fdbfb", "abstract": null, "headline": {"main": "New Exxon Chief Enters the Market, Cautiously", "print_headline": "New Exxon Chief Enters the Market, Cautiously"}}, {"subsection_name": "Europe", "byline": {"organization": "THE ASSOCIATED PRESS", "person": [], "original": "By THE ASSOCIATED PRESS"}, "source": "AP", "slideshow_credits": null, "keywords": [], "print_page": 0, "document_type": "article", "multimedia": [], "blog": [], "section_name": "World", "word_count": 586, "web_url": "https://www.nytimes.com/aponline/2017/03/06/world/europe/ap-eu-britain-high-heels.html", "pub_date": "2017-03-06T12:12:42+0000", "lead_paragraph": "British lawmakers focused on footwear Monday, asking whether employers should be able to make women wear high heels as part of a corporate dress code.", "type_of_material": "News", "news_desk": "None", "snippet": "British lawmakers focused on footwear Monday, asking whether employers should be able to make women wear high heels as part of a corporate dress code....", "_id": "58bd523d95d0e024902fdbfa", "abstract": null, "headline": {"main": "Are High Heel Dress Codes Sexist? UK Lawmakers Hold Debate", "print_headline": "Are High Heel Dress Codes Sexist? UK Lawmakers Hold Debate"}}, {"subsection_name": "Asia Pacific", "byline": {"organization": "THE ASSOCIATED PRESS", "person": [], "original": "By THE ASSOCIATED PRESS"}, "source": "AP", "slideshow_credits": null, "keywords": [], "print_page": 0, "document_type": "article", "multimedia": [], "blog": [], "section_name": "World", "word_count": 396, "web_url": "https://www.nytimes.com/aponline/2017/03/06/world/asia/ap-as-thailand-turtles-trouble.html", "pub_date": "2017-03-06T12:09:36+0000", "lead_paragraph": "Tossing coins in a fountain for luck is a popular superstition, but a similar belief brought misery to a sea turtle in Thailand from whom doctors have removed 915 coins.", "type_of_material": "News", "news_desk": "None", "snippet": "Tossing coins in a fountain for luck is a popular superstition, but a similar belief brought misery to a sea turtle in Thailand from whom doctors have removed 915 coins....", "_id": "58bd518595d0e024902fdbf8", "abstract": null, "headline": {"main": "Surgeons Remove 915 Coins Swallowed by Thai Sea Turtle", "print_headline": "Surgeons Remove 915 Coins Swallowed by Thai Sea Turtle"}}, {"subsection_name": null, "byline": {"organization": "REUTERS", "person": [], "original": "By REUTERS"}, "source": "Reuters", "slideshow_credits": null, "keywords": [], "print_page": 0, "document_type": "article", "multimedia": [], "blog": [], "section_name": "Business Day", "word_count": 146, "web_url": "https://www.nytimes.com/reuters/2017/03/06/business/06reuters-opel-m-a-psa-barra.html", "pub_date": "2017-03-06T12:09:32+0000", "lead_paragraph": "Prime Minister Theresa May told the chief executive of General Motors, Mary Barra, that she wanted to see jobs at two Vauxhall car plants in Britain secured for the long term during a phone call on Sunday, May's office said in a statement.", "type_of_material": "News", "news_desk": "None", "snippet": "Prime Minister Theresa May told the chief executive of General Motors, Mary Barra, that she wanted to see jobs at two Vauxhall car plants in Britain secured for the long term during a phone call on Sunday, May's office said in a statement....", "_id": "58bd518595d0e024902fdbf9", "abstract": null, "headline": {"main": "Britain's May Told GM CEO She Wants to See Vauxhall Jobs Protected", "print_headline": "Britain's May Told GM CEO She Wants to See Vauxhall Jobs Protected"}}, {"subsection_name": null, "byline": {"organization": "REUTERS", "person": [], "original": "By REUTERS"}, "source": "Reuters", "slideshow_credits": null, "keywords": [], "print_page": 0, "document_type": "article", "multimedia": [], "blog": [], "section_name": "Business Day", "word_count": 149, "web_url": "https://www.nytimes.com/reuters/2017/03/06/business/06reuters-deutschebank-capital-germany-government.html", "pub_date": "2017-03-06T12:09:30+0000", "lead_paragraph": "Germany welcomes efforts by banks to increase capital, the finance ministry said on Monday, declining to comment specifically on plans by Deutsche Bank to raise 8 billion euros ($8.47 billion) by issuing new shares. ", "type_of_material": "News", "news_desk": "None", "snippet": "Germany welcomes efforts by banks to increase capital, the finance ministry said on Monday, declining to comment specifically on plans by Deutsche Bank to raise 8 billion euros ($8.47 billion) by issuing new shares....", "_id": "58bd517f95d0e024902fdbf7", "abstract": null, "headline": {"main": "German Economy Benefits When Banks Strengthen Capital: FinMin", "print_headline": "German Economy Benefits When Banks Strengthen Capital: FinMin"}}, {"subsection_name": "Asia Pacific", "byline": {"organization": "REUTERS", "person": [], "original": "By REUTERS"}, "source": "Reuters", "slideshow_credits": null, "keywords": [], "print_page": 0, "document_type": "article", "multimedia": [], "blog": [], "section_name": "World", "word_count": 47, "web_url": "https://www.nytimes.com/reuters/2017/03/06/world/asia/06reuters-northkorea-missiles-france.html", "pub_date": "2017-03-06T12:06:29+0000", "lead_paragraph": "France on Monday condemned North Korea's firing of four ballistic missiles into the sea off Japan's northwest.", "type_of_material": "News", "news_desk": "None", "snippet": "France on Monday condemned North Korea's firing of four ballistic missiles into the sea off Japan's northwest....", "_id": "58bd50ca95d0e024902fdbf6", "abstract": null, "headline": {"main": "France Condemns North Korea Missile Test", "print_headline": "France Condemns North Korea Missile Test"}}, {"subsection_name": null, "byline": {"organization": "REUTERS", "person": [], "original": "By REUTERS"}, "source": "Reuters", "slideshow_credits": null, "keywords": [], "print_page": 0, "document_type": "article", "multimedia": [], "blog": [], "section_name": "Business Day", "word_count": 117, "web_url": "https://www.nytimes.com/reuters/2017/03/06/business/06reuters-opel-m-a-psa-may.html", "pub_date": "2017-03-06T12:03:35+0000", "lead_paragraph": "The British government has a long-term commitment to the future of the car industry and has made that clear to Peugeot, the new owner of the Vauxhall plants, a spokesman for Prime Minister Theresa May said on Monday.", "type_of_material": "News", "news_desk": "None", "snippet": "The British government has a long-term commitment to the future of the car industry and has made that clear to Peugeot, the new owner of the Vauxhall plants, a spokesman for Prime Minister Theresa May said on Monday....", "_id": "58bd502295d0e024902fdbf5", "abstract": null, "headline": {"main": "UK Committed to Keeping Car Industry Competitive: PM's May's Spokesman", "print_headline": "UK Committed to Keeping Car Industry Competitive: PM's May's Spokesman"}}], "meta": {"time": 176, "offset": 170, "hits": 16085363}}, "copyright": "Copyright (c) 2013 The New York Times Company.  All Rights Reserved."}