{"status": "OK", "copyright": "Copyright (c) 2013 The New York Times Company.  All Rights Reserved.", "response": {"meta": {"hits": 16084807, "time": 140, "offset": 140}, "docs": [{"lead_paragraph": "Turkish President Tayyip Erdogan accused Germany on Sunday of \"fascist actions\" reminiscent of Nazi times in a growing row over the cancellation of political rallies aimed at drumming up support for him among 1.5 million Turkish citizens in Germany.", "section_name": "World", "slideshow_credits": null, "print_page": 0, "subsection_name": "Europe", "pub_date": "2017-03-05T13:30:30+0000", "type_of_material": "News", "multimedia": [], "_id": "58bc12ff95d0e024902fd9f0", "blog": [], "document_type": "article", "headline": {"print_headline": "Turkey's Erdogan Compares German Behavior With Nazi Period", "main": "Turkey's Erdogan Compares German Behavior With Nazi Period"}, "source": "Reuters", "word_count": 707, "abstract": null, "keywords": [], "byline": {"person": [], "organization": "REUTERS", "original": "By REUTERS"}, "snippet": "Turkish President Tayyip Erdogan accused Germany on Sunday of \"fascist actions\" reminiscent of Nazi times in a growing row over the cancellation of political rallies aimed at drumming up support for him among 1.5 million Turkish citizens in German...", "web_url": "https://www.nytimes.com/reuters/2017/03/05/world/europe/05reuters-turkey-referendum-germany.html", "news_desk": "None"}, {"lead_paragraph": "Add one more to the list of things dividing left and right in this country: We can't even agree what it means to be an American.", "section_name": "U.S.", "slideshow_credits": null, "print_page": 0, "subsection_name": null, "pub_date": "2017-03-05T13:24:42+0000", "type_of_material": "News", "multimedia": [], "_id": "58bc11a395d0e024902fd9ef", "blog": [], "document_type": "article", "headline": {"print_headline": "AP-NORC Poll: Divided Americans Fret Country Losing Identity", "main": "AP-NORC Poll: Divided Americans Fret Country Losing Identity"}, "source": "AP", "word_count": 941, "abstract": null, "keywords": [], "byline": {"person": [], "organization": "THE ASSOCIATED PRESS", "original": "By THE ASSOCIATED PRESS"}, "snippet": "Add one more to the list of things dividing left and right in this country: We can't even agree what it means to be an American....", "web_url": "https://www.nytimes.com/aponline/2017/03/05/us/ap-us-ap-poll-american-identity.html", "news_desk": "None"}, {"lead_paragraph": "The Associated Press-NORC Center for Public Affairs Research poll on the national identity of the United States was conducted by NORC from Feb. 16-20. It is based on online and telephone interviews of 1,004 adults who are members of NORC's nationally representative AmeriSpeak panel.", "section_name": "U.S.", "slideshow_credits": null, "print_page": 0, "subsection_name": null, "pub_date": "2017-03-05T13:24:42+0000", "type_of_material": "News", "multimedia": [], "_id": "58bc11a395d0e024902fd9ee", "blog": [], "document_type": "article", "headline": {"print_headline": "How the AP-NORC Poll on American Identity Was Conducted", "main": "How the AP-NORC Poll on American Identity Was Conducted"}, "source": "AP", "word_count": 203, "abstract": null, "keywords": [], "byline": {"person": [], "organization": "THE ASSOCIATED PRESS", "original": "By THE ASSOCIATED PRESS"}, "snippet": "The Associated Press-NORC Center for Public Affairs Research poll on the national identity of the United States was conducted by NORC from Feb. 16-20. It is based on online and telephone interviews of 1,004 adults who are members of NORC's nationa...", "web_url": "https://www.nytimes.com/aponline/2017/03/05/us/ap-us-ap-poll-american-identity-method.html", "news_desk": "None"}, {"lead_paragraph": "When Paul Ryan, speaker of the U.S. House of Representatives, talks of social mobility, about helping struggling Americans move out of impoverished areas to give them greater opportunity, Shiva Daniels is the kind of person he has in mind.", "section_name": "Business Day", "slideshow_credits": null, "print_page": 0, "subsection_name": null, "pub_date": "2017-03-05T13:12:31+0000", "type_of_material": "News", "multimedia": [], "_id": "58bc0ec795d0e024902fd9ec", "blog": [], "document_type": "article", "headline": {"print_headline": "Out in the Cold: New U.S. Budget Priorities Threaten Housing Aid Programs", "main": "Out in the Cold: New U.S. Budget Priorities Threaten Housing Aid Programs"}, "source": "Reuters", "word_count": 1134, "abstract": null, "keywords": [], "byline": {"person": [], "organization": "REUTERS", "original": "By REUTERS"}, "snippet": "When Paul Ryan, speaker of the U.S. House of Representatives, talks of social mobility, about helping struggling Americans move out of impoverished areas to give them greater opportunity, Shiva Daniels is the kind of person he has in mind....", "web_url": "https://www.nytimes.com/reuters/2017/03/05/business/05reuters-usa-trump-housing.html", "news_desk": "None"}, {"lead_paragraph": "Australia are hoping to chase as little as they can in their fourth innings against India on a difficult pitch, opener Matt Renshaw said on Sunday, adding that the touring side were content with having batted for the entire second day.", "section_name": "Sports", "slideshow_credits": null, "print_page": 0, "subsection_name": "Cricket", "pub_date": "2017-03-05T13:12:28+0000", "type_of_material": "News", "multimedia": [], "_id": "58bc0ec795d0e024902fd9ed", "blog": [], "document_type": "article", "headline": {"print_headline": "Australia Content Having Batted Entire Day, Says Renshaw", "main": "Australia Content Having Batted Entire Day, Says Renshaw"}, "source": "Reuters", "word_count": 473, "abstract": null, "keywords": [], "byline": {"person": [], "organization": "REUTERS", "original": "By REUTERS"}, "snippet": "Australia are hoping to chase as little as they can in their fourth innings against India on a difficult pitch, opener Matt Renshaw said on Sunday, adding that the touring side were content with having batted for the entire second day....", "web_url": "https://www.nytimes.com/reuters/2017/03/05/sports/cricket/05reuters-cricket-india-australia-renshaw.html", "news_desk": "None"}, {"lead_paragraph": "An Associated Press review of Neil Gorsuch's (GOR'-suhch's) rulings as a federal judge finds that the Supreme Court nominee has shown a willingness to limit the participation of environmental groups in lawsuits involving public lands.", "section_name": "U.S.", "slideshow_credits": null, "print_page": 0, "subsection_name": null, "pub_date": "2017-03-05T13:03:37+0000", "type_of_material": "News", "multimedia": [], "_id": "58bc0cb295d0e024902fd9eb", "blog": [], "document_type": "article", "headline": {"print_headline": "Gorsuch Willing to Limit Environmental Groups in Land Cases", "main": "Gorsuch Willing to Limit Environmental Groups in Land Cases"}, "source": "AP", "word_count": 129, "abstract": null, "keywords": [], "byline": {"person": [], "organization": "THE ASSOCIATED PRESS", "original": "By THE ASSOCIATED PRESS"}, "snippet": "An Associated Press review of Neil Gorsuch's (GOR'-suhch's) rulings as a federal judge finds that the Supreme Court nominee has shown a willingness to limit the participation of environmental groups in lawsuits involving public lands....", "web_url": "https://www.nytimes.com/aponline/2017/03/05/us/ap-us-supreme-court-gorsuch-public-lands.html", "news_desk": "None"}, {"lead_paragraph": "Senior French conservative politicians will propose an alternative to presidential candidate Francois Fillon, a senior politician from The Republicans party said, suggesting that Alain Juppe was the only option. ", "section_name": "Business Day", "slideshow_credits": null, "print_page": 0, "subsection_name": null, "pub_date": "2017-03-05T13:03:32+0000", "type_of_material": "News", "multimedia": [], "_id": "58bc0cae95d0e024902fd9ea", "blog": [], "document_type": "article", "headline": {"print_headline": "French Conservative Party Heavyweights to Push for Fillon Alternative, Says Senior Politician", "main": "French Conservative Party Heavyweights to Push for Fillon Alternative, Says Senior Politician"}, "source": "Reuters", "word_count": 146, "abstract": null, "keywords": [], "byline": {"person": [], "organization": "REUTERS", "original": "By REUTERS"}, "snippet": "Senior French conservative politicians will propose an alternative to presidential candidate Francois Fillon, a senior politician from The Republicans party said, suggesting that Alain Juppe was the only option....", "web_url": "https://www.nytimes.com/reuters/2017/03/05/business/05reuters-france-election-estrosi.html", "news_desk": "None"}, {"lead_paragraph": "Pope Francis on Sunday called on people to carry and read the bible with as much dedication as they do their mobile phones.", "section_name": "Technology", "slideshow_credits": null, "print_page": 0, "subsection_name": null, "pub_date": "2017-03-05T13:03:29+0000", "type_of_material": "News", "multimedia": [], "_id": "58bc0ca695d0e024902fd9e9", "blog": [], "document_type": "article", "headline": {"print_headline": "Pope Says Carry and Read Bible as if It Were a Mobile Phone", "main": "Pope Says Carry and Read Bible as if It Were a Mobile Phone"}, "source": "Reuters", "word_count": 292, "abstract": null, "keywords": [], "byline": {"person": [], "organization": "REUTERS", "original": "By REUTERS"}, "snippet": "Pope Francis on Sunday called on people to carry and read the bible with as much dedication as they do their mobile phones....", "web_url": "https://www.nytimes.com/reuters/2017/03/05/technology/05reuters-pope-bible.html", "news_desk": "None"}, {"lead_paragraph": "As millions of Americans file their income tax returns, their chances of getting audited by the IRS have rarely been so low.", "section_name": "U.S.", "slideshow_credits": null, "print_page": 0, "subsection_name": "Politics", "pub_date": "2017-03-05T12:54:43+0000", "type_of_material": "News", "multimedia": [], "_id": "58bc0a9b95d0e024902fd9e8", "blog": [], "document_type": "article", "headline": {"print_headline": "Income Tax Audits Plummet as IRS Loses Agents to Budget Cuts", "main": "Income Tax Audits Plummet as IRS Loses Agents to Budget Cuts"}, "source": "AP", "word_count": 840, "abstract": null, "keywords": [], "byline": {"person": [], "organization": "THE ASSOCIATED PRESS", "original": "By THE ASSOCIATED PRESS"}, "snippet": "As millions of Americans file their income tax returns, their chances of getting audited by the IRS have rarely been so low....", "web_url": "https://www.nytimes.com/aponline/2017/03/05/us/politics/ap-us-irs-audits.html", "news_desk": "None"}, {"lead_paragraph": "Russian news reports say curious and pious people are visiting a bust of the last czar in the Crimean capital after reports spread that the sculpture appeared to be weeping.", "section_name": "World", "slideshow_credits": null, "print_page": 0, "subsection_name": "Europe", "pub_date": "2017-03-05T12:51:35+0000", "type_of_material": "News", "multimedia": [], "_id": "58bc09de95d0e024902fd9e7", "blog": [], "document_type": "article", "headline": {"print_headline": "Czar Bust in Crimea Reportedly Appears to Shed Tears", "main": "Czar Bust in Crimea Reportedly Appears to Shed Tears"}, "source": "AP", "word_count": 132, "abstract": null, "keywords": [], "byline": {"person": [], "organization": "THE ASSOCIATED PRESS", "original": "By THE ASSOCIATED PRESS"}, "snippet": "Russian news reports say curious and pious people are visiting a bust of the last czar in the Crimean capital after reports spread that the sculpture appeared to be weeping....", "web_url": "https://www.nytimes.com/aponline/2017/03/05/world/europe/ap-eu-crimea-weeping-bust.html", "news_desk": "None"}]}}