{"copyright": "Copyright (c) 2013 The New York Times Company.  All Rights Reserved.", "response": {"meta": {"time": 174, "hits": 16084464, "offset": 20}, "docs": [{"keywords": [{"value": "United States Soccer Federation", "isMajor": "N", "rank": 1, "name": "organizations"}, {"value": "Soccer", "isMajor": "N", "rank": 2, "name": "subject"}, {"value": "National Anthems", "isMajor": "N", "rank": 3, "name": "subject"}, {"value": "Rapinoe, Megan", "isMajor": "N", "rank": 4, "name": "persons"}], "word_count": 177, "web_url": "https://www.nytimes.com/2017/03/04/sports/soccer/usa-soccer-anthem-protest-megan-rapinoe.html", "news_desk": "Sports", "slideshow_credits": null, "pub_date": "2017-03-04T22:45:14+0000", "subsection_name": "Soccer", "lead_paragraph": "The penalties for failure to follow the policy were unclear.", "abstract": null, "headline": {"main": "U.S. Soccer Introduces a Rule That National Team Players Must Stand for the Anthem", "print_headline": "U.S. Soccer Introduces a Rule That National Team Players Must Stand for the Anthem"}, "type_of_material": "News", "blog": [], "document_type": "article", "source": "The New York Times", "print_page": 0, "snippet": "The penalties for failure to follow the policy were unclear....", "byline": {"original": "By AGENCE FRANCE-PRESS", "person": [], "organization": "AGENCE FRANCE-PRESS"}, "section_name": "Sports", "multimedia": [{"width": 75, "type": "image", "rank": 0, "subtype": "thumbnail", "legacy": {"thumbnailheight": 75, "thumbnailwidth": 75, "thumbnail": "images/2017/03/05/sports/05anthem-web1/05anthem-web1-thumbStandard.jpg"}, "height": 75, "url": "images/2017/03/05/sports/05anthem-web1/05anthem-web1-thumbStandard.jpg"}, {"width": 600, "type": "image", "rank": 0, "subtype": "xlarge", "legacy": {"xlargewidth": 600, "xlarge": "images/2017/03/05/sports/05anthem-web1/05anthem-web1-articleLarge.jpg", "xlargeheight": 406}, "height": 406, "url": "images/2017/03/05/sports/05anthem-web1/05anthem-web1-articleLarge.jpg"}, {"width": 190, "type": "image", "rank": 0, "subtype": "wide", "legacy": {"widewidth": 190, "wideheight": 126, "wide": "images/2017/03/05/sports/05anthem-web1/05anthem-web1-thumbWide.jpg"}, "height": 126, "url": "images/2017/03/05/sports/05anthem-web1/05anthem-web1-thumbWide.jpg"}], "_id": "58bb437f95d0e024902fd911"}, {"keywords": [], "word_count": 368, "web_url": "https://www.nytimes.com/aponline/2017/03/04/us/ap-us-firefighters-killed-station-sale.html", "news_desk": "None", "slideshow_credits": null, "pub_date": "2017-03-04T22:36:39+0000", "subsection_name": null, "lead_paragraph": "Prescott residents are trying to come up with a plan to save a fire station that housed 19 firefighters who died in a 2013 wildfire before the city decides to sell the building.", "abstract": null, "headline": {"main": "Plans for Slain Firefighting Crew's Station in the Works", "print_headline": "Plans for Slain Firefighting Crew's Station in the Works"}, "type_of_material": "News", "blog": [], "document_type": "article", "source": "AP", "print_page": 0, "snippet": "Prescott residents are trying to come up with a plan to save a fire station that housed 19 firefighters who died in a 2013 wildfire before the city decides to sell the building....", "byline": {"original": "By THE ASSOCIATED PRESS", "person": [], "organization": "THE ASSOCIATED PRESS"}, "section_name": "U.S.", "multimedia": [], "_id": "58bb417f95d0e024902fd910"}, {"keywords": [], "word_count": 194, "web_url": "https://www.nytimes.com/aponline/2017/03/04/sports/ncaabasketball/ap-bkw-t25-wichita-st-drake.html", "news_desk": "None", "slideshow_credits": null, "pub_date": "2017-03-04T22:24:44+0000", "subsection_name": "College Basketball", "lead_paragraph": "Lizzy Wendell scored 25 points, leading three Bulldogs to reach 20, and No. 22 Drake beat Wichita State 105-89 on Saturday, winning its 19th straight game and becoming the first team to go undefeated in Missouri Valley Conference regular-season play.", "abstract": null, "headline": {"main": "No. 22 Drake Women Finish Perfect MVC Regular Season", "print_headline": "No. 22 Drake Women Finish Perfect MVC Regular Season"}, "type_of_material": "News", "blog": [], "document_type": "article", "source": "AP", "print_page": 0, "snippet": "Lizzy Wendell scored 25 points, leading three Bulldogs to reach 20, and No. 22 Drake beat Wichita State 105-89 on Saturday, winning its 19th straight game and becoming the first team to go undefeated in Missouri Valley Conference regular-season pl...", "byline": {"original": "By THE ASSOCIATED PRESS", "person": [], "organization": "THE ASSOCIATED PRESS"}, "section_name": "Sports", "multimedia": [], "_id": "58bb3eb495d0e024902fd90f"}, {"keywords": [], "word_count": 86, "web_url": "https://www.nytimes.com/reuters/2017/03/04/world/europe/04reuters-france-election-fillon-poll.html", "news_desk": "None", "slideshow_credits": null, "pub_date": "2017-03-04T22:24:29+0000", "subsection_name": "Europe", "lead_paragraph": "More than two-thirds of French voters want conservative candidate Francois Fillon to withdraw his presidential bid following an alleged fake job's scandal, according to an Ifop poll for the weekly Journal du Dimanche newspaper.", "abstract": null, "headline": {"main": "Poll Shows 71 Percent of French Want Fillon to Quit Presidency Race", "print_headline": "Poll Shows 71 Percent of French Want Fillon to Quit Presidency Race"}, "type_of_material": "News", "blog": [], "document_type": "article", "source": "Reuters", "print_page": 0, "snippet": "More than two-thirds of French voters want conservative candidate Francois Fillon to withdraw his presidential bid following an alleged fake job's scandal, according to an Ifop poll for the weekly Journal du Dimanche newspaper....", "byline": {"original": "By REUTERS", "person": [], "organization": "REUTERS"}, "section_name": "World", "multimedia": [], "_id": "58bb3ea395d0e024902fd90e"}, {"keywords": [], "word_count": 437, "web_url": "https://www.nytimes.com/reuters/2017/03/04/business/04reuters-toronto-hydro-m-a-hydro-one.html", "news_desk": "None", "slideshow_credits": null, "pub_date": "2017-03-04T22:18:27+0000", "subsection_name": null, "lead_paragraph": "Canada's Hydro One Ltd is in talks to buy municipal electricity distributor Toronto Hydro Corp for about C$3 billion (1.82 billion pounds) as the city of Toronto explores options to finance various infrastructure projects, people with knowledge of the matter told Reuters.", "abstract": null, "headline": {"main": "Canada's Hydro One in Talks to Buy Toronto Hydro-Sources", "print_headline": "Canada's Hydro One in Talks to Buy Toronto Hydro-Sources"}, "type_of_material": "News", "blog": [], "document_type": "article", "source": "Reuters", "print_page": 0, "snippet": "Canada's Hydro One Ltd is in talks to buy municipal electricity distributor Toronto Hydro Corp for about C$3 billion (1.82 billion pounds) as the city of Toronto explores options to finance various infrastructure projects, people with knowledge of...", "byline": {"original": "By REUTERS", "person": [], "organization": "REUTERS"}, "section_name": "Business Day", "multimedia": [], "_id": "58bb3d3995d0e024902fd90d"}, {"keywords": [], "word_count": 311, "web_url": "https://www.nytimes.com/aponline/2017/03/04/us/ap-us-college-hawaiian-language.html", "news_desk": "None", "slideshow_credits": null, "pub_date": "2017-03-04T22:15:44+0000", "subsection_name": null, "lead_paragraph": "A University of Hawaii professor is working to get an entire curriculum at the university taught in Hawaiian to supplement the language courses taught to children across the state.", "abstract": null, "headline": {"main": "Professor Wants More College Classes Taught in Hawaiian", "print_headline": "Professor Wants More College Classes Taught in Hawaiian"}, "type_of_material": "News", "blog": [], "document_type": "article", "source": "AP", "print_page": 0, "snippet": "A University of Hawaii professor is working to get an entire curriculum at the university taught in Hawaiian to supplement the language courses taught to children across the state....", "byline": {"original": "By THE ASSOCIATED PRESS", "person": [], "organization": "THE ASSOCIATED PRESS"}, "section_name": "U.S.", "multimedia": [], "_id": "58bb3c9895d0e024902fd90c"}, {"keywords": [], "word_count": 428, "web_url": "https://www.nytimes.com/aponline/2017/03/04/sports/ap-car-nascar-xfinity-atlanta.html", "news_desk": "None", "slideshow_credits": null, "pub_date": "2017-03-04T22:07:00+0000", "subsection_name": null, "lead_paragraph": "After a bunch of close calls at Atlanta Motor Speedway, Kyle Busch has found the winning touch in the NASCAR Xfinity Series.", "abstract": null, "headline": {"main": "Kyle Busch Wins Atlanta Xfinity Race for 2nd Year in a Row", "print_headline": "Kyle Busch Wins Atlanta Xfinity Race for 2nd Year in a Row"}, "type_of_material": "News", "blog": [], "document_type": "article", "source": "AP", "print_page": 0, "snippet": "After a bunch of close calls at Atlanta Motor Speedway, Kyle Busch has found the winning touch in the NASCAR Xfinity Series....", "byline": {"original": "By THE ASSOCIATED PRESS", "person": [], "organization": "THE ASSOCIATED PRESS"}, "section_name": "Sports", "multimedia": [], "_id": "58bb3a8995d0e024902fd90b"}, {"keywords": [], "word_count": 537, "web_url": "https://www.nytimes.com/aponline/2017/03/04/sports/ap-hkw-us-women-no-coach.html", "news_desk": "None", "slideshow_credits": null, "pub_date": "2017-03-04T22:06:56+0000", "subsection_name": null, "lead_paragraph": "Longtime NHL defenseman Ken Klee is out as the coach of the U.S. women's hockey team after leading the Americans to gold medals at the last two world championships.", "abstract": null, "headline": {"main": "US Women's Hockey Team Lacks Coach With Olympics 1 Year Out", "print_headline": "US Women's Hockey Team Lacks Coach With Olympics 1 Year Out"}, "type_of_material": "News", "blog": [], "document_type": "article", "source": "AP", "print_page": 0, "snippet": "Longtime NHL defenseman Ken Klee is out as the coach of the U.S. women's hockey team after leading the Americans to gold medals at the last two world championships....", "byline": {"original": "By THE ASSOCIATED PRESS", "person": [], "organization": "THE ASSOCIATED PRESS"}, "section_name": "Sports", "multimedia": [], "_id": "58bb3a8995d0e024902fd90a"}, {"keywords": [], "word_count": 663, "web_url": "https://www.nytimes.com/aponline/2017/03/04/sports/ncaabasketball/ap-bkc-t25-seton-hall-butler.html", "news_desk": "None", "slideshow_credits": null, "pub_date": "2017-03-04T22:03:44+0000", "subsection_name": "College Basketball", "lead_paragraph": "Seton Hall certainly is making a late-season run at an NCAA Tournament berth.", "abstract": null, "headline": {"main": "Rodriguez, Delgado Help Seton Hall Edge No. 13 Butler", "print_headline": "Rodriguez, Delgado Help Seton Hall Edge No. 13 Butler"}, "type_of_material": "News", "blog": [], "document_type": "article", "source": "AP", "print_page": 0, "snippet": "Seton Hall certainly is making a late-season run at an NCAA Tournament berth....", "byline": {"original": "By THE ASSOCIATED PRESS", "person": [], "organization": "THE ASSOCIATED PRESS"}, "section_name": "Sports", "multimedia": [], "_id": "58bb39c595d0e024902fd909"}, {"keywords": [], "word_count": 224, "web_url": "https://www.nytimes.com/aponline/2017/03/04/us/ap-us-church-sues-railroad.html", "news_desk": "None", "slideshow_credits": null, "pub_date": "2017-03-04T22:00:36+0000", "subsection_name": null, "lead_paragraph": "An Iowa church has sued a railway company, alleging it built a rail line on its property without permission.", "abstract": null, "headline": {"main": "Iowa Church Sues Company Over Railroad Track on Its Property", "print_headline": "Iowa Church Sues Company Over Railroad Track on Its Property"}, "type_of_material": "News", "blog": [], "document_type": "article", "source": "AP", "print_page": 0, "snippet": "An Iowa church has sued a railway company, alleging it built a rail line on its property without permission....", "byline": {"original": "By THE ASSOCIATED PRESS", "person": [], "organization": "THE ASSOCIATED PRESS"}, "section_name": "U.S.", "multimedia": [], "_id": "58bb390a95d0e024902fd908"}]}, "status": "OK"}