{"status": "OK", "copyright": "Copyright (c) 2013 The New York Times Company.  All Rights Reserved.", "response": {"meta": {"hits": 16084813, "time": 217, "offset": 1190}, "docs": [{"lead_paragraph": "A U.N. human rights expert voiced alarm on Friday that U.S. President Donald Trump might allow torture in interrogations, warning that it \"lays down the gauntlet\" for other countries to follow suit.", "section_name": "U.S.", "slideshow_credits": null, "print_page": 0, "subsection_name": "Politics", "pub_date": "2017-03-03T14:30:31+0000", "type_of_material": "News", "multimedia": [], "_id": "58b97e1295d0e024902fd5c8", "blog": [], "document_type": "article", "headline": {"print_headline": "Trump Torture Remarks 'Lay Down Gauntlet' for Other States: U.N. Expert", "main": "Trump Torture Remarks 'Lay Down Gauntlet' for Other States: U.N. Expert"}, "source": "Reuters", "word_count": 424, "abstract": null, "keywords": [], "byline": {"person": [], "organization": "REUTERS", "original": "By REUTERS"}, "snippet": "A U.N. human rights expert voiced alarm on Friday that U.S. President Donald Trump might allow torture in interrogations, warning that it \"lays down the gauntlet\" for other countries to follow suit....", "web_url": "https://www.nytimes.com/reuters/2017/03/03/us/politics/03reuters-usa-trump-un-torture.html", "news_desk": "None"}, {"lead_paragraph": "Baylor women's basketball coach Kim Mulkey made a tearful apology for her recent controversial remarks about the school's sexual assault scandal.", "section_name": "Sports", "slideshow_credits": null, "print_page": 0, "subsection_name": "College Basketball", "pub_date": "2017-03-03T14:21:49+0000", "type_of_material": "News", "multimedia": [], "_id": "58b97c0195d0e024902fd5c7", "blog": [], "document_type": "article", "headline": {"print_headline": "Baylor's Mulkey Apologizes for Remarks About Assault Scandal", "main": "Baylor's Mulkey Apologizes for Remarks About Assault Scandal"}, "source": "AP", "word_count": 377, "abstract": null, "keywords": [], "byline": {"person": [], "organization": "THE ASSOCIATED PRESS", "original": "By THE ASSOCIATED PRESS"}, "snippet": "Baylor women's basketball coach Kim Mulkey made a tearful apology for her recent controversial remarks about the school's sexual assault scandal....", "web_url": "https://www.nytimes.com/aponline/2017/03/03/sports/ncaabasketball/ap-bkw-t25-baylor-mulkey-apology.html", "news_desk": "None"}, {"lead_paragraph": "Mercedes is recalling about 1 million cars and SUVs worldwide because a starter part can overheat and cause fires.", "section_name": "U.S.", "slideshow_credits": null, "print_page": 0, "subsection_name": null, "pub_date": "2017-03-03T14:21:37+0000", "type_of_material": "News", "multimedia": [], "_id": "58b97bf795d0e024902fd5c6", "blog": [], "document_type": "article", "headline": {"print_headline": "Mercedes Recalls 1M Vehicles Worldwide Due to Fire Risk", "main": "Mercedes Recalls 1M Vehicles Worldwide Due to Fire Risk"}, "source": "AP", "word_count": 171, "abstract": null, "keywords": [], "byline": {"person": [], "organization": "THE ASSOCIATED PRESS", "original": "By THE ASSOCIATED PRESS"}, "snippet": "Mercedes is recalling about 1 million cars and SUVs worldwide because a starter part can overheat and cause fires....", "web_url": "https://www.nytimes.com/aponline/2017/03/03/us/ap-us-mercedes-recall.html", "news_desk": "None"}, {"lead_paragraph": "Canada's Hudson's Bay Co, owner of the Lord &amp; Taylor and Saks Fifth Avenue retail chains, has yet to line up equity financing for a bid for Macy's Inc, over a month after approaching its U.S. peer, people familiar with the matter said.", "section_name": "Business Day", "slideshow_credits": null, "print_page": 0, "subsection_name": null, "pub_date": "2017-03-03T14:21:31+0000", "type_of_material": "News", "multimedia": [], "_id": "58b97bf395d0e024902fd5c5", "blog": [], "document_type": "article", "headline": {"print_headline": "Exclusive: Lord & Taylor Owner Hudson's Bay's Bid for Macy's Stumbles-Sources", "main": "Exclusive: Lord & Taylor Owner Hudson's Bay's Bid for Macy's Stumbles-Sources"}, "source": "Reuters", "word_count": 800, "abstract": null, "keywords": [], "byline": {"person": [], "organization": "REUTERS", "original": "By REUTERS"}, "snippet": "Canada's Hudson's Bay Co, owner of the Lord &amp; Taylor and Saks Fifth Avenue retail chains, has yet to line up equity financing for a bid for Macy's Inc, over a month after approaching its U.S. peer, people familiar with the matter said....", "web_url": "https://www.nytimes.com/reuters/2017/03/03/business/03reuters-macy-s-m-a-hudson-s-bay.html", "news_desk": "None"}, {"lead_paragraph": "The remains of babies, ranging from new-born to three-years-old, have been found in the sewers of a former Church-run home for unmarried mothers in Ireland, the government said on Friday.", "section_name": "World", "slideshow_credits": null, "print_page": 0, "subsection_name": "Europe", "pub_date": "2017-03-03T14:21:28+0000", "type_of_material": "News", "multimedia": [], "_id": "58b97bed95d0e024902fd5c4", "blog": [], "document_type": "article", "headline": {"print_headline": "Baby Remains Found at Former Church-Run Home for Unmarried Mothers", "main": "Baby Remains Found at Former Church-Run Home for Unmarried Mothers"}, "source": "Reuters", "word_count": 397, "abstract": null, "keywords": [], "byline": {"person": [], "organization": "REUTERS", "original": "By REUTERS"}, "snippet": "The remains of babies, ranging from new-born to three-years-old, have been found in the sewers of a former Church-run home for unmarried mothers in Ireland, the government said on Friday....", "web_url": "https://www.nytimes.com/reuters/2017/03/03/world/europe/03reuters-ireland-church-babies.html", "news_desk": "None"}, {"lead_paragraph": "The Capitol is suddenly awash with troublemakers and rebels &#8212; and that's just the Republicans.", "section_name": "U.S.", "slideshow_credits": null, "print_page": 0, "subsection_name": "Politics", "pub_date": "2017-03-03T14:18:47+0000", "type_of_material": "News", "multimedia": [], "_id": "58b97b4c95d0e024902fd5c3", "blog": [], "document_type": "article", "headline": {"print_headline": "Mischief in the Capitol as GOP Rebels Stir Up Trouble", "main": "Mischief in the Capitol as GOP Rebels Stir Up Trouble"}, "source": "AP", "word_count": 869, "abstract": null, "keywords": [], "byline": {"person": [], "organization": "THE ASSOCIATED PRESS", "original": "By THE ASSOCIATED PRESS"}, "snippet": "The Capitol is suddenly awash with troublemakers and rebels &#8212; and that's just the Republicans....", "web_url": "https://www.nytimes.com/aponline/2017/03/03/us/politics/ap-us-congress-troublemakers.html", "news_desk": "None"}, {"lead_paragraph": "Two years ago, Steve Ronnebeck's son was gunned down at work in a Phoenix-area convenience store over a pack of cigarettes. The man accused of pulling the trigger was an immigrant who was in the country illegally and had been released by federal authorities.", "section_name": "U.S.", "slideshow_credits": null, "print_page": 0, "subsection_name": null, "pub_date": "2017-03-03T14:15:40+0000", "type_of_material": "News", "multimedia": [], "_id": "58b97a9195d0e024902fd5c2", "blog": [], "document_type": "article", "headline": {"print_headline": "Victims of Immigrant Crime Now Have Advocate in White House", "main": "Victims of Immigrant Crime Now Have Advocate in White House"}, "source": "AP", "word_count": 857, "abstract": null, "keywords": [], "byline": {"person": [], "organization": "THE ASSOCIATED PRESS", "original": "By THE ASSOCIATED PRESS"}, "snippet": "Two years ago, Steve Ronnebeck's son was gunned down at work in a Phoenix-area convenience store over a pack of cigarettes. The man accused of pulling the trigger was an immigrant who was in the country illegally and had been released by federal a...", "web_url": "https://www.nytimes.com/aponline/2017/03/03/us/ap-us-immigration-crime-victims.html", "news_desk": "None"}, {"lead_paragraph": "When President Trump calls media outlets the enemy, it sends a message around the world.", "section_name": "Opinion", "slideshow_credits": null, "print_page": 0, "subsection_name": null, "pub_date": "2017-03-03T14:15:00+0000", "type_of_material": "Editorial", "multimedia": [], "_id": "58b97a7095d0e024902fd5c1", "blog": [], "document_type": "article", "headline": {"kicker": "Editorial", "content_kicker": "Editorial", "print_headline": "Autocrats see a green light", "main": "Autocrats See a Green Light"}, "source": "International New York Times", "word_count": 455, "abstract": null, "keywords": [{"value": "News and News Media", "isMajor": "N", "rank": 1, "name": "subject"}, {"value": "United States International Relations", "isMajor": "N", "rank": 2, "name": "subject"}], "byline": {"person": [], "organization": "THE EDITORIAL BOARD", "original": "By THE EDITORIAL BOARD"}, "snippet": "When President Trump calls media outlets the enemy, it sends a message around the world....", "web_url": "https://www.nytimes.com/2017/03/03/opinion/autocrats-see-a-green-light.html", "news_desk": "Editorial"}, {"lead_paragraph": "Authorities are trying to determine what caused a fast-moving fire that gutted four homes and damaged three other structures in a historic New Jersey shore community.", "section_name": "U.S.", "slideshow_credits": null, "print_page": 0, "subsection_name": null, "pub_date": "2017-03-03T14:12:39+0000", "type_of_material": "News", "multimedia": [], "_id": "58b979da95d0e024902fd5c0", "blog": [], "document_type": "article", "headline": {"print_headline": "Fire Guts 4 Homes, Damages 3 Others in New Jersey Shore Town", "main": "Fire Guts 4 Homes, Damages 3 Others in New Jersey Shore Town"}, "source": "AP", "word_count": 134, "abstract": null, "keywords": [], "byline": {"person": [], "organization": "THE ASSOCIATED PRESS", "original": "By THE ASSOCIATED PRESS"}, "snippet": "Authorities are trying to determine what caused a fast-moving fire that gutted four homes and damaged three other structures in a historic New Jersey shore community....", "web_url": "https://www.nytimes.com/aponline/2017/03/03/us/ap-us-ocean-grove-fire.html", "news_desk": "None"}, {"lead_paragraph": "South Africa's President Jacob Zuma will not suspend the head of the prosecution service for laying and then withdrawing corruption charges against Finance Minister Pravin Gordhan, the presidency said on Friday.", "section_name": "World", "slideshow_credits": null, "print_page": 0, "subsection_name": "Africa", "pub_date": "2017-03-03T14:12:29+0000", "type_of_material": "News", "multimedia": [], "_id": "58b979d795d0e024902fd5bf", "blog": [], "document_type": "article", "headline": {"print_headline": "South Africa's Zuma Won't Suspend Prosecutor Over Gordhan Charges", "main": "South Africa's Zuma Won't Suspend Prosecutor Over Gordhan Charges"}, "source": "Reuters", "word_count": 251, "abstract": null, "keywords": [], "byline": {"person": [], "organization": "REUTERS", "original": "By REUTERS"}, "snippet": "South Africa's President Jacob Zuma will not suspend the head of the prosecution service for laying and then withdrawing corruption charges against Finance Minister Pravin Gordhan, the presidency said on Friday....", "web_url": "https://www.nytimes.com/reuters/2017/03/03/world/africa/03reuters-safrica-zuma.html", "news_desk": "None"}]}}