{"status": "OK", "response": {"docs": [{"subsection_name": null, "byline": {"organization": "REUTERS", "person": [], "original": "By REUTERS"}, "source": "Reuters", "slideshow_credits": null, "keywords": [], "print_page": 0, "document_type": "article", "multimedia": [], "blog": [], "section_name": "U.S.", "word_count": 472, "web_url": "https://www.nytimes.com/reuters/2017/03/05/us/05reuters-usa-muslims-oklahoma.html", "pub_date": "2017-03-05T19:45:27+0000", "lead_paragraph": "Muslim students visiting an Oklahoma lawmaker's office in the state capitol were required to fill out a form that asked if they beat their wives and other questions that offended them, an Islamic advocacy group said.", "type_of_material": "News", "news_desk": "None", "snippet": "Muslim students visiting an Oklahoma lawmaker's office in the state capitol were required to fill out a form that asked if they beat their wives and other questions that offended them, an Islamic advocacy group said....", "_id": "58bc6ae495d0e024902fda6d", "abstract": null, "headline": {"main": "Muslim Students Asked 'Do You Beat Your Wife?' by Oklahoma Lawmaker", "print_headline": "Muslim Students Asked 'Do You Beat Your Wife?' by Oklahoma Lawmaker"}}, {"subsection_name": null, "byline": {"organization": "REUTERS", "person": [], "original": "By REUTERS"}, "source": "Reuters", "slideshow_credits": null, "keywords": [], "print_page": 0, "document_type": "article", "multimedia": [], "blog": [], "section_name": "Arts", "word_count": 419, "web_url": "https://www.nytimes.com/reuters/2017/03/05/arts/05reuters-burkina-filmfestival-director.html", "pub_date": "2017-03-05T19:42:27+0000", "lead_paragraph": "Burkina Faso film director Apolline Woye Traore, who won three prizes at the country's prestigious Fespaco festival on Saturday, knows a thing or two about challenges. ", "type_of_material": "News", "news_desk": "None", "snippet": "Burkina Faso film director Apolline Woye Traore, who won three prizes at the country's prestigious Fespaco festival on Saturday, knows a thing or two about challenges....", "_id": "58bc6a2995d0e024902fda6c", "abstract": null, "headline": {"main": "Burkina Faso Director Gives African Women Authentic Voice", "print_headline": "Burkina Faso Director Gives African Women Authentic Voice"}}, {"subsection_name": "Europe", "byline": {"organization": "THE ASSOCIATED PRESS", "person": [], "original": "By THE ASSOCIATED PRESS"}, "source": "AP", "slideshow_credits": null, "keywords": [], "print_page": 0, "document_type": "article", "multimedia": [], "blog": [], "section_name": "World", "word_count": 128, "web_url": "https://www.nytimes.com/aponline/2017/03/05/world/europe/ap-eu-romania-protest.html", "pub_date": "2017-03-05T19:33:34+0000", "lead_paragraph": "Thousands of protesters have marched through the Romanian capital of Bucharest to support the country's anti-corruption authority and demand that state institutions be free of political interference.", "type_of_material": "News", "news_desk": "None", "snippet": "Thousands of protesters have marched through the Romanian capital of Bucharest to support the country's anti-corruption authority and demand that state institutions be free of political interference....", "_id": "58bc681795d0e024902fda6b", "abstract": null, "headline": {"main": "Romanians March to Protest Persistent Govt Corruption", "print_headline": "Romanians March to Protest Persistent Govt Corruption"}}, {"subsection_name": "Africa", "byline": {"organization": "THE ASSOCIATED PRESS", "person": [], "original": "By THE ASSOCIATED PRESS"}, "source": "AP", "slideshow_credits": null, "keywords": [], "print_page": 0, "document_type": "article", "multimedia": [], "blog": [], "section_name": "World", "word_count": 398, "web_url": "https://www.nytimes.com/aponline/2017/03/05/world/africa/ap-af-kenya-ranch-invasions.html", "pub_date": "2017-03-05T19:27:35+0000", "lead_paragraph": "A British man was shot to death by pastoral herders in central Kenya who have been invading large farms, some of which double as wildlife conservation areas, officials said Sunday.", "type_of_material": "News", "news_desk": "None", "snippet": "A British man was shot to death by pastoral herders in central Kenya who have been invading large farms, some of which double as wildlife conservation areas, officials said Sunday....", "_id": "58bc66ab95d0e024902fda69", "abstract": null, "headline": {"main": "British Man Shot to Death in Kenya During Ranch Invasion", "print_headline": "British Man Shot to Death in Kenya During Ranch Invasion"}}, {"subsection_name": "College Basketball", "byline": {"organization": "THE ASSOCIATED PRESS", "person": [], "original": "By THE ASSOCIATED PRESS"}, "source": "AP", "slideshow_credits": null, "keywords": [], "print_page": 0, "document_type": "article", "multimedia": [], "blog": [], "section_name": "Sports", "word_count": 643, "web_url": "https://www.nytimes.com/aponline/2017/03/05/sports/ncaabasketball/ap-bkc-player-of-the-year-race.html", "pub_date": "2017-03-05T19:27:35+0000", "lead_paragraph": "The race for the major player of the year awards in college basketball was a split decision in 2016. Oklahoma's Buddy Hield won the Naismith and Wooden awards, while Michigan State's Denzel Valentine was The Associated Press player of the year.", "type_of_material": "News", "news_desk": "None", "snippet": "The race for the major player of the year awards in college basketball was a split decision in 2016. Oklahoma's Buddy Hield won the Naismith and Wooden awards, while Michigan State's Denzel Valentine was The Associated Press player of the year....", "_id": "58bc66b195d0e024902fda6a", "abstract": null, "headline": {"main": "Kansas' Mason, Nova's Hart Leading Player of the Year Races", "print_headline": "Kansas' Mason, Nova's Hart Leading Player of the Year Races"}}, {"subsection_name": "College Basketball", "byline": {"organization": "THE ASSOCIATED PRESS", "person": [], "original": "By THE ASSOCIATED PRESS"}, "source": "AP", "slideshow_credits": null, "keywords": [], "print_page": 0, "document_type": "article", "multimedia": [], "blog": [], "section_name": "Sports", "word_count": 606, "web_url": "https://www.nytimes.com/aponline/2017/03/05/sports/ncaabasketball/ap-bkc-t25-cincinnati-connecticut.html", "pub_date": "2017-03-05T19:18:34+0000", "lead_paragraph": "Sure, No. 18 Cincinnati pulled down a season-high 44 rebounds. Coach Mick Cronin had a good reason why the Bearcats excelled on the boards.", "type_of_material": "News", "news_desk": "None", "snippet": "Sure, No. 18 Cincinnati pulled down a season-high 44 rebounds. Coach Mick Cronin had a good reason why the Bearcats excelled on the boards....", "_id": "58bc649495d0e024902fda68", "abstract": null, "headline": {"main": "Clark, No. 18 Cincinnati Beat Struggling Connecticut 67-47", "print_headline": "Clark, No. 18 Cincinnati Beat Struggling Connecticut 67-47"}}, {"subsection_name": null, "byline": {"organization": "REUTERS", "person": [], "original": "By REUTERS"}, "source": "Reuters", "slideshow_credits": null, "keywords": [], "print_page": 0, "document_type": "article", "multimedia": [], "blog": [], "section_name": "U.S.", "word_count": 352, "web_url": "https://www.nytimes.com/reuters/2017/03/05/us/05reuters-usa-marines.html", "pub_date": "2017-03-05T19:18:29+0000", "lead_paragraph": "Senior U.S. lawmakers on Sunday condemned the suspected distribution of nude photographs of female Marines to military personnel and veterans via a social media network that promotes sexual violence, and called on the Marine Corps to fully investigate.", "type_of_material": "News", "news_desk": "None", "snippet": "Senior U.S. lawmakers on Sunday condemned the suspected distribution of nude photographs of female Marines to military personnel and veterans via a social media network that promotes sexual violence, and called on the Marine Corps to fully investi...", "_id": "58bc648995d0e024902fda67", "abstract": null, "headline": {"main": "Lawmakers Call on U.S. Marines to Investigate Nude Photo Network", "print_headline": "Lawmakers Call on U.S. Marines to Investigate Nude Photo Network"}}, {"subsection_name": null, "byline": {"organization": "THE ASSOCIATED PRESS", "person": [], "original": "By THE ASSOCIATED PRESS"}, "source": "AP", "slideshow_credits": null, "keywords": [], "print_page": 0, "document_type": "article", "multimedia": [], "blog": [], "section_name": "U.S.", "word_count": 340, "web_url": "https://www.nytimes.com/aponline/2017/03/05/us/ap-us-bird-flu-tennessee.html", "pub_date": "2017-03-05T19:15:35+0000", "lead_paragraph": "A commercial chicken breeding facility in south-central Tennessee has been hit by a strain of bird flu, agriculture officials said Sunday.", "type_of_material": "News", "news_desk": "None", "snippet": "A commercial chicken breeding facility in south-central Tennessee has been hit by a strain of bird flu, agriculture officials said Sunday....", "_id": "58bc63df95d0e024902fda66", "abstract": null, "headline": {"main": "Bird Flu Detected in Chicken Breeding Facility in Tennessee", "print_headline": "Bird Flu Detected in Chicken Breeding Facility in Tennessee"}}, {"subsection_name": "Soccer", "byline": {"organization": "REUTERS", "person": [], "original": "By REUTERS"}, "source": "Reuters", "slideshow_credits": null, "keywords": [], "print_page": 0, "document_type": "article", "multimedia": [], "blog": [], "section_name": "Sports", "word_count": 475, "web_url": "https://www.nytimes.com/reuters/2017/03/05/sports/soccer/05reuters-soccer-england.html", "pub_date": "2017-03-05T19:06:27+0000", "lead_paragraph": "Tottenham Hotspur and Manchester City both issued timely reminders to Chelsea that the Premier League title race might not be over with impressive victories on Sunday.", "type_of_material": "News", "news_desk": "None", "snippet": "Tottenham Hotspur and Manchester City both issued timely reminders to Chelsea that the Premier League title race might not be over with impressive victories on Sunday....", "_id": "58bc61b995d0e024902fda65", "abstract": null, "headline": {"main": "Tottenham and Man City Keep Up the Chase", "print_headline": "Tottenham and Man City Keep Up the Chase"}}, {"subsection_name": "Pro Football", "byline": {"organization": "THE ASSOCIATED PRESS", "person": [], "original": "By THE ASSOCIATED PRESS"}, "source": "AP", "slideshow_credits": null, "keywords": [], "print_page": 0, "document_type": "article", "multimedia": [], "blog": [], "section_name": "Sports", "word_count": 832, "web_url": "https://www.nytimes.com/aponline/2017/03/05/sports/football/ap-fbn-nfl-combine-another-watt.html", "pub_date": "2017-03-05T18:57:35+0000", "lead_paragraph": "Most prospects at the NFL combine are hoping to make a name for themselves.", "type_of_material": "News", "news_desk": "None", "snippet": "Most prospects at the NFL combine are hoping to make a name for themselves....", "_id": "58bc5fa995d0e024902fda64", "abstract": null, "headline": {"main": "T.J. Watt Wants to Follow in His Famous Brothers' Footsteps", "print_headline": "T.J. Watt Wants to Follow in His Famous Brothers' Footsteps"}}], "meta": {"time": 212, "offset": 570, "hits": 16085363}}, "copyright": "Copyright (c) 2013 The New York Times Company.  All Rights Reserved."}