{"status": "OK", "response": {"docs": [{"subsection_name": "Europe", "byline": {"organization": "REUTERS", "person": [], "original": "By REUTERS"}, "source": "Reuters", "slideshow_credits": null, "keywords": [], "print_page": 0, "document_type": "article", "multimedia": [], "blog": [], "section_name": "World", "word_count": 162, "web_url": "https://www.nytimes.com/reuters/2017/03/06/world/europe/06reuters-france-hollande.html", "pub_date": "2017-03-06T05:54:31+0000", "lead_paragraph": "Outgoing French President Francois Hollande said in European newspaper interviews published on Monday that his \"ultimate duty\" was to prevent a victory of far-right National Front leader Marine Le Pen in this year's election.", "type_of_material": "News", "news_desk": "None", "snippet": "Outgoing French President Francois Hollande said in European newspaper interviews published on Monday that his \"ultimate duty\" was to prevent a victory of far-right National Front leader Marine Le Pen in this year's election....", "_id": "58bcf99c95d0e024902fdb28", "abstract": null, "headline": {"main": "Outgoing French President Hollande Says 'Ultimate Duty' Is to Prevent Le Pen Victory", "print_headline": "Outgoing French President Hollande Says 'Ultimate Duty' Is to Prevent Le Pen Victory"}}, {"subsection_name": "Soccer", "byline": {"organization": "REUTERS", "person": [], "original": "By REUTERS"}, "source": "Reuters", "slideshow_credits": null, "keywords": [], "print_page": 0, "document_type": "article", "multimedia": [], "blog": [], "section_name": "Sports", "word_count": 262, "web_url": "https://www.nytimes.com/reuters/2017/03/06/sports/soccer/06reuters-soccer-england-mci-guardiola.html", "pub_date": "2017-03-06T05:54:30+0000", "lead_paragraph": "Manchester City manager Pep Guardiola has heaped praise on Leroy Sane for his recent run of good form, saying his improvement comes as a result of a learning process that still has a long way to go.  ", "type_of_material": "News", "news_desk": "None", "snippet": "Manchester City manager Pep Guardiola has heaped praise on Leroy Sane for his recent run of good form, saying his improvement comes as a result of a learning process that still has a long way to go....", "_id": "58bcf99c95d0e024902fdb27", "abstract": null, "headline": {"main": "Guardiola Sees Huge Potential in In-Form Sane", "print_headline": "Guardiola Sees Huge Potential in In-Form Sane"}}, {"subsection_name": null, "byline": {"organization": "REUTERS", "person": [], "original": "By REUTERS"}, "source": "Reuters", "slideshow_credits": null, "keywords": [], "print_page": 0, "document_type": "article", "multimedia": [], "blog": [], "section_name": "Business Day", "word_count": 427, "web_url": "https://www.nytimes.com/reuters/2017/03/06/business/06reuters-china-parliament-ndrc-investment.html", "pub_date": "2017-03-06T05:48:29+0000", "lead_paragraph": "China will take further steps to support private investment, an official from the state planner said on Monday, as the country looks to maintain strong economic growth while undergoing structural reforms. ", "type_of_material": "News", "news_desk": "None", "snippet": "China will take further steps to support private investment, an official from the state planner said on Monday, as the country looks to maintain strong economic growth while undergoing structural reforms....", "_id": "58bcf83395d0e024902fdb26", "abstract": null, "headline": {"main": "China Seeks to Boost Private Investment in Quest to Maintain Strong Growth", "print_headline": "China Seeks to Boost Private Investment in Quest to Maintain Strong Growth"}}, {"subsection_name": "Asia Pacific", "byline": {"organization": "THE ASSOCIATED PRESS", "person": [], "original": "By THE ASSOCIATED PRESS"}, "source": "AP", "slideshow_credits": null, "keywords": [], "print_page": 0, "document_type": "article", "multimedia": [], "blog": [], "section_name": "World", "word_count": 151, "web_url": "https://www.nytimes.com/aponline/2017/03/06/world/asia/ap-as-nepal-australian-trekker.html", "pub_date": "2017-03-06T05:45:33+0000", "lead_paragraph": "An Australian trekker has died near the Mount Everest base camp, possibly due to high-altitude sickness, police said Monday.", "type_of_material": "News", "news_desk": "None", "snippet": "An Australian trekker has died near the Mount Everest base camp, possibly due to high-altitude sickness, police said Monday....", "_id": "58bcf78795d0e024902fdb25", "abstract": null, "headline": {"main": "Australian Trekker Dies Near Mount Everest Base Camp", "print_headline": "Australian Trekker Dies Near Mount Everest Base Camp"}}, {"subsection_name": "Cricket", "byline": {"organization": "REUTERS", "person": [], "original": "By REUTERS"}, "source": "Reuters", "slideshow_credits": null, "keywords": [], "print_page": 0, "document_type": "article", "multimedia": [], "blog": [], "section_name": "Sports", "word_count": 484, "web_url": "https://www.nytimes.com/reuters/2017/03/06/sports/cricket/06reuters-cricket-india-innings.html", "pub_date": "2017-03-06T05:39:29+0000", "lead_paragraph": "Cheteshwar Pujara and Ajinkya Rahane shared an unbroken fifth-wicket stand of 93 to keep alive India's hopes of a series-levelling win over Australia, giving the hosts a lead of 126 on a see-saw third day of the second test on Monday.", "type_of_material": "News", "news_desk": "None", "snippet": "Cheteshwar Pujara and Ajinkya Rahane shared an unbroken fifth-wicket stand of 93 to keep alive India's hopes of a series-levelling win over Australia, giving the hosts a lead of 126 on a see-saw third day of the second test on Monday....", "_id": "58bcf61995d0e024902fdb24", "abstract": null, "headline": {"main": "Pujara, Rahane Keep India Afloat in Second Test", "print_headline": "Pujara, Rahane Keep India Afloat in Second Test"}}, {"subsection_name": "Asia Pacific", "byline": {"organization": "THE ASSOCIATED PRESS", "person": [], "original": "By THE ASSOCIATED PRESS"}, "source": "AP", "slideshow_credits": null, "keywords": [], "print_page": 0, "document_type": "article", "multimedia": [], "blog": [], "section_name": "World", "word_count": 493, "web_url": "https://www.nytimes.com/aponline/2017/03/06/world/asia/ap-as-financial-markets.html", "pub_date": "2017-03-06T05:33:36+0000", "lead_paragraph": "Global stocks mostly fell Monday following North Korea's launch of missiles into seas near Japan, although Chinese share benchmarks rose on optimism about the economic outlook.", "type_of_material": "News", "news_desk": "None", "snippet": "Global stocks mostly fell Monday following North Korea's launch of missiles into seas near Japan, although Chinese share benchmarks rose on optimism about the economic outlook....", "_id": "58bcf4b495d0e024902fdb23", "abstract": null, "headline": {"main": "Global Stocks Mostly Lower After NKorea Launches Missiles", "print_headline": "Global Stocks Mostly Lower After NKorea Launches Missiles"}}, {"subsection_name": null, "byline": {"organization": "REUTERS", "person": [], "original": "By REUTERS"}, "source": "Reuters", "slideshow_credits": null, "keywords": [], "print_page": 0, "document_type": "article", "multimedia": [], "blog": [], "section_name": "Business Day", "word_count": 721, "web_url": "https://www.nytimes.com/reuters/2017/03/06/business/06reuters-china-parliament-defence.html", "pub_date": "2017-03-06T05:30:28+0000", "lead_paragraph": "China pledged more support for its military on Sunday including strengthening maritime and air defenses as it takes steps to safeguard its sovereignty, but in a highly unusual move did not give spending figures for 2017 despite promises of transparency.", "type_of_material": "News", "news_desk": "None", "snippet": "China pledged more support for its military on Sunday including strengthening maritime and air defenses as it takes steps to safeguard its sovereignty, but in a highly unusual move did not give spending figures for 2017 despite promises of transpa...", "_id": "58bcf3fb95d0e024902fdb22", "abstract": null, "headline": {"main": "China to Strengthen Defenses, No Word on Budget", "print_headline": "China to Strengthen Defenses, No Word on Budget"}}, {"subsection_name": null, "byline": {"organization": "THE ASSOCIATED PRESS", "person": [], "original": "By THE ASSOCIATED PRESS"}, "source": "AP", "slideshow_credits": null, "keywords": [], "print_page": 0, "document_type": "article", "multimedia": [], "blog": [], "section_name": "U.S.", "word_count": 563, "web_url": "https://www.nytimes.com/aponline/2017/03/06/us/ap-us-united-special-flight-probe.html", "pub_date": "2017-03-06T05:27:37+0000", "lead_paragraph": "A former New Jersey attorney general and mentor to Republican New Jersey Gov. Chris Christie is scheduled to be sentenced in federal court.", "type_of_material": "News", "news_desk": "None", "snippet": "A former New Jersey attorney general and mentor to Republican New Jersey Gov. Chris Christie is scheduled to be sentenced in federal court....", "_id": "58bcf35495d0e024902fdb21", "abstract": null, "headline": {"main": "Christie Mentor Set for Sentencing in United Bribery Case", "print_headline": "Christie Mentor Set for Sentencing in United Bribery Case"}}, {"subsection_name": "Asia Pacific", "byline": {"organization": "REUTERS", "person": [], "original": "By REUTERS"}, "source": "Reuters", "slideshow_credits": null, "keywords": [], "print_page": 0, "document_type": "article", "multimedia": [], "blog": [], "section_name": "World", "word_count": 832, "web_url": "https://www.nytimes.com/reuters/2017/03/06/world/asia/06reuters-northkorea-missiles.html", "pub_date": "2017-03-06T05:27:32+0000", "lead_paragraph": "North Korea fired four ballistic missiles into the sea off Japan's northwest on Monday, angering South Korea and Japan, days after it promised retaliation over U.S.-South Korea military drills it sees as a preparation for war.", "type_of_material": "News", "news_desk": "None", "snippet": "North Korea fired four ballistic missiles into the sea off Japan's northwest on Monday, angering South Korea and Japan, days after it promised retaliation over U.S.-South Korea military drills it sees as a preparation for war....", "_id": "58bcf34795d0e024902fdb1f", "abstract": null, "headline": {"main": "North Korea Fires Four Ballistic Missiles Into Sea, Angering Japan and South", "print_headline": "North Korea Fires Four Ballistic Missiles Into Sea, Angering Japan and South"}}, {"subsection_name": "Americas", "byline": {"organization": "REUTERS", "person": [], "original": "By REUTERS"}, "source": "Reuters", "slideshow_credits": null, "keywords": [], "print_page": 0, "document_type": "article", "multimedia": [], "blog": [], "section_name": "World", "word_count": 366, "web_url": "https://www.nytimes.com/reuters/2017/03/06/world/americas/06reuters-cuba-usa-castro.html", "pub_date": "2017-03-06T05:27:32+0000", "lead_paragraph": "Cuban President Raul Castro harshly criticized U.S. President Donald Trump's immigration, trade and other policies on Sunday as Trump reviews a fragile detente with Communist-run Cuba begun by his predecessor Barack Obama.", "type_of_material": "News", "news_desk": "None", "snippet": "Cuban President Raul Castro harshly criticized U.S. President Donald Trump's immigration, trade and other policies on Sunday as Trump reviews a fragile detente with Communist-run Cuba begun by his predecessor Barack Obama....", "_id": "58bcf34e95d0e024902fdb20", "abstract": null, "headline": {"main": "Cuba&#8217;s Raul Castro Blasts Trump&#8217;s Mexican Wall and Trade Policy", "print_headline": "Cuba&#8217;s Raul Castro Blasts Trump&#8217;s Mexican Wall and Trade Policy"}}], "meta": {"time": 227, "offset": 380, "hits": 16085359}}, "copyright": "Copyright (c) 2013 The New York Times Company.  All Rights Reserved."}