{"copyright": "Copyright (c) 2013 The New York Times Company.  All Rights Reserved.", "response": {"meta": {"time": 248, "hits": 16084464, "offset": 1140}, "docs": [{"keywords": [], "word_count": 827, "web_url": "https://www.nytimes.com/aponline/2017/03/03/sports/basketball/ap-bkn-thunder-trail-blazers.html", "news_desk": "None", "slideshow_credits": null, "pub_date": "2017-03-03T06:39:49+0000", "subsection_name": "Pro Basketball", "lead_paragraph": "The Trail Blazers huddled in a timeout with just more than 17 seconds left against Oklahoma City, and the overwhelming sentiment was simple: relax.", "abstract": null, "headline": {"main": "Lillard Scores 33 as Trail Blazers Beat Thunder 114-109", "print_headline": "Lillard Scores 33 as Trail Blazers Beat Thunder 114-109"}, "type_of_material": "News", "blog": [], "document_type": "article", "source": "AP", "print_page": 0, "snippet": "The Trail Blazers huddled in a timeout with just more than 17 seconds left against Oklahoma City, and the overwhelming sentiment was simple: relax....", "byline": {"original": "By THE ASSOCIATED PRESS", "person": [], "organization": "THE ASSOCIATED PRESS"}, "section_name": "Sports", "multimedia": [], "_id": "58b90fbf95d0e024902fd49c"}, {"keywords": [], "word_count": 453, "web_url": "https://www.nytimes.com/reuters/2017/03/03/world/middleeast/03reuters-mideast-crisis-iraq-kurds-sinjar.html", "news_desk": "None", "slideshow_credits": null, "pub_date": "2017-03-03T06:36:28+0000", "subsection_name": "Middle East", "lead_paragraph": "Rival Kurdish groups clashed in Iraq's northwestern Sinjar region on Friday, two Kurdish security sources said.", "abstract": null, "headline": {"main": "Rival Kurdish Factions Clash in Northwestern Iraq", "print_headline": "Rival Kurdish Factions Clash in Northwestern Iraq"}, "type_of_material": "News", "blog": [], "document_type": "article", "source": "Reuters", "print_page": 0, "snippet": "Rival Kurdish groups clashed in Iraq's northwestern Sinjar region on Friday, two Kurdish security sources said....", "byline": {"original": "By REUTERS", "person": [], "organization": "REUTERS"}, "section_name": "World", "multimedia": [], "_id": "58b90ef195d0e024902fd49b"}, {"keywords": [], "word_count": 955, "web_url": "https://www.nytimes.com/aponline/2017/03/03/us/ap-us-chicago-violence-train-thefts-.html", "news_desk": "None", "slideshow_credits": null, "pub_date": "2017-03-03T06:30:37+0000", "subsection_name": null, "lead_paragraph": "When street-gang thieves slipped with ease into a Norfolk Southern rail yard on Chicago's South Side and ripped locks off one train, they likely expected to see merchandise like toys or tennis shoes. What they beheld instead was a gangster's jackpot: box after box of brand new guns.", "abstract": null, "headline": {"main": "Gangs Reap Guns From Trains in Violent Chicago Neighborhoods", "print_headline": "Gangs Reap Guns From Trains in Violent Chicago Neighborhoods"}, "type_of_material": "News", "blog": [], "document_type": "article", "source": "AP", "print_page": 0, "snippet": "When street-gang thieves slipped with ease into a Norfolk Southern rail yard on Chicago's South Side and ripped locks off one train, they likely expected to see merchandise like toys or tennis shoes. What they beheld instead was a gangster's jackp...", "byline": {"original": "By THE ASSOCIATED PRESS", "person": [], "organization": "THE ASSOCIATED PRESS"}, "section_name": "U.S.", "multimedia": [], "_id": "58b90d9095d0e024902fd49a"}, {"keywords": [], "word_count": 410, "web_url": "https://www.nytimes.com/reuters/2017/03/03/sports/tennis/03reuters-tennis-men-acapulco.html", "news_desk": "None", "slideshow_credits": null, "pub_date": "2017-03-03T06:30:28+0000", "subsection_name": "Tennis", "lead_paragraph": "Nick Kyrgios served like a demon to bounce Serbia's world number two and top seed Novak Djokovic out of the quarter-finals of the Acapulco International with a 7-6(9) 7-5 victory on Thursday.", "abstract": null, "headline": {"main": "Ace High Kyrgios Stuns Djokovic in Acapulco", "print_headline": "Ace High Kyrgios Stuns Djokovic in Acapulco"}, "type_of_material": "News", "blog": [], "document_type": "article", "source": "Reuters", "print_page": 0, "snippet": "Nick Kyrgios served like a demon to bounce Serbia's world number two and top seed Novak Djokovic out of the quarter-finals of the Acapulco International with a 7-6(9) 7-5 victory on Thursday....", "byline": {"original": "By REUTERS", "person": [], "organization": "REUTERS"}, "section_name": "Sports", "multimedia": [], "_id": "58b90d8b95d0e024902fd499"}, {"keywords": [], "word_count": 306, "web_url": "https://www.nytimes.com/reuters/2017/03/03/business/03reuters-ireland-economy-pmi.html", "news_desk": "None", "slideshow_credits": null, "pub_date": "2017-03-03T06:24:27+0000", "subsection_name": null, "lead_paragraph": "Growth in Ireland's services sector slipped slightly in February but remained close to January's post-Brexit high and confidence about the future continued to grow, a survey showed on Friday. ", "abstract": null, "headline": {"main": "Irish Services Sector Slips Back From Post-Brexit High-PMI", "print_headline": "Irish Services Sector Slips Back From Post-Brexit High-PMI"}, "type_of_material": "News", "blog": [], "document_type": "article", "source": "Reuters", "print_page": 0, "snippet": "Growth in Ireland's services sector slipped slightly in February but remained close to January's post-Brexit high and confidence about the future continued to grow, a survey showed on Friday....", "byline": {"original": "By REUTERS", "person": [], "organization": "REUTERS"}, "section_name": "Business Day", "multimedia": [], "_id": "58b90c2095d0e024902fd498"}, {"keywords": [], "word_count": 491, "web_url": "https://www.nytimes.com/aponline/2017/03/03/sports/hockey/ap-hkn-canucks-sharks.html", "news_desk": "None", "slideshow_credits": null, "pub_date": "2017-03-03T06:21:37+0000", "subsection_name": "Hockey", "lead_paragraph": "Marcus Sorensen and Aaron Dell are parlaying solid play into important ice time as the San Jose Sharks get ready for the stretch run.", "abstract": null, "headline": {"main": "Sorensen's 1st NHL Goal Helps Sharks Beat Canucks 3-1", "print_headline": "Sorensen's 1st NHL Goal Helps Sharks Beat Canucks 3-1"}, "type_of_material": "News", "blog": [], "document_type": "article", "source": "AP", "print_page": 0, "snippet": "Marcus Sorensen and Aaron Dell are parlaying solid play into important ice time as the San Jose Sharks get ready for the stretch run....", "byline": {"original": "By THE ASSOCIATED PRESS", "person": [], "organization": "THE ASSOCIATED PRESS"}, "section_name": "Sports", "multimedia": [], "_id": "58b90b7595d0e024902fd497"}, {"keywords": [], "word_count": 471, "web_url": "https://www.nytimes.com/aponline/2017/03/03/world/middleeast/ap-ml-syria-race-for-raqqa-glance.html", "news_desk": "None", "slideshow_credits": null, "pub_date": "2017-03-03T06:18:33+0000", "subsection_name": "Middle East", "lead_paragraph": "A major assault on the Islamic State group's self-proclaimed capital of Raqqa is expected to begin in the coming weeks, but various military forces eyeing the northern Syrian city are bitterly divided.", "abstract": null, "headline": {"main": "A Look at the Forces Converging on Islamic State-Held Raqqa", "print_headline": "A Look at the Forces Converging on Islamic State-Held Raqqa"}, "type_of_material": "News", "blog": [], "document_type": "article", "source": "AP", "print_page": 0, "snippet": "A major assault on the Islamic State group's self-proclaimed capital of Raqqa is expected to begin in the coming weeks, but various military forces eyeing the northern Syrian city are bitterly divided....", "byline": {"original": "By THE ASSOCIATED PRESS", "person": [], "organization": "THE ASSOCIATED PRESS"}, "section_name": "World", "multimedia": [], "_id": "58b90ac495d0e024902fd496"}, {"keywords": [], "word_count": 588, "web_url": "https://www.nytimes.com/reuters/2017/03/03/business/03reuters-japan-economy-cpi.html", "news_desk": "None", "slideshow_credits": null, "pub_date": "2017-03-03T06:18:29+0000", "subsection_name": null, "lead_paragraph": "Japan's core consumer prices rose for the first time in over a year in January thanks to a pickup in energy costs, but a slump in household spending showed why economic growth and inflation have lagged the more ambitious goals set out by policymakers.", "abstract": null, "headline": {"main": "Japan Consumer Prices Rise for First Time in Year but BOJ Goal Still Distant", "print_headline": "Japan Consumer Prices Rise for First Time in Year but BOJ Goal Still Distant"}, "type_of_material": "News", "blog": [], "document_type": "article", "source": "Reuters", "print_page": 0, "snippet": "Japan's core consumer prices rose for the first time in over a year in January thanks to a pickup in energy costs, but a slump in household spending showed why economic growth and inflation have lagged the more ambitious goals set out by policymak...", "byline": {"original": "By REUTERS", "person": [], "organization": "REUTERS"}, "section_name": "Business Day", "multimedia": [], "_id": "58b90ab895d0e024902fd495"}, {"keywords": [], "word_count": 1185, "web_url": "https://www.nytimes.com/aponline/2017/03/03/world/middleeast/ap-ml-syria-race-for-raqqa.html", "news_desk": "None", "slideshow_credits": null, "pub_date": "2017-03-03T06:15:38+0000", "subsection_name": "Middle East", "lead_paragraph": "After the battlefield of Iraq's Mosul, the next major campaign against the Islamic State group will be to take its de facto capital, the Syrian city of Raqqa. The Pentagon has drawn up a secret plan to do that, likely leaning on local allies with stepped up American support.", "abstract": null, "headline": {"main": "Rivals in Syria Race to Assault Militants' 'Capital' Raqqa", "print_headline": "Rivals in Syria Race to Assault Militants' 'Capital' Raqqa"}, "type_of_material": "News", "blog": [], "document_type": "article", "source": "AP", "print_page": 0, "snippet": "After the battlefield of Iraq's Mosul, the next major campaign against the Islamic State group will be to take its de facto capital, the Syrian city of Raqqa. The Pentagon has drawn up a secret plan to do that, likely leaning on local allies with ...", "byline": {"original": "By THE ASSOCIATED PRESS", "person": [], "organization": "THE ASSOCIATED PRESS"}, "section_name": "World", "multimedia": [], "_id": "58b90a1495d0e024902fd494"}, {"keywords": [], "word_count": 314, "web_url": "https://www.nytimes.com/reuters/2017/03/03/us/03reuters-utah-crime.html", "news_desk": "None", "slideshow_credits": null, "pub_date": "2017-03-03T06:15:27+0000", "subsection_name": null, "lead_paragraph": "A former Utah attorney general was found not guilty on Thursday of bribery and corruption charges after he was accused in a pay-to-play graft scandal, media said. ", "abstract": null, "headline": {"main": "Former Utah Attorney General Acquitted in Corruption Case: Media", "print_headline": "Former Utah Attorney General Acquitted in Corruption Case: Media"}, "type_of_material": "News", "blog": [], "document_type": "article", "source": "Reuters", "print_page": 0, "snippet": "A former Utah attorney general was found not guilty on Thursday of bribery and corruption charges after he was accused in a pay-to-play graft scandal, media said....", "byline": {"original": "By REUTERS", "person": [], "organization": "REUTERS"}, "section_name": "U.S.", "multimedia": [], "_id": "58b90a0695d0e024902fd493"}]}, "status": "OK"}