{"copyright": "Copyright (c) 2013 The New York Times Company.  All Rights Reserved.", "status": "OK", "response": {"meta": {"offset": 550, "time": 255, "hits": 16085757}, "docs": [{"abstract": null, "pub_date": "2017-03-06T13:00:35+0000", "snippet": "Claims by President Donald Trump that his phones were wiretapped by his predecessor, Barack Obama, during the 2016 election campaign are a purely domestic matter for the United States, the spokesman for Russian President Vladimir Putin said Monday...", "web_url": "https://www.nytimes.com/aponline/2017/03/06/world/europe/ap-eu-russia-us.html", "document_type": "article", "headline": {"print_headline": "Kremlin: Trump's Wiretap Claim Purely a 'Domestic Issue'", "main": "Kremlin: Trump's Wiretap Claim Purely a 'Domestic Issue'"}, "subsection_name": "Europe", "byline": {"organization": "THE ASSOCIATED PRESS", "person": [], "original": "By THE ASSOCIATED PRESS"}, "section_name": "World", "print_page": 0, "keywords": [], "news_desk": "None", "blog": [], "_id": "58bd5d7e95d0e024902fdc0a", "multimedia": [], "source": "AP", "word_count": 437, "lead_paragraph": "Claims by President Donald Trump that his phones were wiretapped by his predecessor, Barack Obama, during the 2016 election campaign are a purely domestic matter for the United States, the spokesman for Russian President Vladimir Putin said Monday.", "type_of_material": "News", "slideshow_credits": null}, {"abstract": null, "pub_date": "2017-03-06T13:00:27+0000", "snippet": "Thai veterinarians on Monday removed 915 coins from a 25-year-old sea turtle which had been swallowing items thrown into her pool for good luck, eventually limiting her ability to swim....", "web_url": "https://www.nytimes.com/reuters/2017/03/06/world/asia/06reuters-thailand-turtle.html", "document_type": "article", "headline": {"print_headline": "Hoard of Coins Extracted From Sea Turtle", "main": "Hoard of Coins Extracted From Sea Turtle"}, "subsection_name": "Asia Pacific", "byline": {"organization": "REUTERS", "person": [], "original": "By REUTERS"}, "section_name": "World", "print_page": 0, "keywords": [], "news_desk": "None", "blog": [], "_id": "58bd5d7395d0e024902fdc09", "multimedia": [], "source": "Reuters", "word_count": 171, "lead_paragraph": "Thai veterinarians on Monday removed 915 coins from a 25-year-old sea turtle which had been swallowing items thrown into her pool for good luck, eventually limiting her ability to swim.", "type_of_material": "News", "slideshow_credits": null}, {"abstract": null, "pub_date": "2017-03-06T12:57:39+0000", "snippet": "The European Union has condemned North Korea for firing four banned ballistic missiles and said it would consult with Japan and international partners on how to react....", "web_url": "https://www.nytimes.com/aponline/2017/03/06/world/europe/ap-eu-europe-nkorea-.html", "document_type": "article", "headline": {"print_headline": "EU Condemns Launch of NKorea Ballistic Missiles", "main": "EU Condemns Launch of NKorea Ballistic Missiles"}, "subsection_name": "Europe", "byline": {"organization": "THE ASSOCIATED PRESS", "person": [], "original": "By THE ASSOCIATED PRESS"}, "section_name": "World", "print_page": 0, "keywords": [], "news_desk": "None", "blog": [], "_id": "58bd5ccc95d0e024902fdc08", "multimedia": [], "source": "AP", "word_count": 124, "lead_paragraph": "The European Union has condemned North Korea for firing four banned ballistic missiles and said it would consult with Japan and international partners on how to react.", "type_of_material": "News", "slideshow_credits": null}, {"abstract": null, "pub_date": "2017-03-06T12:54:31+0000", "snippet": "Germany rejected as \"absurd\" on Monday Turkish President Tayyip Erdogan's comparison of its ban on several rallies to the Nazi era, but it also stressed the importance of ties between the two NATO allies in an attempt to defuse an escalating war o...", "web_url": "https://www.nytimes.com/reuters/2017/03/06/world/europe/06reuters-germany-turkey.html", "document_type": "article", "headline": {"print_headline": "Germany Rejects Erdogan's 'Absurd' Nazi Comparison, Calls for Calm", "main": "Germany Rejects Erdogan's 'Absurd' Nazi Comparison, Calls for Calm"}, "subsection_name": "Europe", "byline": {"organization": "REUTERS", "person": [], "original": "By REUTERS"}, "section_name": "World", "print_page": 0, "keywords": [], "news_desk": "None", "blog": [], "_id": "58bd5c1195d0e024902fdc07", "multimedia": [], "source": "Reuters", "word_count": 695, "lead_paragraph": "Germany rejected as \"absurd\" on Monday Turkish President Tayyip Erdogan's comparison of its ban on several rallies to the Nazi era, but it also stressed the importance of ties between the two NATO allies in an attempt to defuse an escalating war of words.", "type_of_material": "News", "slideshow_credits": null}, {"abstract": null, "pub_date": "2017-03-06T12:54:31+0000", "snippet": "Avoiding controversial questions and sticking closely to the script, three leading candidates jostling for a spot on the Communist Party's apex of power made rare public appearances on the sidelines of China's annual meeting of parliament on Monda...", "web_url": "https://www.nytimes.com/reuters/2017/03/06/world/asia/06reuters-china-parliament-politics.html", "document_type": "article", "headline": {"print_headline": "Jostling Contenders for Party Elite Play It Safe at China Parliament", "main": "Jostling Contenders for Party Elite Play It Safe at China Parliament"}, "subsection_name": "Asia Pacific", "byline": {"organization": "REUTERS", "person": [], "original": "By REUTERS"}, "section_name": "World", "print_page": 0, "keywords": [], "news_desk": "None", "blog": [], "_id": "58bd5c1195d0e024902fdc06", "multimedia": [], "source": "Reuters", "word_count": 494, "lead_paragraph": "Avoiding controversial questions and sticking closely to the script, three leading candidates jostling for a spot on the Communist Party's apex of power made rare public appearances on the sidelines of China's annual meeting of parliament on Monday.", "type_of_material": "News", "slideshow_credits": null}, {"abstract": null, "pub_date": "2017-03-06T12:45:29+0000", "snippet": "U.S. stocks pulled back on Monday in a broad decline as investors grew uneasy over the latest tumult surrounding the Trump administration and geopolitical tensions emanating from North Korea....", "web_url": "https://www.nytimes.com/reuters/2017/03/06/business/06reuters-usa-stocks.html", "document_type": "article", "headline": {"print_headline": "Wall Street Dips on Trump Tumult, North Korea Action", "main": "Wall Street Dips on Trump Tumult, North Korea Action"}, "subsection_name": null, "byline": {"organization": "REUTERS", "person": [], "original": "By REUTERS"}, "section_name": "Business Day", "print_page": 0, "keywords": [], "news_desk": "None", "blog": [], "_id": "58bd59ef95d0e024902fdc05", "multimedia": [], "source": "Reuters", "word_count": 533, "lead_paragraph": "U.S. stocks pulled back on Monday in a broad decline as investors grew uneasy over the latest tumult surrounding the Trump administration and geopolitical tensions emanating from North Korea.", "type_of_material": "News", "slideshow_credits": null}, {"abstract": null, "pub_date": "2017-03-06T12:39:38+0000", "snippet": "Ukraine asked the United Nations' highest court on Monday to order Russia to stop funding and equipping pro-Russian separatists, at the start of a hearing where it hopes to prove Moscow is breaking international law....", "web_url": "https://www.nytimes.com/reuters/2017/03/06/world/europe/06reuters-ukraine-crisis-court.html", "document_type": "article", "headline": {"print_headline": "Ukraine Asks U.N. Judges to Order Russia to Stop Aiding Rebels", "main": "Ukraine Asks U.N. Judges to Order Russia to Stop Aiding Rebels"}, "subsection_name": "Europe", "byline": {"organization": "REUTERS", "person": [], "original": "By REUTERS"}, "section_name": "World", "print_page": 0, "keywords": [], "news_desk": "None", "blog": [], "_id": "58bd589395d0e024902fdc04", "multimedia": [], "source": "Reuters", "word_count": 287, "lead_paragraph": "Ukraine asked the United Nations' highest court on Monday to order Russia to stop funding and equipping pro-Russian separatists, at the start of a hearing where it hopes to prove Moscow is breaking international law.", "type_of_material": "News", "slideshow_credits": null}, {"abstract": null, "pub_date": "2017-03-06T12:39:31+0000", "snippet": "General Motors Co&#8217;s deal on Monday to sell its European operations to France's PSA Group doubles down on a bet that the company can win by being less global but more profitable in an auto industry increasingly dependent on software and servi...", "web_url": "https://www.nytimes.com/reuters/2017/03/06/business/06reuters-opel-m-a-smallergm.html", "document_type": "article", "headline": {"print_headline": "GM Shifts From Bigger Is Better to Less Global, More Profitable", "main": "GM Shifts From Bigger Is Better to Less Global, More Profitable"}, "subsection_name": null, "byline": {"organization": "REUTERS", "person": [], "original": "By REUTERS"}, "section_name": "Business Day", "print_page": 0, "keywords": [], "news_desk": "None", "blog": [], "_id": "58bd589095d0e024902fdc03", "multimedia": [], "source": "Reuters", "word_count": 909, "lead_paragraph": "General Motors Co&#8217;s deal on Monday to sell its European operations to France's PSA Group doubles down on a bet that the company can win by being less global but more profitable in an auto industry increasingly dependent on software and services.  ", "type_of_material": "News", "slideshow_credits": null}, {"abstract": null, "pub_date": "2017-03-06T12:39:31+0000", "snippet": "U.S.-backed Iraqi forces captured the second of Mosul's five bridges on Monday, giving a boost to their onslaught on Islamic State's remaining stronghold in the western part of the city....", "web_url": "https://www.nytimes.com/reuters/2017/03/06/world/middleeast/06reuters-mideast-crisis-iraq.html", "document_type": "article", "headline": {"print_headline": "U.S.-Backed Iraqi Forces Capture Mosul Bridge, Close In on Government Buildings", "main": "U.S.-Backed Iraqi Forces Capture Mosul Bridge, Close In on Government Buildings"}, "subsection_name": "Middle East", "byline": {"organization": "REUTERS", "person": [], "original": "By REUTERS"}, "section_name": "World", "print_page": 0, "keywords": [], "news_desk": "None", "blog": [], "_id": "58bd588995d0e024902fdc02", "multimedia": [], "source": "Reuters", "word_count": 673, "lead_paragraph": "U.S.-backed Iraqi forces captured the second of Mosul's five bridges on Monday, giving a boost to their onslaught on Islamic State's remaining stronghold in the western part of the city.", "type_of_material": "News", "slideshow_credits": null}, {"abstract": null, "pub_date": "2017-03-06T12:38:35+0000", "snippet": "Chitose Abe shows her label\u2019s fall looks....", "web_url": "https://www.nytimes.com/slideshow/2017/03/06/fashion/runway-womens/sacai-fall-2017.html", "document_type": "multimedia", "headline": {"main": "Sacai: Fall 2017"}, "subsection_name": "Women's Runway", "byline": [], "section_name": "Fashion & Style", "print_page": 0, "keywords": [{"isMajor": "N", "rank": 1, "name": "organizations", "value": "Sacai (Fashion Label)"}, {"isMajor": "N", "rank": 2, "name": "persons", "value": "Abe, Chitose"}], "news_desk": "Fashion & Style", "blog": [], "_id": "58bd585d95d0e024902fdc01", "multimedia": [{"rank": 0, "url": "images/2017/03/06/fashion/runway-womens/sacai-fall-2017-rtw-slide-6OBB/sacai-fall-2017-rtw-slide-6OBB-thumbStandard.jpg", "width": 75, "height": 75, "type": "image", "legacy": {"thumbnailwidth": 75, "thumbnail": "images/2017/03/06/fashion/runway-womens/sacai-fall-2017-rtw-slide-6OBB/sacai-fall-2017-rtw-slide-6OBB-thumbStandard.jpg", "thumbnailheight": 75}, "subtype": "thumbnail"}, {"rank": 0, "url": "images/2017/03/06/fashion/runway-womens/sacai-fall-2017-rtw-slide-6OBB/sacai-fall-2017-rtw-slide-6OBB-thumbWide.jpg", "width": 190, "height": 126, "type": "image", "legacy": {"wideheight": 126, "wide": "images/2017/03/06/fashion/runway-womens/sacai-fall-2017-rtw-slide-6OBB/sacai-fall-2017-rtw-slide-6OBB-thumbWide.jpg", "widewidth": 190}, "subtype": "wide"}, {"rank": 0, "url": "images/2017/03/06/fashion/runway-womens/sacai-fall-2017-rtw-slide-6OBB/sacai-fall-2017-rtw-slide-6OBB-articleLarge.jpg", "width": 600, "height": 900, "type": "image", "legacy": {"xlarge": "images/2017/03/06/fashion/runway-womens/sacai-fall-2017-rtw-slide-6OBB/sacai-fall-2017-rtw-slide-6OBB-articleLarge.jpg", "xlargeheight": 900, "xlargewidth": 600}, "subtype": "xlarge"}], "source": "The New York Times", "word_count": 7, "lead_paragraph": "Chitose Abe shows her label\u2019s fall looks.", "type_of_material": "Slideshow", "slideshow_credits": "Regis Colin Berthelier/Nowfashion"}]}}