{"status": "OK", "copyright": "Copyright (c) 2013 The New York Times Company.  All Rights Reserved.", "response": {"meta": {"hits": 16084808, "time": 196, "offset": 550}, "docs": [{"lead_paragraph": "Marit Bjoergen secured yet another gold medal at the Nordic World Ski Championships as her Norwegian team stormed home to take the top four positions in the women's 30km mass start on Saturday.", "section_name": "Sports", "slideshow_credits": null, "print_page": 0, "subsection_name": "Skiing", "pub_date": "2017-03-04T13:57:27+0000", "type_of_material": "News", "multimedia": [], "_id": "58bac7cd95d0e024902fd854", "blog": [], "document_type": "article", "headline": {"print_headline": "Bjoergen Grabs Gold as Norway Sweep Medals in Women's 30km", "main": "Bjoergen Grabs Gold as Norway Sweep Medals in Women's 30km"}, "source": "Reuters", "word_count": 147, "abstract": null, "keywords": [], "byline": {"person": [], "organization": "REUTERS", "original": "By REUTERS"}, "snippet": "Marit Bjoergen secured yet another gold medal at the Nordic World Ski Championships as her Norwegian team stormed home to take the top four positions in the women's 30km mass start on Saturday....", "web_url": "https://www.nytimes.com/reuters/2017/03/04/sports/skiing/04reuters-nordic-world.html", "news_desk": "None"}, {"lead_paragraph": "A prominent Ethiopian politician arrested after meeting European lawmakers last year has pleaded not guilty to inciting unrest in a country that remains under a state of emergency after anti-government protests.", "section_name": "World", "slideshow_credits": null, "print_page": 0, "subsection_name": "Africa", "pub_date": "2017-03-04T13:48:35+0000", "type_of_material": "News", "multimedia": [], "_id": "58bac5bb95d0e024902fd853", "blog": [], "document_type": "article", "headline": {"print_headline": "Ethiopia Opposition Leader Charged With Inciting Unrest", "main": "Ethiopia Opposition Leader Charged With Inciting Unrest"}, "source": "AP", "word_count": 131, "abstract": null, "keywords": [], "byline": {"person": [], "organization": "THE ASSOCIATED PRESS", "original": "By THE ASSOCIATED PRESS"}, "snippet": "A prominent Ethiopian politician arrested after meeting European lawmakers last year has pleaded not guilty to inciting unrest in a country that remains under a state of emergency after anti-government protests....", "web_url": "https://www.nytimes.com/aponline/2017/03/04/world/africa/ap-af-ethiopia-opposition-leader.html", "news_desk": "None"}, {"lead_paragraph": "The Vatican has issued new figures showing it narrowed its deficit by half in 2015 to 12.4 million euros ($13 million).", "section_name": "World", "slideshow_credits": null, "print_page": 0, "subsection_name": "Europe", "pub_date": "2017-03-04T13:45:36+0000", "type_of_material": "News", "multimedia": [], "_id": "58bac50795d0e024902fd852", "blog": [], "document_type": "article", "headline": {"print_headline": "New Vatican Figures Show Deficit Narrowed by Half in 2015", "main": "New Vatican Figures Show Deficit Narrowed by Half in 2015"}, "source": "AP", "word_count": 154, "abstract": null, "keywords": [], "byline": {"person": [], "organization": "THE ASSOCIATED PRESS", "original": "By THE ASSOCIATED PRESS"}, "snippet": "The Vatican has issued new figures showing it narrowed its deficit by half in 2015 to 12.4 million euros ($13 million)....", "web_url": "https://www.nytimes.com/aponline/2017/03/04/world/europe/ap-eu-rel-vatican-finances.html", "news_desk": "None"}, {"lead_paragraph": "Albania's political parties snuffed out hopes on Saturday for a compromise that would keep open the Balkan state's path to European Union membership after Brussels warned that an opposition boycott of parliament put accession talks at risk.", "section_name": "World", "slideshow_credits": null, "print_page": 0, "subsection_name": "Europe", "pub_date": "2017-03-04T13:45:32+0000", "type_of_material": "News", "multimedia": [], "_id": "58bac50295d0e024902fd851", "blog": [], "document_type": "article", "headline": {"print_headline": "Rows Over Reforms, Election Bog Down Albania's EU Accession Talks", "main": "Rows Over Reforms, Election Bog Down Albania's EU Accession Talks"}, "source": "Reuters", "word_count": 452, "abstract": null, "keywords": [], "byline": {"person": [], "organization": "REUTERS", "original": "By REUTERS"}, "snippet": "Albania's political parties snuffed out hopes on Saturday for a compromise that would keep open the Balkan state's path to European Union membership after Brussels warned that an opposition boycott of parliament put accession talks at risk....", "web_url": "https://www.nytimes.com/reuters/2017/03/04/world/europe/04reuters-albania-eu-protests.html", "news_desk": "None"}, {"lead_paragraph": "Nathan Lyon likes proving to himself that he belongs at test level and the challenge of being successful against the best players, the Australia off-spinner said after registering career-best figures against India on Saturday.", "section_name": "Sports", "slideshow_credits": null, "print_page": 0, "subsection_name": "Cricket", "pub_date": "2017-03-04T13:45:29+0000", "type_of_material": "News", "multimedia": [], "_id": "58bac4ff95d0e024902fd850", "blog": [], "document_type": "article", "headline": {"print_headline": "Lyon Happy to Prove He Belongs at Test Level", "main": "Lyon Happy to Prove He Belongs at Test Level"}, "source": "Reuters", "word_count": 409, "abstract": null, "keywords": [], "byline": {"person": [], "organization": "REUTERS", "original": "By REUTERS"}, "snippet": "Nathan Lyon likes proving to himself that he belongs at test level and the challenge of being successful against the best players, the Australia off-spinner said after registering career-best figures against India on Saturday....", "web_url": "https://www.nytimes.com/reuters/2017/03/04/sports/cricket/04reuters-cricket-india-australia-lyon.html", "news_desk": "None"}, {"lead_paragraph": "North Korean weapons barred by U.N. sanctions ended up in the hands of U.N. peacekeepers in Africa, a confidential report says. That incident and others in more than a half-dozen African nations show how North Korea, despite facing its toughest sanctions in decades, continues to avoid them on the world's most impoverished continent with few repercussions.", "section_name": "World", "slideshow_credits": null, "print_page": 0, "subsection_name": "Africa", "pub_date": "2017-03-04T13:42:36+0000", "type_of_material": "News", "multimedia": [], "_id": "58bac45195d0e024902fd84f", "blog": [], "document_type": "article", "headline": {"print_headline": "UN Report Shows North Korea Using Africa to Slip Sanctions", "main": "UN Report Shows North Korea Using Africa to Slip Sanctions"}, "source": "AP", "word_count": 700, "abstract": null, "keywords": [], "byline": {"person": [], "organization": "THE ASSOCIATED PRESS", "original": "By THE ASSOCIATED PRESS"}, "snippet": "North Korean weapons barred by U.N. sanctions ended up in the hands of U.N. peacekeepers in Africa, a confidential report says. That incident and others in more than a half-dozen African nations show how North Korea, despite facing its toughest sa...", "web_url": "https://www.nytimes.com/aponline/2017/03/04/world/africa/ap-af-africa-north-koreas-reach.html", "news_desk": "None"}, {"lead_paragraph": "A Spanish organization says its rescue ship has saved 250 migrants in danger of capsizing near the Libyan coast.", "section_name": "World", "slideshow_credits": null, "print_page": 0, "subsection_name": "Europe", "pub_date": "2017-03-04T13:39:34+0000", "type_of_material": "News", "multimedia": [], "_id": "58bac39c95d0e024902fd84e", "blog": [], "document_type": "article", "headline": {"print_headline": "Spanish NGO Boat Rescues 250 Migrants in Mediterranean", "main": "Spanish NGO Boat Rescues 250 Migrants in Mediterranean"}, "source": "AP", "word_count": 107, "abstract": null, "keywords": [], "byline": {"person": [], "organization": "THE ASSOCIATED PRESS", "original": "By THE ASSOCIATED PRESS"}, "snippet": "A Spanish organization says its rescue ship has saved 250 migrants in danger of capsizing near the Libyan coast....", "web_url": "https://www.nytimes.com/aponline/2017/03/04/world/europe/ap-eu-europe-migrants.html", "news_desk": "None"}, {"lead_paragraph": "Commonwealth Games Federation President Louise Martins has traveled to South Africa for crisis meetings as Durban faces the possibility of losing out on hosting the 2022 Commonwealth Games.", "section_name": "Sports", "slideshow_credits": null, "print_page": 0, "subsection_name": null, "pub_date": "2017-03-04T13:12:28+0000", "type_of_material": "News", "multimedia": [], "_id": "58babd4495d0e024902fd84d", "blog": [], "document_type": "article", "headline": {"print_headline": "Commonwealth Games Head Visits South Africa to Discuss 2022", "main": "Commonwealth Games Head Visits South Africa to Discuss 2022"}, "source": "Reuters", "word_count": 314, "abstract": null, "keywords": [], "byline": {"person": [], "organization": "REUTERS", "original": "By REUTERS"}, "snippet": "Commonwealth Games Federation President Louise Martins has traveled to South Africa for crisis meetings as Durban faces the possibility of losing out on hosting the 2022 Commonwealth Games....", "web_url": "https://www.nytimes.com/reuters/2017/03/04/sports/04reuters-games-commonwealth-durban.html", "news_desk": "None"}, {"lead_paragraph": "Mr. Watanabe shows his fall looks.", "section_name": "Fashion & Style", "slideshow_credits": "Gio Staiano/Nowfashion", "print_page": 0, "subsection_name": "Women's Runway", "pub_date": "2017-03-04T13:11:27+0000", "type_of_material": "Slideshow", "multimedia": [{"url": "images/2017/03/04/fashion/runway-womens/J-Watanabe-fall-2017-rtw-slide-USDW/J-Watanabe-fall-2017-rtw-slide-USDW-thumbStandard.jpg", "legacy": {"thumbnail": "images/2017/03/04/fashion/runway-womens/J-Watanabe-fall-2017-rtw-slide-USDW/J-Watanabe-fall-2017-rtw-slide-USDW-thumbStandard.jpg", "thumbnailheight": 75, "thumbnailwidth": 75}, "subtype": "thumbnail", "rank": 0, "height": 75, "width": 75, "type": "image"}, {"url": "images/2017/03/04/fashion/runway-womens/J-Watanabe-fall-2017-rtw-slide-USDW/J-Watanabe-fall-2017-rtw-slide-USDW-thumbWide.jpg", "legacy": {"wide": "images/2017/03/04/fashion/runway-womens/J-Watanabe-fall-2017-rtw-slide-USDW/J-Watanabe-fall-2017-rtw-slide-USDW-thumbWide.jpg", "widewidth": 190, "wideheight": 126}, "subtype": "wide", "rank": 0, "height": 126, "width": 190, "type": "image"}, {"url": "images/2017/03/04/fashion/runway-womens/J-Watanabe-fall-2017-rtw-slide-USDW/J-Watanabe-fall-2017-rtw-slide-USDW-articleLarge.jpg", "legacy": {"xlarge": "images/2017/03/04/fashion/runway-womens/J-Watanabe-fall-2017-rtw-slide-USDW/J-Watanabe-fall-2017-rtw-slide-USDW-articleLarge.jpg", "xlargewidth": 600, "xlargeheight": 900}, "subtype": "xlarge", "rank": 0, "height": 900, "width": 600, "type": "image"}], "_id": "58babd1295d0e024902fd84c", "blog": [], "document_type": "multimedia", "headline": {"main": "Junya Watanabe: Fall 2017"}, "source": "The New York Times", "word_count": 6, "abstract": null, "keywords": [{"value": "Watanabe, Junya", "isMajor": "N", "rank": 1, "name": "persons"}], "byline": [], "snippet": "Mr. Watanabe shows his fall looks....", "web_url": "https://www.nytimes.com/slideshow/2017/03/04/fashion/runway-womens/junya-watanabe-fall-2017.html", "news_desk": "Fashion & Style"}, {"lead_paragraph": "U.S. President Donald Trump accused predecessor Barack Obama on Saturday of wiretapping him during the late stages of the 2016 election campaign, but offered no evidence for an allegation which an Obama spokesman said was \"simply false\".", "section_name": "U.S.", "slideshow_credits": null, "print_page": 0, "subsection_name": "Politics", "pub_date": "2017-03-04T13:06:29+0000", "type_of_material": "News", "multimedia": [], "_id": "58babbe595d0e024902fd84b", "blog": [], "document_type": "article", "headline": {"print_headline": "Trump Claims Obama Wiretapped Him During Campaign; Obama Refutes It", "main": "Trump Claims Obama Wiretapped Him During Campaign; Obama Refutes It"}, "source": "Reuters", "word_count": 959, "abstract": null, "keywords": [], "byline": {"person": [], "organization": "REUTERS", "original": "By REUTERS"}, "snippet": "U.S. President Donald Trump accused predecessor Barack Obama on Saturday of wiretapping him during the late stages of the 2016 election campaign, but offered no evidence for an allegation which an Obama spokesman said was \"simply false\"....", "web_url": "https://www.nytimes.com/reuters/2017/03/04/us/politics/04reuters-usa-trump-obama.html", "news_desk": "None"}]}}