{"status": "OK", "copyright": "Copyright (c) 2013 The New York Times Company.  All Rights Reserved.", "response": {"meta": {"hits": 16084813, "time": 173, "offset": 440}, "docs": [{"lead_paragraph": "With most of her teammates in foul trouble, Marina Mabrey took over to get Notre Dame back to the ACC Tournament finals.", "section_name": "Sports", "slideshow_credits": null, "print_page": 0, "subsection_name": "College Basketball", "pub_date": "2017-03-04T19:03:39+0000", "type_of_material": "News", "multimedia": [], "_id": "58bb0f9395d0e024902fd8c7", "blog": [], "document_type": "article", "headline": {"print_headline": "Notre Dame Heads to ACC Final for 4th Straight Year", "main": "Notre Dame Heads to ACC Final for 4th Straight Year"}, "source": "AP", "word_count": 732, "abstract": null, "keywords": [], "byline": {"person": [], "organization": "THE ASSOCIATED PRESS", "original": "By THE ASSOCIATED PRESS"}, "snippet": "With most of her teammates in foul trouble, Marina Mabrey took over to get Notre Dame back to the ACC Tournament finals....", "web_url": "https://www.nytimes.com/aponline/2017/03/04/sports/ncaabasketball/ap-bkw-t25-acc-louisville-notre-dame.html", "news_desk": "None"}, {"lead_paragraph": "A Washington state man has been sentenced to 20 years in prison for killing an Oregon man he mistakenly believed impregnated a 13-year-old girl.", "section_name": "U.S.", "slideshow_credits": null, "print_page": 0, "subsection_name": null, "pub_date": "2017-03-04T19:00:37+0000", "type_of_material": "News", "multimedia": [], "_id": "58bb0edc95d0e024902fd8c6", "blog": [], "document_type": "article", "headline": {"print_headline": "20-Year Sentence for Mistaken Washington State Honor Killing", "main": "20-Year Sentence for Mistaken Washington State Honor Killing"}, "source": "AP", "word_count": 271, "abstract": null, "keywords": [], "byline": {"person": [], "organization": "THE ASSOCIATED PRESS", "original": "By THE ASSOCIATED PRESS"}, "snippet": "A Washington state man has been sentenced to 20 years in prison for killing an Oregon man he mistakenly believed impregnated a 13-year-old girl....", "web_url": "https://www.nytimes.com/aponline/2017/03/04/us/ap-us-honor-killing-sentence.html", "news_desk": "None"}, {"lead_paragraph": "The International Monetary Fund said on Saturday it had reached an agreement with Ukraine on an updated memorandum under a $17.5 billion program, paving the way for its board to consider the disbursement of the fourth loan tranche later in March.", "section_name": "Business Day", "slideshow_credits": null, "print_page": 0, "subsection_name": null, "pub_date": "2017-03-04T19:00:28+0000", "type_of_material": "News", "multimedia": [], "_id": "58bb0ed295d0e024902fd8c5", "blog": [], "document_type": "article", "headline": {"print_headline": "IMF Reaches Deal With Ukraine Paving Way for Next Loan Disbursal", "main": "IMF Reaches Deal With Ukraine Paving Way for Next Loan Disbursal"}, "source": "Reuters", "word_count": 125, "abstract": null, "keywords": [], "byline": {"person": [], "organization": "REUTERS", "original": "By REUTERS"}, "snippet": "The International Monetary Fund said on Saturday it had reached an agreement with Ukraine on an updated memorandum under a $17.5 billion program, paving the way for its board to consider the disbursement of the fourth loan tranche later in March....", "web_url": "https://www.nytimes.com/reuters/2017/03/04/business/04reuters-ukraine-crisis-imf.html", "news_desk": "None"}, {"lead_paragraph": "Virginia coach Tony Bennett waited after No. 23 Virginia's 67-42 victory against Pittsburgh was over, and then waited again until London Perrantes had finished a postgame television interview before putting his arm around the point guard and walking off the court.", "section_name": "Sports", "slideshow_credits": null, "print_page": 0, "subsection_name": "College Basketball", "pub_date": "2017-03-04T18:57:42+0000", "type_of_material": "News", "multimedia": [], "_id": "58bb0e2c95d0e024902fd8c4", "blog": [], "document_type": "article", "headline": {"print_headline": "Perrantes Leads No. 23 Virginia Past Pitt, 67-42", "main": "Perrantes Leads No. 23 Virginia Past Pitt, 67-42"}, "source": "AP", "word_count": 677, "abstract": null, "keywords": [], "byline": {"person": [], "organization": "THE ASSOCIATED PRESS", "original": "By THE ASSOCIATED PRESS"}, "snippet": "Virginia coach Tony Bennett waited after No. 23 Virginia's 67-42 victory against Pittsburgh was over, and then waited again until London Perrantes had finished a postgame television interview before putting his arm around the point guard and walki...", "web_url": "https://www.nytimes.com/aponline/2017/03/04/sports/ncaabasketball/ap-bkc-t25-pittsburgh-virginia.html", "news_desk": "None"}, {"lead_paragraph": "The White House budget director confirmed Saturday that the Trump administration will propose \"fairly dramatic reductions\" in the U.S. foreign aid budget later this month.", "section_name": "U.S.", "slideshow_credits": null, "print_page": 0, "subsection_name": "Politics", "pub_date": "2017-03-04T18:54:27+0000", "type_of_material": "News", "multimedia": [], "_id": "58bb0d6a95d0e024902fd8c3", "blog": [], "document_type": "article", "headline": {"print_headline": "Trump Administration to Propose 'Dramatic Reductions' in Foreign Aid", "main": "Trump Administration to Propose 'Dramatic Reductions' in Foreign Aid"}, "source": "Reuters", "word_count": 337, "abstract": null, "keywords": [], "byline": {"person": [], "organization": "REUTERS", "original": "By REUTERS"}, "snippet": "The White House budget director confirmed Saturday that the Trump administration will propose \"fairly dramatic reductions\" in the U.S. foreign aid budget later this month....", "web_url": "https://www.nytimes.com/reuters/2017/03/04/us/politics/04reuters-usa-budget.html", "news_desk": "None"}, {"lead_paragraph": "A recently unsealed search warrant shows police have suspects in the fatal shooting of a 9-year-old Milwaukee girl last year, but authorities are still seeking evidence to bring charges in her death.", "section_name": "U.S.", "slideshow_credits": null, "print_page": 0, "subsection_name": null, "pub_date": "2017-03-04T18:51:34+0000", "type_of_material": "News", "multimedia": [], "_id": "58bb0cbb95d0e024902fd8c2", "blog": [], "document_type": "article", "headline": {"print_headline": "Warrant Shows Police Have Suspects in Death of 9-Year-Old", "main": "Warrant Shows Police Have Suspects in Death of 9-Year-Old"}, "source": "AP", "word_count": 301, "abstract": null, "keywords": [], "byline": {"person": [], "organization": "THE ASSOCIATED PRESS", "original": "By THE ASSOCIATED PRESS"}, "snippet": "A recently unsealed search warrant shows police have suspects in the fatal shooting of a 9-year-old Milwaukee girl last year, but authorities are still seeking evidence to bring charges in her death....", "web_url": "https://www.nytimes.com/aponline/2017/03/04/us/ap-us-girl-shot-milwaukee.html", "news_desk": "None"}, {"lead_paragraph": "Poland named a center-right MEP as its candidate for European Council President on Saturday after it said it would oppose the re-appointment of former prime minister Donald Tusk as the chairman of EU leaders.", "section_name": "World", "slideshow_credits": null, "print_page": 0, "subsection_name": "Europe", "pub_date": "2017-03-04T18:45:28+0000", "type_of_material": "News", "multimedia": [], "_id": "58bb0b4d95d0e024902fd8c1", "blog": [], "document_type": "article", "headline": {"print_headline": "Poland Wants Center-Right MEP to Replace Tusk as European Council Head", "main": "Poland Wants Center-Right MEP to Replace Tusk as European Council Head"}, "source": "Reuters", "word_count": 317, "abstract": null, "keywords": [], "byline": {"person": [], "organization": "REUTERS", "original": "By REUTERS"}, "snippet": "Poland named a center-right MEP as its candidate for European Council President on Saturday after it said it would oppose the re-appointment of former prime minister Donald Tusk as the chairman of EU leaders....", "web_url": "https://www.nytimes.com/reuters/2017/03/04/world/europe/04reuters-poland-eu-tusk.html", "news_desk": "None"}, {"lead_paragraph": "Standard Life and Aberdeen Asset Management, two of Scotland's most well-known financial firms, are in talks over an 11 billion pound ($13.5 billion) tie-up to create Britain's largest investment manager.", "section_name": "Business Day", "slideshow_credits": null, "print_page": 0, "subsection_name": null, "pub_date": "2017-03-04T18:42:32+0000", "type_of_material": "News", "multimedia": [], "_id": "58bb0a9f95d0e024902fd8c0", "blog": [], "document_type": "article", "headline": {"print_headline": "Scottish Investors Standard Life, Aberdeen Mull $13.5 Billion Tie-Up", "main": "Scottish Investors Standard Life, Aberdeen Mull $13.5 Billion Tie-Up"}, "source": "Reuters", "word_count": 534, "abstract": null, "keywords": [], "byline": {"person": [], "organization": "REUTERS", "original": "By REUTERS"}, "snippet": "Standard Life and Aberdeen Asset Management, two of Scotland's most well-known financial firms, are in talks over an 11 billion pound ($13.5 billion) tie-up to create Britain's largest investment manager....", "web_url": "https://www.nytimes.com/reuters/2017/03/04/business/04reuters-aberdeen-asset-standard-life.html", "news_desk": "None"}, {"lead_paragraph": "Federal officials say more than two dozen aircraft have violated airspace restrictions near President Donald Trump's estate in Florida.", "section_name": "U.S.", "slideshow_credits": null, "print_page": 0, "subsection_name": null, "pub_date": "2017-03-04T18:39:35+0000", "type_of_material": "News", "multimedia": [], "_id": "58bb09ee95d0e024902fd8bf", "blog": [], "document_type": "article", "headline": {"print_headline": "FAA: 27 Airspace Violations Near Trump's Florida Estate", "main": "FAA: 27 Airspace Violations Near Trump's Florida Estate"}, "source": "AP", "word_count": 134, "abstract": null, "keywords": [], "byline": {"person": [], "organization": "THE ASSOCIATED PRESS", "original": "By THE ASSOCIATED PRESS"}, "snippet": "Federal officials say more than two dozen aircraft have violated airspace restrictions near President Donald Trump's estate in Florida....", "web_url": "https://www.nytimes.com/aponline/2017/03/04/us/ap-us-trump-florida-airspace.html", "news_desk": "None"}, {"lead_paragraph": "Some 110 people have died in southern Somalia in the last two days from famine and diarrhea resulting from a drought, the prime minister said on Saturday, as the area braces itself for widespread shortages of food.", "section_name": "World", "slideshow_credits": null, "print_page": 0, "subsection_name": "Africa", "pub_date": "2017-03-04T18:39:29+0000", "type_of_material": "News", "multimedia": [], "_id": "58bb09e995d0e024902fd8be", "blog": [], "document_type": "article", "headline": {"print_headline": "Somalia Says 110 Dead in Last 48 Hours Due to Drought", "main": "Somalia Says 110 Dead in Last 48 Hours Due to Drought"}, "source": "Reuters", "word_count": 207, "abstract": null, "keywords": [], "byline": {"person": [], "organization": "REUTERS", "original": "By REUTERS"}, "snippet": "Some 110 people have died in southern Somalia in the last two days from famine and diarrhea resulting from a drought, the prime minister said on Saturday, as the area braces itself for widespread shortages of food....", "web_url": "https://www.nytimes.com/reuters/2017/03/04/world/africa/04reuters-somalia-disaster.html", "news_desk": "None"}]}}