{"copyright": "Copyright (c) 2013 The New York Times Company.  All Rights Reserved.", "status": "OK", "response": {"meta": {"offset": 490, "time": 188, "hits": 16085757}, "docs": [{"abstract": null, "pub_date": "2017-03-06T14:42:37+0000", "snippet": "PSA Chief Executive Carlos Tavares has told the Spanish government the firm will honor existing labor agreements at Opel's factory in Spain after buying the carmaker, Prime Minister Mariano Rajoy's office said in a statement....", "web_url": "https://www.nytimes.com/reuters/2017/03/06/business/06reuters-opel-m-a-psa-spain.html", "document_type": "article", "headline": {"print_headline": "PSA Tells Spain's Rajoy It Will Honor Labor Deals at Opel Plant", "main": "PSA Tells Spain's Rajoy It Will Honor Labor Deals at Opel Plant"}, "subsection_name": null, "byline": {"organization": "REUTERS", "person": [], "original": "By REUTERS"}, "section_name": "Business Day", "print_page": 0, "keywords": [], "news_desk": "None", "blog": [], "_id": "58bd756295d0e024902fdc45", "multimedia": [], "source": "Reuters", "word_count": 204, "lead_paragraph": "PSA Chief Executive Carlos Tavares has told the Spanish government the firm will honor existing labor agreements at Opel's factory in Spain after buying the carmaker, Prime Minister Mariano Rajoy's office said in a statement. ", "type_of_material": "News", "slideshow_credits": null}, {"abstract": null, "pub_date": "2017-03-06T14:42:36+0000", "snippet": "The latest on developments in financial markets (All times local):...", "web_url": "https://www.nytimes.com/aponline/2017/03/06/us/ap-financial-markets-markets-right-now.html", "document_type": "article", "headline": {"print_headline": "Markets Right Now: Stocks End Lower on Wall Street", "main": "Markets Right Now: Stocks End Lower on Wall Street"}, "subsection_name": null, "byline": {"organization": "THE ASSOCIATED PRESS", "person": [], "original": "By THE ASSOCIATED PRESS"}, "section_name": "U.S.", "print_page": 0, "keywords": [], "news_desk": "None", "blog": [], "_id": "58bd756395d0e024902fdc47", "multimedia": [], "source": "AP", "word_count": 376, "lead_paragraph": "The latest on developments in financial markets (All times local):", "type_of_material": "News", "slideshow_credits": null}, {"abstract": null, "pub_date": "2017-03-06T14:42:33+0000", "snippet": "German Chancellor Angela Merkel on Monday said there was \"absolutely no justification\" for Turkish President Tayyip Erdogan's comments comparing German bans on certain political rallies to \"fascist actions\" remniscent of the Nazi times....", "web_url": "https://www.nytimes.com/reuters/2017/03/06/arts/06reuters-germany-turkey-merkel.html", "document_type": "article", "headline": {"print_headline": "Merkel Says No Justification for Erdogan's Nazi Comparisons", "main": "Merkel Says No Justification for Erdogan's Nazi Comparisons"}, "subsection_name": null, "byline": {"organization": "REUTERS", "person": [], "original": "By REUTERS"}, "section_name": "Arts", "print_page": 0, "keywords": [], "news_desk": "None", "blog": [], "_id": "58bd756395d0e024902fdc46", "multimedia": [], "source": "Reuters", "word_count": 148, "lead_paragraph": "German Chancellor Angela Merkel on Monday said there was \"absolutely no justification\" for Turkish President Tayyip Erdogan's comments comparing German bans on certain political rallies to \"fascist actions\" remniscent of the Nazi times.", "type_of_material": "News", "slideshow_credits": null}, {"abstract": null, "pub_date": "2017-03-06T14:40:22+0000", "snippet": "Why would people who fought so hard to join the West now turn against groups that promote human rights?...", "web_url": "https://www.nytimes.com/2017/03/06/opinion/the-east-europeans-do-an-about-face.html", "document_type": "article", "headline": {"content_kicker": "Editorial", "print_headline": "The East Europeans and George Soros", "main": "The East Europeans Do an About-Face", "kicker": "Editorial"}, "subsection_name": null, "byline": [], "section_name": "Opinion", "print_page": 12, "keywords": [{"isMajor": "N", "rank": 1, "name": "persons", "value": "Soros, George"}, {"isMajor": "N", "rank": 2, "name": "subject", "value": "Politics and Government"}, {"isMajor": "N", "rank": 3, "name": "persons", "value": "Trump, Donald J"}, {"isMajor": "N", "rank": 4, "name": "organizations", "value": "Open Society Foundations"}, {"isMajor": "N", "rank": 5, "name": "subject", "value": "Anti-Semitism"}, {"isMajor": "N", "rank": 6, "name": "organizations", "value": "North Atlantic Treaty Organization"}, {"isMajor": "N", "rank": 7, "name": "persons", "value": "Orban, Viktor"}, {"isMajor": "N", "rank": 8, "name": "persons", "value": "Lyman, Rick"}, {"isMajor": "N", "rank": 9, "name": "glocations", "value": "Eastern Europe"}, {"isMajor": "N", "rank": 10, "name": "glocations", "value": "Europe"}, {"isMajor": "N", "rank": 11, "name": "glocations", "value": "Macedonia"}, {"isMajor": "N", "rank": 12, "name": "glocations", "value": "Hungary"}, {"isMajor": "N", "rank": 13, "name": "glocations", "value": "Russia"}, {"isMajor": "N", "rank": 14, "name": "glocations", "value": "Syria"}], "news_desk": "Editorial", "blog": [], "_id": "58bd74de95d0e024902fdc44", "multimedia": [], "source": "International New York Times", "word_count": 437, "lead_paragraph": "Why would people who fought so hard to join the West now turn against groups that promote human rights?", "type_of_material": "Editorial", "slideshow_credits": null}, {"abstract": null, "pub_date": "2017-03-06T14:39:37+0000", "snippet": "The Supreme Court is leaving the issue of transgender rights in schools to lower courts for now after backing out of a high-profile case Monday of a Virginia high school student who sued to be able to use the boys' bathroom....", "web_url": "https://www.nytimes.com/aponline/2017/03/06/us/politics/ap-us-supreme-court-transgender-bathrooms.html", "document_type": "article", "headline": {"print_headline": "Supreme Court Won't Say if Trans Teen Can Pick Bathroom", "main": "Supreme Court Won't Say if Trans Teen Can Pick Bathroom"}, "subsection_name": "Politics", "byline": {"organization": "THE ASSOCIATED PRESS", "person": [], "original": "By THE ASSOCIATED PRESS"}, "section_name": "U.S.", "print_page": 0, "keywords": [], "news_desk": "None", "blog": [], "_id": "58bd74b195d0e024902fdc43", "multimedia": [], "source": "AP", "word_count": 931, "lead_paragraph": "The Supreme Court is leaving the issue of transgender rights in schools to lower courts for now after backing out of a high-profile case Monday of a Virginia high school student who sued to be able to use the boys' bathroom.", "type_of_material": "News", "slideshow_credits": null}, {"abstract": null, "pub_date": "2017-03-06T14:39:28+0000", "snippet": "The U.S. Supreme Court on Monday scrapped plans to hear a major transgender rights case and threw out a lower court's ruling in favor of a transgender Virginia student after President Donald Trump rescinded a policy protecting such youths under fe...", "web_url": "https://www.nytimes.com/reuters/2017/03/06/us/06reuters-usa-court-transgender.html", "document_type": "article", "headline": {"print_headline": "U.S. Top Court Throws Out Ruling Favoring Transgender Student", "main": "U.S. Top Court Throws Out Ruling Favoring Transgender Student"}, "subsection_name": null, "byline": {"organization": "REUTERS", "person": [], "original": "By REUTERS"}, "section_name": "U.S.", "print_page": 0, "keywords": [], "news_desk": "None", "blog": [], "_id": "58bd74a695d0e024902fdc42", "multimedia": [], "source": "Reuters", "word_count": 768, "lead_paragraph": "The U.S. Supreme Court on Monday scrapped plans to hear a major transgender rights case and threw out a lower court's ruling in favor of a transgender Virginia student after President Donald Trump rescinded a policy protecting such youths under federal law.", "type_of_material": "News", "slideshow_credits": null}, {"abstract": null, "pub_date": "2017-03-06T14:36:31+0000", "snippet": "European Union foreign ministers on Monday urged restraint towards Turkey as some said they opposed campaigning by foreign politicians on their soil, stepping into a row that has soured relations between Ankara and Berlin....", "web_url": "https://www.nytimes.com/reuters/2017/03/06/world/europe/06reuters-germany-turkey-eu.html", "document_type": "article", "headline": {"print_headline": "EU Ministers Irked Over Erdogan Comments on Germany but Urge Restraint", "main": "EU Ministers Irked Over Erdogan Comments on Germany but Urge Restraint"}, "subsection_name": "Europe", "byline": {"organization": "REUTERS", "person": [], "original": "By REUTERS"}, "section_name": "World", "print_page": 0, "keywords": [], "news_desk": "None", "blog": [], "_id": "58bd73f595d0e024902fdc41", "multimedia": [], "source": "Reuters", "word_count": 457, "lead_paragraph": "European Union foreign ministers on Monday urged restraint towards Turkey as some said they opposed campaigning by foreign politicians on their soil, stepping into a row that has soured relations between Ankara and Berlin.", "type_of_material": "News", "slideshow_credits": null}, {"abstract": null, "pub_date": "2017-03-06T14:33:36+0000", "snippet": "Leaders of France, Germany, Spain and Italy have called for a European Union which allows groups of member states to advance at their own pace, in a joint effort to cushion the impact of the Brexit....", "web_url": "https://www.nytimes.com/aponline/2017/03/06/world/europe/ap-eu-france-europe.html", "document_type": "article", "headline": {"print_headline": "France, Germany, Spain, Italy Call for a Multi-Speed Europe", "main": "France, Germany, Spain, Italy Call for a Multi-Speed Europe"}, "subsection_name": "Europe", "byline": {"organization": "THE ASSOCIATED PRESS", "person": [], "original": "By THE ASSOCIATED PRESS"}, "section_name": "World", "print_page": 0, "keywords": [], "news_desk": "None", "blog": [], "_id": "58bd734495d0e024902fdc40", "multimedia": [], "source": "AP", "word_count": 303, "lead_paragraph": "Leaders of France, Germany, Spain and Italy have called for a European Union which allows groups of member states to advance at their own pace, in a joint effort to cushion the impact of the Brexit.", "type_of_material": "News", "slideshow_credits": null}, {"abstract": null, "pub_date": "2017-03-06T14:33:29+0000", "snippet": "British foreign minister Boris Johnson condemned North Korea's firing of four ballistic missiles into the sea off northwest Japan, saying such \"provocative actions\" were a threat to international peace and security....", "web_url": "https://www.nytimes.com/reuters/2017/03/06/world/asia/06reuters-north-korea-missiles-britain.html", "document_type": "article", "headline": {"print_headline": "UK Urges North Korea to Stop 'Provocative Actions' After Missile Launches", "main": "UK Urges North Korea to Stop 'Provocative Actions' After Missile Launches"}, "subsection_name": "Asia Pacific", "byline": {"organization": "REUTERS", "person": [], "original": "By REUTERS"}, "section_name": "World", "print_page": 0, "keywords": [], "news_desk": "None", "blog": [], "_id": "58bd734095d0e024902fdc3f", "multimedia": [], "source": "Reuters", "word_count": 127, "lead_paragraph": "British foreign minister Boris Johnson condemned North Korea's firing of four ballistic missiles into the sea off northwest Japan, saying such \"provocative actions\" were a threat to international peace and security.", "type_of_material": "News", "slideshow_credits": null}, {"abstract": null, "pub_date": "2017-03-06T14:30:46+0000", "snippet": "Country singer Rory Feek is remembering late wife Joey Feek a year after her death....", "web_url": "https://www.nytimes.com/aponline/2017/03/06/arts/ap-us-people-rory-feek.html", "document_type": "article", "headline": {"print_headline": "Rory Feek Remembers Late Wife Joey a Year After Her Death", "main": "Rory Feek Remembers Late Wife Joey a Year After Her Death"}, "subsection_name": null, "byline": {"organization": "THE ASSOCIATED PRESS", "person": [], "original": "By THE ASSOCIATED PRESS"}, "section_name": "Arts", "print_page": 0, "keywords": [], "news_desk": "None", "blog": [], "_id": "58bd729e95d0e024902fdc3e", "multimedia": [], "source": "AP", "word_count": 108, "lead_paragraph": "Country singer Rory Feek is remembering late wife Joey Feek a year after her death.", "type_of_material": "News", "slideshow_credits": null}]}}