{"copyright": "Copyright (c) 2013 The New York Times Company.  All Rights Reserved.", "status": "OK", "response": {"meta": {"offset": 250, "time": 168, "hits": 16085757}, "docs": [{"abstract": null, "pub_date": "2017-03-06T20:12:54+0000", "snippet": "A new U.S. satellite is mapping lightning flashes worldwide from above, which should provide better warning about dangerous strikes....", "web_url": "https://www.nytimes.com/aponline/2017/03/06/science/ap-us-sci-lightning-mapper.html", "document_type": "article", "headline": {"print_headline": "Zap Map: Satellite Tracks Lightning for Better Heads Up", "main": "Zap Map: Satellite Tracks Lightning for Better Heads Up"}, "subsection_name": null, "byline": {"organization": "THE ASSOCIATED PRESS", "person": [], "original": "By THE ASSOCIATED PRESS"}, "section_name": "Science", "print_page": 0, "keywords": [], "news_desk": "None", "blog": [], "_id": "58bdc2ce95d0e024902fdd39", "multimedia": [], "source": "AP", "word_count": 129, "lead_paragraph": "A new U.S. satellite is mapping lightning flashes worldwide from above, which should provide better warning about dangerous strikes.", "type_of_material": "News", "slideshow_credits": null}, {"abstract": null, "pub_date": "2017-03-06T20:12:50+0000", "snippet": "Former Panamanian strongman Manuel Noriega is in the hospital to undergo surgery Tuesday to remove a benign tumor from his brain....", "web_url": "https://www.nytimes.com/aponline/2017/03/06/world/americas/ap-lt-panama-noriega.html", "document_type": "article", "headline": {"print_headline": "Panama's Manuel Noriega to Undergo Brain Surgery", "main": "Panama's Manuel Noriega to Undergo Brain Surgery"}, "subsection_name": "Americas", "byline": {"organization": "THE ASSOCIATED PRESS", "person": [], "original": "By THE ASSOCIATED PRESS"}, "section_name": "World", "print_page": 0, "keywords": [], "news_desk": "None", "blog": [], "_id": "58bdc2c795d0e024902fdd38", "multimedia": [], "source": "AP", "word_count": 131, "lead_paragraph": "Former Panamanian strongman Manuel Noriega is in the hospital to undergo surgery Tuesday to remove a benign tumor from his brain.", "type_of_material": "News", "slideshow_credits": null}, {"abstract": null, "pub_date": "2017-03-06T20:12:47+0000", "snippet": "Winning NFL free agency often doesn't translate into wins on the field....", "web_url": "https://www.nytimes.com/aponline/2017/03/06/sports/football/ap-fbn-free-agency-mediocre-crop.html", "document_type": "article", "headline": {"print_headline": "Winning NFL Free Agency Often Doesn't Translate Into Wins", "main": "Winning NFL Free Agency Often Doesn't Translate Into Wins"}, "subsection_name": "Pro Football", "byline": {"organization": "THE ASSOCIATED PRESS", "person": [], "original": "By THE ASSOCIATED PRESS"}, "section_name": "Sports", "print_page": 0, "keywords": [], "news_desk": "None", "blog": [], "_id": "58bdc2c795d0e024902fdd37", "multimedia": [], "source": "AP", "word_count": 723, "lead_paragraph": "Winning NFL free agency often doesn't translate into wins on the field.", "type_of_material": "News", "slideshow_credits": null}, {"abstract": null, "pub_date": "2017-03-06T20:12:30+0000", "snippet": "Saudi Arabia denied on Tuesday claims by Pakistani activists that two transgender women from Pakistan were beaten to death in police custody after being arrested in Saudi Arabia along with more than 30 other members of the community....", "web_url": "https://www.nytimes.com/reuters/2017/03/06/world/asia/06reuters-pakistan-transgender.html", "document_type": "article", "headline": {"print_headline": "Saudi Arabia Denies Pakistani Reports Transgender Women Killed by Police", "main": "Saudi Arabia Denies Pakistani Reports Transgender Women Killed by Police"}, "subsection_name": "Asia Pacific", "byline": {"organization": "REUTERS", "person": [], "original": "By REUTERS"}, "section_name": "World", "print_page": 0, "keywords": [], "news_desk": "None", "blog": [], "_id": "58bdc2b295d0e024902fdd35", "multimedia": [], "source": "Reuters", "word_count": 437, "lead_paragraph": "Saudi Arabia denied on Tuesday claims by Pakistani activists that two transgender women from Pakistan were beaten to death in police custody after being arrested in Saudi Arabia along with more than 30 other members of the community.", "type_of_material": "News", "slideshow_credits": null}, {"abstract": null, "pub_date": "2017-03-06T20:12:30+0000", "snippet": "A Nevada death row inmate will get a second chance to show that his 1996 double-murder conviction was tainted because the trial judge was under investigation at the time for allegedly taking bribes, the U.S. Supreme Court ruled on Monday....", "web_url": "https://www.nytimes.com/reuters/2017/03/06/us/06reuters-usa-court-corruption.html", "document_type": "article", "headline": {"print_headline": "U.S. High Court Gives Nevada Double Murderer Chance to Show Judge Bias", "main": "U.S. High Court Gives Nevada Double Murderer Chance to Show Judge Bias"}, "subsection_name": null, "byline": {"organization": "REUTERS", "person": [], "original": "By REUTERS"}, "section_name": "U.S.", "print_page": 0, "keywords": [], "news_desk": "None", "blog": [], "_id": "58bdc2b795d0e024902fdd36", "multimedia": [], "source": "Reuters", "word_count": 394, "lead_paragraph": "A Nevada death row inmate will get a second chance to show that his 1996 double-murder conviction was tainted because the trial judge was under investigation at the time for allegedly taking bribes, the U.S. Supreme Court ruled on Monday. ", "type_of_material": "News", "slideshow_credits": null}, {"abstract": null, "pub_date": "2017-03-06T20:10:23+0000", "snippet": "Mushers pumped their fists and high-fived fans Monday as they set out one-by-one on the world's most famous sled dog race, a nearly 1,000-mile trek through the grueling Alaska wilderness....", "web_url": "https://www.nytimes.com/aponline/2017/03/06/us/ap-us-iditarod.html", "document_type": "article", "headline": {"print_headline": "Howls, High-Fives Mark Start of Iditarod Race Across Alaska", "main": "Howls, High-Fives Mark Start of Iditarod Race Across Alaska"}, "subsection_name": null, "byline": {"organization": "THE ASSOCIATED PRESS", "person": [], "original": "By THE ASSOCIATED PRESS"}, "section_name": "U.S.", "print_page": 0, "keywords": [], "news_desk": "None", "blog": [], "_id": "58bdc23595d0e024902fdd34", "multimedia": [], "source": "AP", "word_count": 636, "lead_paragraph": "Mushers pumped their fists and high-fived fans Monday as they set out one-by-one on the world's most famous sled dog race, a nearly 1,000-mile trek through the grueling Alaska wilderness.", "type_of_material": "News", "slideshow_credits": null}, {"abstract": null, "pub_date": "2017-03-06T20:10:14+0000", "snippet": "An author of a book discussing racial differences in intelligence who was shouted down by protesters at Middlebury College when he gave a guest lecture and was confronted by some of them afterward says he wants the college to sanction those involv...", "web_url": "https://www.nytimes.com/aponline/2017/03/06/us/ap-us-college-speaker-controversy.html", "document_type": "article", "headline": {"print_headline": "Author: Sanction College Students Who Shouted Down My Speech", "main": "Author: Sanction College Students Who Shouted Down My Speech"}, "subsection_name": null, "byline": {"organization": "THE ASSOCIATED PRESS", "person": [], "original": "By THE ASSOCIATED PRESS"}, "section_name": "U.S.", "print_page": 0, "keywords": [], "news_desk": "None", "blog": [], "_id": "58bdc22995d0e024902fdd33", "multimedia": [], "source": "AP", "word_count": 445, "lead_paragraph": "An author of a book discussing racial differences in intelligence who was shouted down by protesters at Middlebury College when he gave a guest lecture and was confronted by some of them afterward says he wants the college to sanction those involved.", "type_of_material": "News", "slideshow_credits": null}, {"abstract": null, "pub_date": "2017-03-06T20:09:55+0000", "snippet": "The Latest on a Massachusetts house fire that killed a mother and her four children (all times local):...", "web_url": "https://www.nytimes.com/aponline/2017/03/06/us/ap-us-house-fire-the-latest.html", "document_type": "article", "headline": {"print_headline": "The Latest: Mom, 4 Kids Are Identified as House Fire Victims", "main": "The Latest: Mom, 4 Kids Are Identified as House Fire Victims"}, "subsection_name": null, "byline": {"organization": "THE ASSOCIATED PRESS", "person": [], "original": "By THE ASSOCIATED PRESS"}, "section_name": "U.S.", "print_page": 0, "keywords": [], "news_desk": "None", "blog": [], "_id": "58bdc21a95d0e024902fdd32", "multimedia": [], "source": "AP", "word_count": 266, "lead_paragraph": "The Latest on a Massachusetts house fire that killed a mother and her four children (all times local):", "type_of_material": "News", "slideshow_credits": null}, {"abstract": null, "pub_date": "2017-03-06T20:09:32+0000", "snippet": "Exxon Mobil Corp, the world's largest publicly traded oil producer, said on Monday it would invest $20 billion through 2022 to expand its chemical and oil refining plants on the U.S. Gulf Coast....", "web_url": "https://www.nytimes.com/reuters/2017/03/06/business/06reuters-ceraweek-exxon.html", "document_type": "article", "headline": {"print_headline": "Exxon to Invest $20 Billion on U.S. Gulf Coast Refining Projects", "main": "Exxon to Invest $20 Billion on U.S. Gulf Coast Refining Projects"}, "subsection_name": null, "byline": {"organization": "REUTERS", "person": [], "original": "By REUTERS"}, "section_name": "Business Day", "print_page": 0, "keywords": [], "news_desk": "None", "blog": [], "_id": "58bdc20295d0e024902fdd30", "multimedia": [], "source": "Reuters", "word_count": 579, "lead_paragraph": "Exxon Mobil Corp, the world's largest publicly traded oil producer, said on Monday it would invest $20 billion through 2022 to expand its chemical and oil refining plants on the U.S. Gulf Coast.", "type_of_material": "News", "slideshow_credits": null}, {"abstract": null, "pub_date": "2017-03-06T20:09:29+0000", "snippet": "The U.S. Senate Foreign Relations Committee's Republican chairman said on Monday he was \"very encouraged\" by the approach President Donald Trump's administration took to its  new immigration executive order, and pleased that Iraq was removed from ...", "web_url": "https://www.nytimes.com/reuters/2017/03/06/world/middleeast/06reuters-usa-immigration-corker.html", "document_type": "article", "headline": {"print_headline": "Corker, Critic of First Trump Travel Ban Order, Positive on New One", "main": "Corker, Critic of First Trump Travel Ban Order, Positive on New One"}, "subsection_name": "Middle East", "byline": {"organization": "REUTERS", "person": [], "original": "By REUTERS"}, "section_name": "World", "print_page": 0, "keywords": [], "news_desk": "None", "blog": [], "_id": "58bdc20395d0e024902fdd31", "multimedia": [], "source": "Reuters", "word_count": 97, "lead_paragraph": "The U.S. Senate Foreign Relations Committee's Republican chairman said on Monday he was \"very encouraged\" by the approach President Donald Trump's administration took to its  new immigration executive order, and pleased that Iraq was removed from the list of countries subject to visa restrictions.", "type_of_material": "News", "slideshow_credits": null}]}}