{"status": "OK", "copyright": "Copyright (c) 2013 The New York Times Company.  All Rights Reserved.", "response": {"meta": {"hits": 16084807, "time": 165, "offset": 190}, "docs": [{"lead_paragraph": "Air India said it has set a world record by flying around the world with an all-female crew.", "section_name": "World", "slideshow_credits": null, "print_page": 0, "subsection_name": "Asia Pacific", "pub_date": "2017-03-05T09:39:57+0000", "type_of_material": "News", "multimedia": [], "_id": "58bbdcf395d0e024902fd9bc", "blog": [], "document_type": "article", "headline": {"print_headline": "Air India Says All-Female Crew Flies Around the World", "main": "Air India Says All-Female Crew Flies Around the World"}, "source": "AP", "word_count": 124, "abstract": null, "keywords": [], "byline": {"person": [], "organization": "THE ASSOCIATED PRESS", "original": "By THE ASSOCIATED PRESS"}, "snippet": "Air India said it has set a world record by flying around the world with an all-female crew....", "web_url": "https://www.nytimes.com/aponline/2017/03/05/world/asia/ap-as-india-all-female-flight.html", "news_desk": "None"}, {"lead_paragraph": "Bahrain's parliament on Sunday approved a constitutional change allowing military courts to try civilians, the kingdom's latest rollback on reforms made after its 2011 Arab Spring protests that likely will stoke an ongoing government crackdown on dissent.", "section_name": "World", "slideshow_credits": null, "print_page": 0, "subsection_name": "Middle East", "pub_date": "2017-03-05T09:36:36+0000", "type_of_material": "News", "multimedia": [], "_id": "58bbdc2b95d0e024902fd9bb", "blog": [], "document_type": "article", "headline": {"print_headline": "Bahrain Parliament Approves Military Trials for Civilians", "main": "Bahrain Parliament Approves Military Trials for Civilians"}, "source": "AP", "word_count": 658, "abstract": null, "keywords": [], "byline": {"person": [], "organization": "THE ASSOCIATED PRESS", "original": "By THE ASSOCIATED PRESS"}, "snippet": "Bahrain's parliament on Sunday approved a constitutional change allowing military courts to try civilians, the kingdom's latest rollback on reforms made after its 2011 Arab Spring protests that likely will stoke an ongoing government crackdown on ...", "web_url": "https://www.nytimes.com/aponline/2017/03/05/world/middleeast/ap-ml-bahrain.html", "news_desk": "None"}, {"lead_paragraph": "Iraqi troops encountered the heaviest clashes yet with Islamic State group fighters Sunday in western Mosul since the start of the new push more than two weeks ago, according to a senior commander.", "section_name": "World", "slideshow_credits": null, "print_page": 0, "subsection_name": "Middle East", "pub_date": "2017-03-05T09:27:36+0000", "type_of_material": "News", "multimedia": [], "_id": "58bbda0d95d0e024902fd9ba", "blog": [], "document_type": "article", "headline": {"print_headline": "Wave of IS Car Bombs Targets Iraqi Troops in West Mosul", "main": "Wave of IS Car Bombs Targets Iraqi Troops in West Mosul"}, "source": "AP", "word_count": 382, "abstract": null, "keywords": [], "byline": {"person": [], "organization": "THE ASSOCIATED PRESS", "original": "By THE ASSOCIATED PRESS"}, "snippet": "Iraqi troops encountered the heaviest clashes yet with Islamic State group fighters Sunday in western Mosul since the start of the new push more than two weeks ago, according to a senior commander....", "web_url": "https://www.nytimes.com/aponline/2017/03/05/world/middleeast/ap-ml-iraq.html", "news_desk": "None"}, {"lead_paragraph": "Japanese Emperor Akihito paid his respects to the late Thai King Bhumibol Adulyadej on Sunday, arriving in Bangkok following a weeklong trip to Vietnam aimed at winning support against Chinese expansionism.", "section_name": "World", "slideshow_credits": null, "print_page": 0, "subsection_name": "Asia Pacific", "pub_date": "2017-03-05T09:15:35+0000", "type_of_material": "News", "multimedia": [], "_id": "58bbd73a95d0e024902fd9b9", "blog": [], "document_type": "article", "headline": {"print_headline": "Japan's Emperor Pays Respects to Thailand's Late King", "main": "Japan's Emperor Pays Respects to Thailand's Late King"}, "source": "AP", "word_count": 367, "abstract": null, "keywords": [], "byline": {"person": [], "organization": "THE ASSOCIATED PRESS", "original": "By THE ASSOCIATED PRESS"}, "snippet": "Japanese Emperor Akihito paid his respects to the late Thai King Bhumibol Adulyadej on Sunday, arriving in Bangkok following a weeklong trip to Vietnam aimed at winning support against Chinese expansionism....", "web_url": "https://www.nytimes.com/aponline/2017/03/05/world/asia/ap-as-thailand-japan-emperor.html", "news_desk": "None"}, {"lead_paragraph": "The decision on whether or not to return the Syrian pilot who ejected into Turkey will be made following his treatment, a Turkish Cabinet minister said Sunday.", "section_name": "World", "slideshow_credits": null, "print_page": 0, "subsection_name": "Europe", "pub_date": "2017-03-05T09:09:34+0000", "type_of_material": "News", "multimedia": [], "_id": "58bbd5d495d0e024902fd9b6", "blog": [], "document_type": "article", "headline": {"print_headline": "Turkey Rescues Pilot of Syrian Jet That Crashed on Border", "main": "Turkey Rescues Pilot of Syrian Jet That Crashed on Border"}, "source": "AP", "word_count": 223, "abstract": null, "keywords": [], "byline": {"person": [], "organization": "THE ASSOCIATED PRESS", "original": "By THE ASSOCIATED PRESS"}, "snippet": "The decision on whether or not to return the Syrian pilot who ejected into Turkey will be made following his treatment, a Turkish Cabinet minister said Sunday....", "web_url": "https://www.nytimes.com/aponline/2017/03/05/world/europe/ap-eu-turkey-syria-plane.html", "news_desk": "None"}, {"lead_paragraph": "Malaysia has arrested six foreigners and one Malaysian for suspected links to militant groups including Islamic State, the police chief said on Sunday. ", "section_name": "World", "slideshow_credits": null, "print_page": 0, "subsection_name": "Asia Pacific", "pub_date": "2017-03-05T09:09:30+0000", "type_of_material": "News", "multimedia": [], "_id": "58bbd5d495d0e024902fd9b7", "blog": [], "document_type": "article", "headline": {"print_headline": "Malaysia Arrests Seven for Suspected Links to Militant Groups", "main": "Malaysia Arrests Seven for Suspected Links to Militant Groups"}, "source": "Reuters", "word_count": 268, "abstract": null, "keywords": [], "byline": {"person": [], "organization": "REUTERS", "original": "By REUTERS"}, "snippet": "Malaysia has arrested six foreigners and one Malaysian for suspected links to militant groups including Islamic State, the police chief said on Sunday....", "web_url": "https://www.nytimes.com/reuters/2017/03/05/world/asia/05reuters-malaysia-security-arrests.html", "news_desk": "None"}, {"lead_paragraph": "British Prime Minister Theresa May is unlikely to bow to political expedience in Brexit negotiations but will make up her own mind about what she believes is best and refuse to give ground - that's if past form is anything to go by. ", "section_name": "World", "slideshow_credits": null, "print_page": 0, "subsection_name": "Europe", "pub_date": "2017-03-05T09:09:30+0000", "type_of_material": "News", "multimedia": [], "_id": "58bbd5d595d0e024902fd9b8", "blog": [], "document_type": "article", "headline": {"print_headline": "Battle-Hardened in Britain, May Prepares for Brexit Talks", "main": "Battle-Hardened in Britain, May Prepares for Brexit Talks"}, "source": "Reuters", "word_count": 944, "abstract": null, "keywords": [], "byline": {"person": [], "organization": "REUTERS", "original": "By REUTERS"}, "snippet": "British Prime Minister Theresa May is unlikely to bow to political expedience in Brexit negotiations but will make up her own mind about what she believes is best and refuse to give ground - that's if past form is anything to go by....", "web_url": "https://www.nytimes.com/reuters/2017/03/05/world/europe/05reuters-britain-eu-may.html", "news_desk": "None"}, {"lead_paragraph": "An Israeli newspaper is reporting that Prime Minister Benjamin Netanyahu offered the country's opposition leader a unity government late last year that would promote a regional peace initiative &#8212; before backing out.", "section_name": "World", "slideshow_credits": null, "print_page": 0, "subsection_name": "Middle East", "pub_date": "2017-03-05T09:06:33+0000", "type_of_material": "News", "multimedia": [], "_id": "58bbd51f95d0e024902fd9b5", "blog": [], "document_type": "article", "headline": {"print_headline": "Report: Israeli Leader Briefly Offered Pro-Peace Government", "main": "Report: Israeli Leader Briefly Offered Pro-Peace Government"}, "source": "AP", "word_count": 131, "abstract": null, "keywords": [], "byline": {"person": [], "organization": "THE ASSOCIATED PRESS", "original": "By THE ASSOCIATED PRESS"}, "snippet": "An Israeli newspaper is reporting that Prime Minister Benjamin Netanyahu offered the country's opposition leader a unity government late last year that would promote a regional peace initiative &#8212; before backing out....", "web_url": "https://www.nytimes.com/aponline/2017/03/05/world/middleeast/ap-ml-israel-palestinians.html", "news_desk": "None"}, {"lead_paragraph": "Nigerian pirates have released seven Russian and one Ukrainian sailors after they were captured last month on the cargo ship the BBC Caribbean, Russian news agencies reported on Sunday, citing a human rights activist in Crimea.", "section_name": "World", "slideshow_credits": null, "print_page": 0, "subsection_name": "Europe", "pub_date": "2017-03-05T08:57:27+0000", "type_of_material": "News", "multimedia": [], "_id": "58bbd30d95d0e024902fd9b4", "blog": [], "document_type": "article", "headline": {"print_headline": "Pirates in Nigeria Release Russian, Ukrainian Sailors: Agencies", "main": "Pirates in Nigeria Release Russian, Ukrainian Sailors: Agencies"}, "source": "Reuters", "word_count": 137, "abstract": null, "keywords": [], "byline": {"person": [], "organization": "REUTERS", "original": "By REUTERS"}, "snippet": "Nigerian pirates have released seven Russian and one Ukrainian sailors after they were captured last month on the cargo ship the BBC Caribbean, Russian news agencies reported on Sunday, citing a human rights activist in Crimea....", "web_url": "https://www.nytimes.com/reuters/2017/03/05/world/europe/05reuters-nigeria-piracy-ukraine-russia.html", "news_desk": "None"}, {"lead_paragraph": "Pakistan tightened security in the city of Lahore ahead of a hugely anticipated final of its domestic cricket league on Sunday, pushing ahead with a rare high-profile match despite a recent spike in Islamist violence.", "section_name": "Sports", "slideshow_credits": null, "print_page": 0, "subsection_name": "Cricket", "pub_date": "2017-03-05T08:54:28+0000", "type_of_material": "News", "multimedia": [], "_id": "58bbd24c95d0e024902fd9b3", "blog": [], "document_type": "article", "headline": {"print_headline": "After Bombs, Pakistan Tightens Security for Rare Major Cricket Match", "main": "After Bombs, Pakistan Tightens Security for Rare Major Cricket Match"}, "source": "Reuters", "word_count": 425, "abstract": null, "keywords": [], "byline": {"person": [], "organization": "REUTERS", "original": "By REUTERS"}, "snippet": "Pakistan tightened security in the city of Lahore ahead of a hugely anticipated final of its domestic cricket league on Sunday, pushing ahead with a rare high-profile match despite a recent spike in Islamist violence....", "web_url": "https://www.nytimes.com/reuters/2017/03/05/sports/cricket/05reuters-cricket-pakistan.html", "news_desk": "None"}]}}