{"status": "OK", "response": {"docs": [{"subsection_name": "Middle East", "byline": {"organization": "REUTERS", "person": [], "original": "By REUTERS"}, "source": "Reuters", "slideshow_credits": null, "keywords": [], "print_page": 0, "document_type": "article", "multimedia": [], "blog": [], "section_name": "World", "word_count": 440, "web_url": "https://www.nytimes.com/reuters/2017/03/06/world/middleeast/06reuters-iran-nuclear-usa-trump.html", "pub_date": "2017-03-06T15:15:34+0000", "lead_paragraph": "The chief of the U.N. atomic watchdog said on Monday he was confident following a visit to Washington of \"very good cooperation\" with the United States on Iran's nuclear deal, despite President Donald Trump's hawkish comments.", "type_of_material": "News", "news_desk": "None", "snippet": "The chief of the U.N. atomic watchdog said on Monday he was confident following a visit to Washington of \"very good cooperation\" with the United States on Iran's nuclear deal, despite President Donald Trump's hawkish comments....", "_id": "58bd7d2195d0e024902fdc67", "abstract": null, "headline": {"main": "U.N. Nuclear Chief Says Confident of U.S. Cooperation on Iran Deal", "print_headline": "U.N. Nuclear Chief Says Confident of U.S. Cooperation on Iran Deal"}}, {"subsection_name": null, "byline": {"organization": "REUTERS", "person": [], "original": "By REUTERS"}, "source": "Reuters", "slideshow_credits": null, "keywords": [], "print_page": 0, "document_type": "article", "multimedia": [], "blog": [], "section_name": "Business Day", "word_count": 423, "web_url": "https://www.nytimes.com/reuters/2017/03/06/business/06reuters-gm-layoffs.html", "pub_date": "2017-03-06T15:15:32+0000", "lead_paragraph": "General Motors Co said on Monday it will lay off 1,100 workers in May at its Lansing Delta Township assembly plant in Michigan as it shifts production of a vehicle to Tennessee.", "type_of_material": "News", "news_desk": "None", "snippet": "General Motors Co said on Monday it will lay off 1,100 workers in May at its Lansing Delta Township assembly plant in Michigan as it shifts production of a vehicle to Tennessee....", "_id": "58bd7d2195d0e024902fdc65", "abstract": null, "headline": {"main": "GM Will Lay Off 1,100 in Michigan After Domestic Production Shift", "print_headline": "GM Will Lay Off 1,100 in Michigan After Domestic Production Shift"}}, {"subsection_name": null, "byline": {"organization": "THE ASSOCIATED PRESS", "person": [], "original": "By THE ASSOCIATED PRESS"}, "source": "AP", "slideshow_credits": null, "keywords": [], "print_page": 0, "document_type": "article", "multimedia": [], "blog": [], "section_name": "U.S.", "word_count": 129, "web_url": "https://www.nytimes.com/aponline/2017/03/06/us/ap-us-drug-weight-dispute.html", "pub_date": "2017-03-06T15:12:38+0000", "lead_paragraph": "Ohio's top court has ruled that sentences for suspects caught with cocaine can be based on the weight of the entire amount, which could include filler material such as baking soda.", "type_of_material": "News", "news_desk": "None", "snippet": "Ohio's top court has ruled that sentences for suspects caught with cocaine can be based on the weight of the entire amount, which could include filler material such as baking soda....", "_id": "58bd7c6d95d0e024902fdc64", "abstract": null, "headline": {"main": "In Rare Reversal, Ohio Court Overturns Cocaine Filler Case", "print_headline": "In Rare Reversal, Ohio Court Overturns Cocaine Filler Case"}}, {"subsection_name": null, "byline": {"organization": "THE ASSOCIATED PRESS", "person": [], "original": "By THE ASSOCIATED PRESS"}, "source": "AP", "slideshow_credits": null, "keywords": [], "print_page": 0, "document_type": "article", "multimedia": [], "blog": [], "section_name": "U.S.", "word_count": 124, "web_url": "https://www.nytimes.com/aponline/2017/03/06/us/ap-us-tyson-foods-bird-flu.html", "pub_date": "2017-03-06T15:09:42+0000", "lead_paragraph": "Tens of thousands of chickens have been destroyed at a Tennessee chicken farm due to a bird flu outbreak, and 30 other farms within a six-mile radius are being quarantined.", "type_of_material": "News", "news_desk": "None", "snippet": "Tens of thousands of chickens have been destroyed at a Tennessee chicken farm due to a bird flu outbreak, and 30 other farms within a six-mile radius are being quarantined....", "_id": "58bd7bbc95d0e024902fdc63", "abstract": null, "headline": {"main": "Bird Flu Found at Tyson Foods Chicken Supplier", "print_headline": "Bird Flu Found at Tyson Foods Chicken Supplier"}}, {"subsection_name": "Politics", "byline": {"organization": "THE ASSOCIATED PRESS", "person": [], "original": "By THE ASSOCIATED PRESS"}, "source": "AP", "slideshow_credits": null, "keywords": [], "print_page": 0, "document_type": "article", "multimedia": [], "blog": [], "section_name": "U.S.", "word_count": 324, "web_url": "https://www.nytimes.com/aponline/2017/03/06/us/politics/ap-us-factory-orders.html", "pub_date": "2017-03-06T15:09:40+0000", "lead_paragraph": "U.S. businesses increased their orders in January, although a key component that tracks business investment spending fell for the first time in four months.", "type_of_material": "News", "news_desk": "None", "snippet": "U.S. businesses increased their orders in January, although a key component that tracks business investment spending fell for the first time in four months....", "_id": "58bd7bbb95d0e024902fdc62", "abstract": null, "headline": {"main": "US Factory Orders Up 1.2 Percent in January", "print_headline": "US Factory Orders Up 1.2 Percent in January"}}, {"subsection_name": "Politics", "byline": {"organization": "THE ASSOCIATED PRESS", "person": [], "original": "By THE ASSOCIATED PRESS"}, "source": "AP", "slideshow_credits": null, "keywords": [], "print_page": 0, "document_type": "article", "multimedia": [], "blog": [], "section_name": "U.S.", "word_count": 653, "web_url": "https://www.nytimes.com/aponline/2017/03/06/us/politics/ap-us-trump-travel-ban-the-latest.html", "pub_date": "2017-03-06T15:09:37+0000", "lead_paragraph": "The Latest on President Donald Trump's new travel ban order (all times local):", "type_of_material": "News", "news_desk": "None", "snippet": "The Latest on President Donald Trump's new travel ban order (all times local):...", "_id": "58bd7bb695d0e024902fdc60", "abstract": null, "headline": {"main": "The Latest: Trump Privately Signs Revised Travel Ban", "print_headline": "The Latest: Trump Privately Signs Revised Travel Ban"}}, {"subsection_name": null, "byline": {"organization": "REUTERS", "person": [], "original": "By REUTERS"}, "source": "Reuters", "slideshow_credits": null, "keywords": [], "print_page": 0, "document_type": "article", "multimedia": [], "blog": [], "section_name": "Business Day", "word_count": 446, "web_url": "https://www.nytimes.com/reuters/2017/03/06/business/06reuters-germany-airport.html", "pub_date": "2017-03-06T15:09:34+0000", "lead_paragraph": "Engelbert Luetke Daldrup has been named chief executive of Berlin's much delayed new airport after the supervisory board decided to replace Karsten Muehlenfeld following a row over the firing of the project's construction head.", "type_of_material": "News", "news_desk": "None", "snippet": "Engelbert Luetke Daldrup has been named chief executive of Berlin's much delayed new airport after the supervisory board decided to replace Karsten Muehlenfeld following a row over the firing of the project's construction head....", "_id": "58bd7bb695d0e024902fdc61", "abstract": null, "headline": {"main": "Berlin's Long-Delayed Airport Names New Chief Executive", "print_headline": "Berlin's Long-Delayed Airport Names New Chief Executive"}}, {"subsection_name": "Africa", "byline": {"organization": "THE ASSOCIATED PRESS", "person": [], "original": "By THE ASSOCIATED PRESS"}, "source": "AP", "slideshow_credits": null, "keywords": [], "print_page": 0, "document_type": "article", "multimedia": [], "blog": [], "section_name": "World", "word_count": 281, "web_url": "https://www.nytimes.com/aponline/2017/03/06/world/africa/ap-af-kenya-ranch-invasions-.html", "pub_date": "2017-03-06T15:06:41+0000", "lead_paragraph": "Kenya's domestic security minister said Monday that 379 pastoralist herders have been arrested for invading ranches that led to the killing of a British farmer over the weekend.", "type_of_material": "News", "news_desk": "None", "snippet": "Kenya's domestic security minister said Monday that 379 pastoralist herders have been arrested for invading ranches that led to the killing of a British farmer over the weekend....", "_id": "58bd7b0a95d0e024902fdc5f", "abstract": null, "headline": {"main": "Kenya Says 379 Herders Arrested for Ranch Invasions", "print_headline": "Kenya Says 379 Herders Arrested for Ranch Invasions"}}, {"subsection_name": null, "byline": {"organization": "REUTERS", "person": [], "original": "By REUTERS"}, "source": "Reuters", "slideshow_credits": null, "keywords": [], "print_page": 0, "document_type": "article", "multimedia": [], "blog": [], "section_name": "U.S.", "word_count": 504, "web_url": "https://www.nytimes.com/reuters/2017/03/06/us/06reuters-usa-court-dracula.html", "pub_date": "2017-03-06T15:06:36+0000", "lead_paragraph": "The U.S. Supreme Court on Monday refused to hear an appeal by a Jamaican pimp who styled himself as Dracula, even wearing gold-plated fangs, concerning his objection to being ordered to pay restitution to a woman he forced into prostitution in her native Australia.", "type_of_material": "News", "news_desk": "None", "snippet": "The U.S. Supreme Court on Monday refused to hear an appeal by a Jamaican pimp who styled himself as Dracula, even wearing gold-plated fangs, concerning his objection to being ordered to pay restitution to a woman he forced into prostitution in her...", "_id": "58bd7b0495d0e024902fdc5e", "abstract": null, "headline": {"main": "U.S. High Court Rejects 'Dracula' Sex Trafficking Case", "print_headline": "U.S. High Court Rejects 'Dracula' Sex Trafficking Case"}}, {"subsection_name": "Soccer", "byline": {"organization": "REUTERS", "person": [], "original": "By REUTERS"}, "source": "Reuters", "slideshow_credits": null, "keywords": [], "print_page": 0, "document_type": "article", "multimedia": [], "blog": [], "section_name": "Sports", "word_count": 467, "web_url": "https://www.nytimes.com/reuters/2017/03/06/sports/soccer/06reuters-soccer-champions-fcb-psg.html", "pub_date": "2017-03-06T15:06:33+0000", "lead_paragraph": "Barcelona first struggled to come to terms with their shock 4-0 defeat to Paris St Germain in the Champions League last 16 first leg but have sparkled in their last two games and are daring to believe they can defy history by reaching the quarter-finals.", "type_of_material": "News", "news_desk": "None", "snippet": "Barcelona first struggled to come to terms with their shock 4-0 defeat to Paris St Germain in the Champions League last 16 first leg but have sparkled in their last two games and are daring to believe they can defy history by reaching the quarter-...", "_id": "58bd7afe95d0e024902fdc5d", "abstract": null, "headline": {"main": "Barcelona Dare to Believe Mission Impossible Is Possible", "print_headline": "Barcelona Dare to Believe Mission Impossible Is Possible"}}], "meta": {"time": 164, "offset": 60, "hits": 16085356}}, "copyright": "Copyright (c) 2013 The New York Times Company.  All Rights Reserved."}