{"status": "OK", "copyright": "Copyright (c) 2013 The New York Times Company.  All Rights Reserved.", "response": {"meta": {"hits": 16084813, "time": 164, "offset": 150}, "docs": [{"lead_paragraph": "Australia are hoping to chase as little as they can in their fourth innings against India on a difficult pitch, opener Matt Renshaw said on Sunday, adding that the touring side were content with having batted for the entire second day.", "section_name": "Sports", "slideshow_credits": null, "print_page": 0, "subsection_name": "Cricket", "pub_date": "2017-03-05T13:12:28+0000", "type_of_material": "News", "multimedia": [], "_id": "58bc0ec795d0e024902fd9ed", "blog": [], "document_type": "article", "headline": {"print_headline": "Australia Content Having Batted Entire Day, Says Renshaw", "main": "Australia Content Having Batted Entire Day, Says Renshaw"}, "source": "Reuters", "word_count": 473, "abstract": null, "keywords": [], "byline": {"person": [], "organization": "REUTERS", "original": "By REUTERS"}, "snippet": "Australia are hoping to chase as little as they can in their fourth innings against India on a difficult pitch, opener Matt Renshaw said on Sunday, adding that the touring side were content with having batted for the entire second day....", "web_url": "https://www.nytimes.com/reuters/2017/03/05/sports/cricket/05reuters-cricket-india-australia-renshaw.html", "news_desk": "None"}, {"lead_paragraph": "An Associated Press review of Neil Gorsuch's (GOR'-suhch's) rulings as a federal judge finds that the Supreme Court nominee has shown a willingness to limit the participation of environmental groups in lawsuits involving public lands.", "section_name": "U.S.", "slideshow_credits": null, "print_page": 0, "subsection_name": null, "pub_date": "2017-03-05T13:03:37+0000", "type_of_material": "News", "multimedia": [], "_id": "58bc0cb295d0e024902fd9eb", "blog": [], "document_type": "article", "headline": {"print_headline": "Gorsuch Willing to Limit Environmental Groups in Land Cases", "main": "Gorsuch Willing to Limit Environmental Groups in Land Cases"}, "source": "AP", "word_count": 129, "abstract": null, "keywords": [], "byline": {"person": [], "organization": "THE ASSOCIATED PRESS", "original": "By THE ASSOCIATED PRESS"}, "snippet": "An Associated Press review of Neil Gorsuch's (GOR'-suhch's) rulings as a federal judge finds that the Supreme Court nominee has shown a willingness to limit the participation of environmental groups in lawsuits involving public lands....", "web_url": "https://www.nytimes.com/aponline/2017/03/05/us/ap-us-supreme-court-gorsuch-public-lands.html", "news_desk": "None"}, {"lead_paragraph": "Senior French conservative politicians will propose an alternative to presidential candidate Francois Fillon, a senior politician from The Republicans party said, suggesting that Alain Juppe was the only option. ", "section_name": "Business Day", "slideshow_credits": null, "print_page": 0, "subsection_name": null, "pub_date": "2017-03-05T13:03:32+0000", "type_of_material": "News", "multimedia": [], "_id": "58bc0cae95d0e024902fd9ea", "blog": [], "document_type": "article", "headline": {"print_headline": "French Conservative Party Heavyweights to Push for Fillon Alternative, Says Senior Politician", "main": "French Conservative Party Heavyweights to Push for Fillon Alternative, Says Senior Politician"}, "source": "Reuters", "word_count": 146, "abstract": null, "keywords": [], "byline": {"person": [], "organization": "REUTERS", "original": "By REUTERS"}, "snippet": "Senior French conservative politicians will propose an alternative to presidential candidate Francois Fillon, a senior politician from The Republicans party said, suggesting that Alain Juppe was the only option....", "web_url": "https://www.nytimes.com/reuters/2017/03/05/business/05reuters-france-election-estrosi.html", "news_desk": "None"}, {"lead_paragraph": "Pope Francis on Sunday called on people to carry and read the bible with as much dedication as they do their mobile phones.", "section_name": "Technology", "slideshow_credits": null, "print_page": 0, "subsection_name": null, "pub_date": "2017-03-05T13:03:29+0000", "type_of_material": "News", "multimedia": [], "_id": "58bc0ca695d0e024902fd9e9", "blog": [], "document_type": "article", "headline": {"print_headline": "Pope Says Carry and Read Bible as if It Were a Mobile Phone", "main": "Pope Says Carry and Read Bible as if It Were a Mobile Phone"}, "source": "Reuters", "word_count": 292, "abstract": null, "keywords": [], "byline": {"person": [], "organization": "REUTERS", "original": "By REUTERS"}, "snippet": "Pope Francis on Sunday called on people to carry and read the bible with as much dedication as they do their mobile phones....", "web_url": "https://www.nytimes.com/reuters/2017/03/05/technology/05reuters-pope-bible.html", "news_desk": "None"}, {"lead_paragraph": "As millions of Americans file their income tax returns, their chances of getting audited by the IRS have rarely been so low.", "section_name": "U.S.", "slideshow_credits": null, "print_page": 0, "subsection_name": "Politics", "pub_date": "2017-03-05T12:54:43+0000", "type_of_material": "News", "multimedia": [], "_id": "58bc0a9b95d0e024902fd9e8", "blog": [], "document_type": "article", "headline": {"print_headline": "Income Tax Audits Plummet as IRS Loses Agents to Budget Cuts", "main": "Income Tax Audits Plummet as IRS Loses Agents to Budget Cuts"}, "source": "AP", "word_count": 840, "abstract": null, "keywords": [], "byline": {"person": [], "organization": "THE ASSOCIATED PRESS", "original": "By THE ASSOCIATED PRESS"}, "snippet": "As millions of Americans file their income tax returns, their chances of getting audited by the IRS have rarely been so low....", "web_url": "https://www.nytimes.com/aponline/2017/03/05/us/politics/ap-us-irs-audits.html", "news_desk": "None"}, {"lead_paragraph": "Russian news reports say curious and pious people are visiting a bust of the last czar in the Crimean capital after reports spread that the sculpture appeared to be weeping.", "section_name": "World", "slideshow_credits": null, "print_page": 0, "subsection_name": "Europe", "pub_date": "2017-03-05T12:51:35+0000", "type_of_material": "News", "multimedia": [], "_id": "58bc09de95d0e024902fd9e7", "blog": [], "document_type": "article", "headline": {"print_headline": "Czar Bust in Crimea Reportedly Appears to Shed Tears", "main": "Czar Bust in Crimea Reportedly Appears to Shed Tears"}, "source": "AP", "word_count": 132, "abstract": null, "keywords": [], "byline": {"person": [], "organization": "THE ASSOCIATED PRESS", "original": "By THE ASSOCIATED PRESS"}, "snippet": "Russian news reports say curious and pious people are visiting a bust of the last czar in the Crimean capital after reports spread that the sculpture appeared to be weeping....", "web_url": "https://www.nytimes.com/aponline/2017/03/05/world/europe/ap-eu-crimea-weeping-bust.html", "news_desk": "None"}, {"lead_paragraph": "Republican leaders in Maine and Utah are asking President Donald Trump to step into uncharted territory and rescind national monument designations made by his predecessor.", "section_name": "U.S.", "slideshow_credits": null, "print_page": 0, "subsection_name": null, "pub_date": "2017-03-05T12:42:37+0000", "type_of_material": "News", "multimedia": [], "_id": "58bc07cd95d0e024902fd9e6", "blog": [], "document_type": "article", "headline": {"print_headline": "Republicans in Maine, Utah Want Trump to Undo Monuments", "main": "Republicans in Maine, Utah Want Trump to Undo Monuments"}, "source": "AP", "word_count": 644, "abstract": null, "keywords": [], "byline": {"person": [], "organization": "THE ASSOCIATED PRESS", "original": "By THE ASSOCIATED PRESS"}, "snippet": "Republican leaders in Maine and Utah are asking President Donald Trump to step into uncharted territory and rescind national monument designations made by his predecessor....", "web_url": "https://www.nytimes.com/aponline/2017/03/05/us/ap-us-trump-national-monuments.html", "news_desk": "None"}, {"lead_paragraph": "Deniz Yucel, a German-Turkish journalist arrested last week in Turkey, views his solitary confinement in Turkey as \"almost a form of torture,\" but said his health and mental condition are good, the German newspaper he reports for said on Sunday.", "section_name": "World", "slideshow_credits": null, "print_page": 0, "subsection_name": "Europe", "pub_date": "2017-03-05T12:42:34+0000", "type_of_material": "News", "multimedia": [], "_id": "58bc07c095d0e024902fd9e5", "blog": [], "document_type": "article", "headline": {"print_headline": "Journalist Says in Solitary Confinement in Turkey: Newspaper", "main": "Journalist Says in Solitary Confinement in Turkey: Newspaper"}, "source": "Reuters", "word_count": 401, "abstract": null, "keywords": [], "byline": {"person": [], "organization": "REUTERS", "original": "By REUTERS"}, "snippet": "Deniz Yucel, a German-Turkish journalist arrested last week in Turkey, views his solitary confinement in Turkey as \"almost a form of torture,\" but said his health and mental condition are good, the German newspaper he reports for said on Sunday....", "web_url": "https://www.nytimes.com/reuters/2017/03/05/world/europe/05reuters-turkey-security-germany-journalist.html", "news_desk": "None"}, {"lead_paragraph": "Prime Minister Theresa May will write to European Council President Donald Tusk this month [L5N1GG31G] to trigger Britain's withdrawal from the European Union under Article 50 of the EU treaty. ", "section_name": "World", "slideshow_credits": null, "print_page": 0, "subsection_name": "Europe", "pub_date": "2017-03-05T12:36:29+0000", "type_of_material": "News", "multimedia": [], "_id": "58bc065195d0e024902fd9e4", "blog": [], "document_type": "article", "headline": {"print_headline": "Factbox: Countdown to Brexit", "main": "Factbox: Countdown to Brexit"}, "source": "Reuters", "word_count": 581, "abstract": null, "keywords": [], "byline": {"person": [], "organization": "REUTERS", "original": "By REUTERS"}, "snippet": "Prime Minister Theresa May will write to European Council President Donald Tusk this month [L5N1GG31G] to trigger Britain's withdrawal from the European Union under Article 50 of the EU treaty....", "web_url": "https://www.nytimes.com/reuters/2017/03/05/world/europe/05reuters-britain-eu-may-timeline.html", "news_desk": "None"}, {"lead_paragraph": "Five months of multi-sided clashes in Syria's crowded northern battlefield have displaced some 66,000 people, a U.N. humanitarian agency said Sunday, a day after the U.S. bolstered Kurdish-led forces with a deployment of armored vehicles amid preparations for a push toward the Islamic State group's de facto capital.", "section_name": "World", "slideshow_credits": null, "print_page": 0, "subsection_name": "Europe", "pub_date": "2017-03-05T12:33:35+0000", "type_of_material": "News", "multimedia": [], "_id": "58bc05a795d0e024902fd9e3", "blog": [], "document_type": "article", "headline": {"print_headline": "UN Says 66,000 Displaced in 5 Months of North Syria Fighting", "main": "UN Says 66,000 Displaced in 5 Months of North Syria Fighting"}, "source": "AP", "word_count": 572, "abstract": null, "keywords": [], "byline": {"person": [], "organization": "THE ASSOCIATED PRESS", "original": "By THE ASSOCIATED PRESS"}, "snippet": "Five months of multi-sided clashes in Syria's crowded northern battlefield have displaced some 66,000 people, a U.N. humanitarian agency said Sunday, a day after the U.S. bolstered Kurdish-led forces with a deployment of armored vehicles amid prep...", "web_url": "https://www.nytimes.com/aponline/2017/03/05/world/europe/ap-syria.html", "news_desk": "None"}]}}