{"copyright": "Copyright (c) 2013 The New York Times Company.  All Rights Reserved.", "status": "OK", "response": {"meta": {"offset": 460, "time": 165, "hits": 16085757}, "docs": [{"abstract": null, "pub_date": "2017-03-06T15:15:32+0000", "snippet": "General Motors Co said on Monday it will lay off 1,100 workers in May at its Lansing Delta Township assembly plant in Michigan as it shifts production of a vehicle to Tennessee....", "web_url": "https://www.nytimes.com/reuters/2017/03/06/business/06reuters-gm-layoffs.html", "document_type": "article", "headline": {"print_headline": "GM Will Lay Off 1,100 in Michigan After Domestic Production Shift", "main": "GM Will Lay Off 1,100 in Michigan After Domestic Production Shift"}, "subsection_name": null, "byline": {"organization": "REUTERS", "person": [], "original": "By REUTERS"}, "section_name": "Business Day", "print_page": 0, "keywords": [], "news_desk": "None", "blog": [], "_id": "58bd7d2195d0e024902fdc65", "multimedia": [], "source": "Reuters", "word_count": 423, "lead_paragraph": "General Motors Co said on Monday it will lay off 1,100 workers in May at its Lansing Delta Township assembly plant in Michigan as it shifts production of a vehicle to Tennessee.", "type_of_material": "News", "slideshow_credits": null}, {"abstract": null, "pub_date": "2017-03-06T15:12:39+0000", "snippet": "Ohio's top court ruled Monday that sentences for suspects caught with cocaine can be based on the weight of the entire amount, which could include filler material such as baking soda....", "web_url": "https://www.nytimes.com/aponline/2017/03/06/us/ap-us-drug-weight-dispute.html", "document_type": "article", "headline": {"print_headline": "In Rare Reversal, Ohio Court Overturns Cocaine Filler Case", "main": "In Rare Reversal, Ohio Court Overturns Cocaine Filler Case"}, "subsection_name": null, "byline": {"organization": "THE ASSOCIATED PRESS", "person": [], "original": "By THE ASSOCIATED PRESS"}, "section_name": "U.S.", "print_page": 0, "keywords": [], "news_desk": "None", "blog": [], "_id": "58bd7c6d95d0e024902fdc64", "multimedia": [], "source": "AP", "word_count": 491, "lead_paragraph": "Ohio's top court ruled Monday that sentences for suspects caught with cocaine can be based on the weight of the entire amount, which could include filler material such as baking soda.", "type_of_material": "News", "slideshow_credits": null}, {"abstract": null, "pub_date": "2017-03-06T15:09:42+0000", "snippet": "Tens of thousands of chickens have been destroyed at a Tennessee chicken farm due to a bird flu outbreak and 30 other farms within a six-mile radius have been quarantined....", "web_url": "https://www.nytimes.com/aponline/2017/03/06/us/ap-us-tyson-foods-bird-flu.html", "document_type": "article", "headline": {"print_headline": "Bird Flu Found at Tyson Foods Chicken Supplier", "main": "Bird Flu Found at Tyson Foods Chicken Supplier"}, "subsection_name": null, "byline": {"organization": "THE ASSOCIATED PRESS", "person": [], "original": "By THE ASSOCIATED PRESS"}, "section_name": "U.S.", "print_page": 0, "keywords": [], "news_desk": "None", "blog": [], "_id": "58bd7bbc95d0e024902fdc63", "multimedia": [], "source": "AP", "word_count": 460, "lead_paragraph": "Tens of thousands of chickens have been destroyed at a Tennessee chicken farm due to a bird flu outbreak and 30 other farms within a six-mile radius have been quarantined.", "type_of_material": "News", "slideshow_credits": null}, {"abstract": null, "pub_date": "2017-03-06T15:09:40+0000", "snippet": "U.S. businesses increased their orders in January, although a key component that tracks business investment spending fell for the first time in four months....", "web_url": "https://www.nytimes.com/aponline/2017/03/06/us/politics/ap-us-factory-orders.html", "document_type": "article", "headline": {"print_headline": "US Factory Orders Up 1.2 Percent in January", "main": "US Factory Orders Up 1.2 Percent in January"}, "subsection_name": "Politics", "byline": {"organization": "THE ASSOCIATED PRESS", "person": [], "original": "By THE ASSOCIATED PRESS"}, "section_name": "U.S.", "print_page": 0, "keywords": [], "news_desk": "None", "blog": [], "_id": "58bd7bbb95d0e024902fdc62", "multimedia": [], "source": "AP", "word_count": 324, "lead_paragraph": "U.S. businesses increased their orders in January, although a key component that tracks business investment spending fell for the first time in four months.", "type_of_material": "News", "slideshow_credits": null}, {"abstract": null, "pub_date": "2017-03-06T15:09:37+0000", "snippet": "The Latest on President Donald Trump's new travel ban order (all times local):...", "web_url": "https://www.nytimes.com/aponline/2017/03/06/us/politics/ap-us-trump-travel-ban-the-latest.html", "document_type": "article", "headline": {"print_headline": "The Latest: UNHCR Chief Says Order Adds to Refugees' Anguish", "main": "The Latest: UNHCR Chief Says Order Adds to Refugees' Anguish"}, "subsection_name": "Politics", "byline": {"organization": "THE ASSOCIATED PRESS", "person": [], "original": "By THE ASSOCIATED PRESS"}, "section_name": "U.S.", "print_page": 0, "keywords": [], "news_desk": "None", "blog": [], "_id": "58bd7bb695d0e024902fdc60", "multimedia": [], "source": "AP", "word_count": 1682, "lead_paragraph": "The Latest on President Donald Trump's new travel ban order (all times local):", "type_of_material": "News", "slideshow_credits": null}, {"abstract": null, "pub_date": "2017-03-06T15:09:34+0000", "snippet": "Engelbert Luetke Daldrup has been named chief executive of Berlin's much delayed new airport after the supervisory board decided to replace Karsten Muehlenfeld following a row over the firing of the project's construction head....", "web_url": "https://www.nytimes.com/reuters/2017/03/06/business/06reuters-germany-airport.html", "document_type": "article", "headline": {"print_headline": "Berlin's Long-Delayed Airport Names New Chief Executive", "main": "Berlin's Long-Delayed Airport Names New Chief Executive"}, "subsection_name": null, "byline": {"organization": "REUTERS", "person": [], "original": "By REUTERS"}, "section_name": "Business Day", "print_page": 0, "keywords": [], "news_desk": "None", "blog": [], "_id": "58bd7bb695d0e024902fdc61", "multimedia": [], "source": "Reuters", "word_count": 446, "lead_paragraph": "Engelbert Luetke Daldrup has been named chief executive of Berlin's much delayed new airport after the supervisory board decided to replace Karsten Muehlenfeld following a row over the firing of the project's construction head.", "type_of_material": "News", "slideshow_credits": null}, {"abstract": null, "pub_date": "2017-03-06T15:06:41+0000", "snippet": "Kenya's domestic security minister said Monday that 379 pastoralist herders have been arrested for invading ranches that led to the killing of a British farmer over the weekend....", "web_url": "https://www.nytimes.com/aponline/2017/03/06/world/africa/ap-af-kenya-ranch-invasions-.html", "document_type": "article", "headline": {"print_headline": "Kenya Says 379 Herders Arrested for Ranch Invasions", "main": "Kenya Says 379 Herders Arrested for Ranch Invasions"}, "subsection_name": "Africa", "byline": {"organization": "THE ASSOCIATED PRESS", "person": [], "original": "By THE ASSOCIATED PRESS"}, "section_name": "World", "print_page": 0, "keywords": [], "news_desk": "None", "blog": [], "_id": "58bd7b0a95d0e024902fdc5f", "multimedia": [], "source": "AP", "word_count": 281, "lead_paragraph": "Kenya's domestic security minister said Monday that 379 pastoralist herders have been arrested for invading ranches that led to the killing of a British farmer over the weekend.", "type_of_material": "News", "slideshow_credits": null}, {"abstract": null, "pub_date": "2017-03-06T15:06:36+0000", "snippet": "The U.S. Supreme Court on Monday refused to hear an appeal by a Jamaican pimp who styled himself as Dracula, even wearing gold-plated fangs, concerning his objection to being ordered to pay restitution to a woman he forced into prostitution in her...", "web_url": "https://www.nytimes.com/reuters/2017/03/06/us/06reuters-usa-court-dracula.html", "document_type": "article", "headline": {"print_headline": "U.S. High Court Rejects 'Dracula' Sex Trafficking Case", "main": "U.S. High Court Rejects 'Dracula' Sex Trafficking Case"}, "subsection_name": null, "byline": {"organization": "REUTERS", "person": [], "original": "By REUTERS"}, "section_name": "U.S.", "print_page": 0, "keywords": [], "news_desk": "None", "blog": [], "_id": "58bd7b0495d0e024902fdc5e", "multimedia": [], "source": "Reuters", "word_count": 504, "lead_paragraph": "The U.S. Supreme Court on Monday refused to hear an appeal by a Jamaican pimp who styled himself as Dracula, even wearing gold-plated fangs, concerning his objection to being ordered to pay restitution to a woman he forced into prostitution in her native Australia.", "type_of_material": "News", "slideshow_credits": null}, {"abstract": null, "pub_date": "2017-03-06T15:06:33+0000", "snippet": "Barcelona first struggled to come to terms with their shock 4-0 defeat to Paris St Germain in the Champions League last 16 first leg but have sparkled in their last two games and are daring to believe they can defy history by reaching the quarter-...", "web_url": "https://www.nytimes.com/reuters/2017/03/06/sports/soccer/06reuters-soccer-champions-fcb-psg.html", "document_type": "article", "headline": {"print_headline": "Barcelona Dare to Believe Mission Impossible Is Possible", "main": "Barcelona Dare to Believe Mission Impossible Is Possible"}, "subsection_name": "Soccer", "byline": {"organization": "REUTERS", "person": [], "original": "By REUTERS"}, "section_name": "Sports", "print_page": 0, "keywords": [], "news_desk": "None", "blog": [], "_id": "58bd7afe95d0e024902fdc5d", "multimedia": [], "source": "Reuters", "word_count": 467, "lead_paragraph": "Barcelona first struggled to come to terms with their shock 4-0 defeat to Paris St Germain in the Champions League last 16 first leg but have sparkled in their last two games and are daring to believe they can defy history by reaching the quarter-finals.", "type_of_material": "News", "slideshow_credits": null}, {"abstract": null, "pub_date": "2017-03-06T15:06:29+0000", "snippet": "Greek authorities have seized more than half a million illegally made amphetamine pills, their largest haul to date and thought to be destined for the Middle East....", "web_url": "https://www.nytimes.com/reuters/2017/03/06/world/europe/06reuters-europe-crime-greece.html", "document_type": "article", "headline": {"print_headline": "Greece Seizes Amphetamines Suspected to Be Destined for Middle East", "main": "Greece Seizes Amphetamines Suspected to Be Destined for Middle East"}, "subsection_name": "Europe", "byline": {"organization": "REUTERS", "person": [], "original": "By REUTERS"}, "section_name": "World", "print_page": 0, "keywords": [], "news_desk": "None", "blog": [], "_id": "58bd7afb95d0e024902fdc5c", "multimedia": [], "source": "Reuters", "word_count": 133, "lead_paragraph": "Greek authorities have seized more than half a million illegally made amphetamine pills, their largest haul to date and thought to be destined for the Middle East. ", "type_of_material": "News", "slideshow_credits": null}]}}