{"status": "OK", "response": {"docs": [{"subsection_name": "Europe", "byline": {"organization": "REUTERS", "person": [], "original": "By REUTERS"}, "source": "Reuters", "slideshow_credits": null, "keywords": [], "print_page": 0, "document_type": "article", "multimedia": [], "blog": [], "section_name": "World", "word_count": 129, "web_url": "https://www.nytimes.com/reuters/2017/03/06/world/europe/06reuters-eu-russia-johnson.html", "pub_date": "2017-03-06T09:27:29+0000", "lead_paragraph": "Russia will have to prove it can be trusted again but there was no appetite among Western allies for a new cold war, British Foreign Secretary Boris Johnson said on Monday.", "type_of_material": "News", "news_desk": "None", "snippet": "Russia will have to prove it can be trusted again but there was no appetite among Western allies for a new cold war, British Foreign Secretary Boris Johnson said on Monday....", "_id": "58bd2b8995d0e024902fdb90", "abstract": null, "headline": {"main": "Russia Has to Show It Can Be Trusted: Britain's Johnson", "print_headline": "Russia Has to Show It Can Be Trusted: Britain's Johnson"}}, {"subsection_name": null, "byline": {"organization": "REUTERS", "person": [], "original": "By REUTERS"}, "source": "Reuters", "slideshow_credits": null, "keywords": [], "print_page": 0, "document_type": "article", "multimedia": [], "blog": [], "section_name": "Business Day", "word_count": 189, "web_url": "https://www.nytimes.com/reuters/2017/03/06/business/06reuters-britain-economy-autos-registrations.html", "pub_date": "2017-03-06T09:24:29+0000", "lead_paragraph": "British new car registrations fell by an annual 0.3 percent to 83,115 units in February, driven down by weaker demand from individuals and companies, but sales are expected to pick up in March, a car industry body said on Monday. ", "type_of_material": "News", "news_desk": "None", "snippet": "British new car registrations fell by an annual 0.3 percent to 83,115 units in February, driven down by weaker demand from individuals and companies, but sales are expected to pick up in March, a car industry body said on Monday....", "_id": "58bd2ad395d0e024902fdb8f", "abstract": null, "headline": {"main": "UK New Car Sales Dip in February, Pickup Seen in March-SMMT", "print_headline": "UK New Car Sales Dip in February, Pickup Seen in March-SMMT"}}, {"subsection_name": "Europe", "byline": {"organization": "THE ASSOCIATED PRESS", "person": [], "original": "By THE ASSOCIATED PRESS"}, "source": "AP", "slideshow_credits": null, "keywords": [], "print_page": 0, "document_type": "article", "multimedia": [], "blog": [], "section_name": "World", "word_count": 1023, "web_url": "https://www.nytimes.com/aponline/2017/03/06/world/europe/ap-eu-psa-opel-the-latest.html", "pub_date": "2017-03-06T09:18:32+0000", "lead_paragraph": "The Latest on General Motors' sale of its European brands to PSA Group (all times local):", "type_of_material": "News", "news_desk": "None", "snippet": "The Latest on General Motors' sale of its European brands to PSA Group (all times local):...", "_id": "58bd296b95d0e024902fdb8d", "abstract": null, "headline": {"main": "The Latest: GM May Exit Other Markets if They Can't Be Fixed", "print_headline": "The Latest: GM May Exit Other Markets if They Can't Be Fixed"}}, {"subsection_name": null, "byline": {"organization": "REUTERS", "person": [], "original": "By REUTERS"}, "source": "Reuters", "slideshow_credits": null, "keywords": [], "print_page": 0, "document_type": "article", "multimedia": [], "blog": [], "section_name": "Business Day", "word_count": 372, "web_url": "https://www.nytimes.com/reuters/2017/03/06/business/06reuters-britain-budget-skills.html", "pub_date": "2017-03-06T09:18:30+0000", "lead_paragraph": "Britain plans to spend an extra half a billion pounds a year to improve skills training, the government said on Sunday, seeking to address the country&#8217;s nagging productivity problems as it prepares to leave the European Union.", "type_of_material": "News", "news_desk": "None", "snippet": "Britain plans to spend an extra half a billion pounds a year to improve skills training, the government said on Sunday, seeking to address the country&#8217;s nagging productivity problems as it prepares to leave the European Union....", "_id": "58bd297095d0e024902fdb8e", "abstract": null, "headline": {"main": "UK Ramps Up Skills Training to Tackle Productivity Problem", "print_headline": "UK Ramps Up Skills Training to Tackle Productivity Problem"}}, {"subsection_name": null, "byline": {"organization": "REUTERS", "person": [], "original": "By REUTERS"}, "source": "Reuters", "slideshow_credits": null, "keywords": [], "print_page": 0, "document_type": "article", "multimedia": [], "blog": [], "section_name": "Business Day", "word_count": 548, "web_url": "https://www.nytimes.com/reuters/2017/03/06/business/06reuters-britain-budget.html", "pub_date": "2017-03-06T09:18:28+0000", "lead_paragraph": "Britain's Chancellor Philip Hammond said he would keep \"reserves in the tank\" to see the economy through its looming Brexit challenge, signalling little room for extra spending in this week's budget despite better news on borrowing.", "type_of_material": "News", "news_desk": "None", "snippet": "Britain's Chancellor Philip Hammond said he would keep \"reserves in the tank\" to see the economy through its looming Brexit challenge, signalling little room for extra spending in this week's budget despite better news on borrowing....", "_id": "58bd296a95d0e024902fdb8c", "abstract": null, "headline": {"main": "UK Needs Financial Reserves in the Tank for Brexit-Hammond", "print_headline": "UK Needs Financial Reserves in the Tank for Brexit-Hammond"}}, {"subsection_name": null, "byline": {"organization": "REUTERS", "person": [], "original": "By REUTERS"}, "source": "Reuters", "slideshow_credits": null, "keywords": [], "print_page": 0, "document_type": "article", "multimedia": [], "blog": [], "section_name": "Business Day", "word_count": 682, "web_url": "https://www.nytimes.com/reuters/2017/03/06/business/06reuters-deutsche-bank-capital.html", "pub_date": "2017-03-06T09:15:36+0000", "lead_paragraph": "Deutsche Bank's request for shareholders to sign an 8 billion euro ($8.5 billion) check to back its new strategy got a lukewarm reception on Monday from investors who want more detail on its plans.", "type_of_material": "News", "news_desk": "None", "snippet": "Deutsche Bank's request for shareholders to sign an 8 billion euro ($8.5 billion) check to back its new strategy got a lukewarm reception on Monday from investors who want more detail on its plans....", "_id": "58bd28c295d0e024902fdb8b", "abstract": null, "headline": {"main": "Muted Response to Deutsche Bank's $8.5 Billion Cash Call, Strategic u-Turn", "print_headline": "Muted Response to Deutsche Bank's $8.5 Billion Cash Call, Strategic u-Turn"}}, {"subsection_name": null, "byline": {"organization": "REUTERS", "person": [], "original": "By REUTERS"}, "source": "Reuters", "slideshow_credits": null, "keywords": [], "print_page": 0, "document_type": "article", "multimedia": [], "blog": [], "section_name": "Business Day", "word_count": 196, "web_url": "https://www.nytimes.com/reuters/2017/03/06/business/06reuters-opel-m-a-psa-unions.html", "pub_date": "2017-03-06T09:09:36+0000", "lead_paragraph": "The head of Britain's biggest union called on the government to do all it can to protect jobs at Vauxhall's British car and van plants as new owner Peugeot decides where to build future models.", "type_of_material": "News", "news_desk": "None", "snippet": "The head of Britain's biggest union called on the government to do all it can to protect jobs at Vauxhall's British car and van plants as new owner Peugeot decides where to build future models....", "_id": "58bd275b95d0e024902fdb8a", "abstract": null, "headline": {"main": "UK Union Head Calls on Government to Protect Future Vauxhall Jobs", "print_headline": "UK Union Head Calls on Government to Protect Future Vauxhall Jobs"}}, {"subsection_name": null, "byline": {"organization": "REUTERS", "person": [], "original": "By REUTERS"}, "source": "Reuters", "slideshow_credits": null, "keywords": [], "print_page": 0, "document_type": "article", "multimedia": [], "blog": [], "section_name": "Business Day", "word_count": 369, "web_url": "https://www.nytimes.com/reuters/2017/03/06/business/06reuters-opel-m-a-psa-britain.html", "pub_date": "2017-03-06T09:06:35+0000", "lead_paragraph": "Britain's business minister and the country's biggest trade union said they were focused on securing the long-term future of Vauxhall's plants after France's Peugeot confirmed it would buy the British brand from General Motors. ", "type_of_material": "News", "news_desk": "None", "snippet": "Britain's business minister and the country's biggest trade union said they were focused on securing the long-term future of Vauxhall's plants after France's Peugeot confirmed it would buy the British brand from General Motors....", "_id": "58bd26a495d0e024902fdb89", "abstract": null, "headline": {"main": "UK Focused on New Vauxhall Model After Peugeot Buyout", "print_headline": "UK Focused on New Vauxhall Model After Peugeot Buyout"}}, {"subsection_name": "Asia Pacific", "byline": {"organization": "THE ASSOCIATED PRESS", "person": [], "original": "By THE ASSOCIATED PRESS"}, "source": "AP", "slideshow_credits": null, "keywords": [], "print_page": 0, "document_type": "article", "multimedia": [], "blog": [], "section_name": "World", "word_count": 753, "web_url": "https://www.nytimes.com/aponline/2017/03/06/world/asia/ap-as-thailand-fort-demolition.html", "pub_date": "2017-03-06T09:06:34+0000", "lead_paragraph": "Teak chips from pulverized balconies and broken-up floors shower down on workers as they cart out an old TV, a bamboo sofa and a shattered mirror from a house dating back to the 1920s. Meters away, a man wielding a sledgehammer smashes down the frame of a rusting door as dozens of residents look on behind hastily erected barriers.", "type_of_material": "News", "news_desk": "None", "snippet": "Teak chips from pulverized balconies and broken-up floors shower down on workers as they cart out an old TV, a bamboo sofa and a shattered mirror from a house dating back to the 1920s. Meters away, a man wielding a sledgehammer smashes down the fr...", "_id": "58bd26a495d0e024902fdb88", "abstract": null, "headline": {"main": "Historic Bangkok Community Being Razed Despite Opposition", "print_headline": "Historic Bangkok Community Being Razed Despite Opposition"}}, {"subsection_name": null, "byline": {"organization": "REUTERS", "person": [], "original": "By REUTERS"}, "source": "Reuters", "slideshow_credits": null, "keywords": [], "print_page": 0, "document_type": "article", "multimedia": [], "blog": [], "section_name": "Business Day", "word_count": 175, "web_url": "https://www.nytimes.com/reuters/2017/03/06/business/06reuters-opel-m-a-psa-labour.html", "pub_date": "2017-03-06T09:06:32+0000", "lead_paragraph": "Opel's European works council and labor union IG Metall will make their approval of a deal by General Motors to sell the carmaker to France's PSA Group dependent on details of their plans for Opel's future, they said in joint statement on Monday.", "type_of_material": "News", "news_desk": "None", "snippet": "Opel's European works council and labor union IG Metall will make their approval of a deal by General Motors to sell the carmaker to France's PSA Group dependent on details of their plans for Opel's future, they said in joint statement on Monday....", "_id": "58bd269d95d0e024902fdb86", "abstract": null, "headline": {"main": "Opel Labor Bosses Say Approval of Sale Depends on Plans for Future", "print_headline": "Opel Labor Bosses Say Approval of Sale Depends on Plans for Future"}}], "meta": {"time": 209, "offset": 280, "hits": 16085363}}, "copyright": "Copyright (c) 2013 The New York Times Company.  All Rights Reserved."}