{"copyright": "Copyright (c) 2013 The New York Times Company.  All Rights Reserved.", "status": "OK", "response": {"meta": {"offset": 440, "time": 190, "hits": 16085757}, "docs": [{"abstract": null, "pub_date": "2017-03-06T15:39:46+0000", "snippet": "Fresh off his victory at Riviera that elevated Dustin Johnson to the top of the world ranking, the question was how he would handle the expectations and attention that come with being No. 1....", "web_url": "https://www.nytimes.com/aponline/2017/03/06/sports/golf/ap-glf-on-golf-dj-soaring.html", "document_type": "article", "headline": {"print_headline": "Column: Johnson Playing Like He'll Be at No. 1 for a While", "main": "Column: Johnson Playing Like He'll Be at No. 1 for a While"}, "subsection_name": "Golf", "byline": {"organization": "THE ASSOCIATED PRESS", "person": [], "original": "By THE ASSOCIATED PRESS"}, "section_name": "Sports", "print_page": 0, "keywords": [], "news_desk": "None", "blog": [], "_id": "58bd82c695d0e024902fdc78", "multimedia": [], "source": "AP", "word_count": 789, "lead_paragraph": "Fresh off his victory at Riviera that elevated Dustin Johnson to the top of the world ranking, the question was how he would handle the expectations and attention that come with being No. 1.", "type_of_material": "News", "slideshow_credits": null}, {"abstract": null, "pub_date": "2017-03-06T15:39:45+0000", "snippet": "Grain futures were mixed Monday on the Chicago Board of Trade....", "web_url": "https://www.nytimes.com/aponline/2017/03/06/business/ap-financial-markets-board-of-trade.html", "document_type": "article", "headline": {"print_headline": "Grain Mixed, Livestock Mixed", "main": "Grain Mixed, Livestock Mixed"}, "subsection_name": null, "byline": {"organization": "THE ASSOCIATED PRESS", "person": [], "original": "By THE ASSOCIATED PRESS"}, "section_name": "Business Day", "print_page": 0, "keywords": [], "news_desk": "None", "blog": [], "_id": "58bd82c695d0e024902fdc79", "multimedia": [], "source": "AP", "word_count": 98, "lead_paragraph": "Grain futures were mixed Monday on the Chicago Board of Trade.", "type_of_material": "News", "slideshow_credits": null}, {"abstract": null, "pub_date": "2017-03-06T15:36:44+0000", "snippet": "Zambian police say eight people have died and 28 have been injured in a stampede during food handouts at a youth center in the capital, Lusaka....", "web_url": "https://www.nytimes.com/aponline/2017/03/06/world/africa/ap-af-zambia-deadly-stampede.html", "document_type": "article", "headline": {"print_headline": "8 Die in Stampede During Food Handouts in Zambia", "main": "8 Die in Stampede During Food Handouts in Zambia"}, "subsection_name": "Africa", "byline": {"organization": "THE ASSOCIATED PRESS", "person": [], "original": "By THE ASSOCIATED PRESS"}, "section_name": "World", "print_page": 0, "keywords": [], "news_desk": "None", "blog": [], "_id": "58bd821695d0e024902fdc77", "multimedia": [], "source": "AP", "word_count": 94, "lead_paragraph": "Zambian police say eight people have died and 28 have been injured in a stampede during food handouts at a youth center in the capital, Lusaka.", "type_of_material": "News", "slideshow_credits": null}, {"abstract": null, "pub_date": "2017-03-06T15:36:38+0000", "snippet": "Manchester United's Zlatan Ibrahimovic and Bournemouth defender Tyrone Mings were charged with violent conduct by the Football Association on Monday....", "web_url": "https://www.nytimes.com/reuters/2017/03/06/sports/soccer/06reuters-soccer-england-fa.html", "document_type": "article", "headline": {"print_headline": "Soccer: Ibrahimovic, Mings Charged With Violent Conduct", "main": "Soccer: Ibrahimovic, Mings Charged With Violent Conduct"}, "subsection_name": "Soccer", "byline": {"organization": "REUTERS", "person": [], "original": "By REUTERS"}, "section_name": "Sports", "print_page": 0, "keywords": [], "news_desk": "None", "blog": [], "_id": "58bd820d95d0e024902fdc76", "multimedia": [], "source": "Reuters", "word_count": 185, "lead_paragraph": "Manchester United's Zlatan Ibrahimovic and Bournemouth defender Tyrone Mings were charged with violent conduct by the Football Association on Monday.", "type_of_material": "News", "slideshow_credits": null}, {"abstract": null, "pub_date": "2017-03-06T15:36:32+0000", "snippet": "A pay dispute in Germany's steel sector intensified on Monday as the IG Metall union rejected an offer for a wage increase of 1.3 percent and called for labour strikes in northwest Germany on Tuesday....", "web_url": "https://www.nytimes.com/reuters/2017/03/06/business/06reuters-germany-steel-wages.html", "document_type": "article", "headline": {"print_headline": "German Union Calls for Strikes in Steel Sector Over Pay Dispute", "main": "German Union Calls for Strikes in Steel Sector Over Pay Dispute"}, "subsection_name": null, "byline": {"organization": "REUTERS", "person": [], "original": "By REUTERS"}, "section_name": "Business Day", "print_page": 0, "keywords": [], "news_desk": "None", "blog": [], "_id": "58bd820795d0e024902fdc75", "multimedia": [], "source": "Reuters", "word_count": 387, "lead_paragraph": "A pay dispute in Germany's steel sector intensified on Monday as the IG Metall union rejected an offer for a wage increase of 1.3 percent and called for labour strikes in northwest Germany on Tuesday.", "type_of_material": "News", "slideshow_credits": null}, {"abstract": null, "pub_date": "2017-03-06T15:33:51+0000", "snippet": "A Trump Tower apartment rented out on Airbnb had gotten rave reviews before the listing was taken down last week....", "web_url": "https://www.nytimes.com/aponline/2017/03/06/us/ap-us-trump-tower-airbnb.html", "document_type": "article", "headline": {"print_headline": "Apartment in US President's Trump Tower Rented Out on Airbnb", "main": "Apartment in US President's Trump Tower Rented Out on Airbnb"}, "subsection_name": null, "byline": {"organization": "THE ASSOCIATED PRESS", "person": [], "original": "By THE ASSOCIATED PRESS"}, "section_name": "U.S.", "print_page": 0, "keywords": [], "news_desk": "None", "blog": [], "_id": "58bd816595d0e024902fdc74", "multimedia": [], "source": "AP", "word_count": 350, "lead_paragraph": "A Trump Tower apartment rented out on Airbnb had gotten rave reviews before the listing was taken down last week.", "type_of_material": "News", "slideshow_credits": null}, {"abstract": null, "pub_date": "2017-03-06T15:33:35+0000", "snippet": "The Russian foreign ministry said on Monday that \"all sides involved\" should exercise restraint following the latest North Korean missile test....", "web_url": "https://www.nytimes.com/reuters/2017/03/06/world/asia/06reuters-northkorea-missiles-russia-restraint.html", "document_type": "article", "headline": {"print_headline": "Russia Urges Restraint After North Korean Missile Tests", "main": "Russia Urges Restraint After North Korean Missile Tests"}, "subsection_name": "Asia Pacific", "byline": {"organization": "REUTERS", "person": [], "original": "By REUTERS"}, "section_name": "World", "print_page": 0, "keywords": [], "news_desk": "None", "blog": [], "_id": "58bd815495d0e024902fdc73", "multimedia": [], "source": "Reuters", "word_count": 64, "lead_paragraph": "The Russian foreign ministry said on Monday that \"all sides involved\" should exercise restraint following the latest North Korean missile test.", "type_of_material": "News", "slideshow_credits": null}, {"abstract": null, "pub_date": "2017-03-06T15:33:34+0000", "snippet": "The Supreme Court, decrying the \"recurring evil\" of racial bias in the U.S. criminal justice system, ruled on Monday in the case of a Hispanic man convicted on sex charges that a juror's racist comments during deliberations may be grounds for null...", "web_url": "https://www.nytimes.com/reuters/2017/03/06/us/06reuters-usa-court-race.html", "document_type": "article", "headline": {"print_headline": "U.S. Top Court Backs Hispanic Man Over Juror's Racist Comments", "main": "U.S. Top Court Backs Hispanic Man Over Juror's Racist Comments"}, "subsection_name": null, "byline": {"organization": "REUTERS", "person": [], "original": "By REUTERS"}, "section_name": "U.S.", "print_page": 0, "keywords": [], "news_desk": "None", "blog": [], "_id": "58bd815495d0e024902fdc72", "multimedia": [], "source": "Reuters", "word_count": 742, "lead_paragraph": "The Supreme Court, decrying the \"recurring evil\" of racial bias in the U.S. criminal justice system, ruled on Monday in the case of a Hispanic man convicted on sex charges that a juror's racist comments during deliberations may be grounds for nullifying a verdict.", "type_of_material": "News", "slideshow_credits": null}, {"abstract": null, "pub_date": "2017-03-06T15:33:32+0000", "snippet": "Venezuela's leftist government on Monday called Peruvian President Pedro Pablo Kuczynski a \"coward\" and a \"dog\" servile to the United States, leading Peru to respond by sending a protest note and calling in its ambassador for consultations....", "web_url": "https://www.nytimes.com/reuters/2017/03/06/world/americas/06reuters-venezuela-peru.html", "document_type": "article", "headline": {"print_headline": "Venezuela Calls Peruvian Leader 'Coward' and 'Dog'", "main": "Venezuela Calls Peruvian Leader 'Coward' and 'Dog'"}, "subsection_name": "Americas", "byline": {"organization": "REUTERS", "person": [], "original": "By REUTERS"}, "section_name": "World", "print_page": 0, "keywords": [], "news_desk": "None", "blog": [], "_id": "58bd814f95d0e024902fdc71", "multimedia": [], "source": "Reuters", "word_count": 347, "lead_paragraph": "Venezuela's leftist government on Monday called Peruvian President Pedro Pablo Kuczynski a \"coward\" and a \"dog\" servile to the United States, leading Peru to respond by sending a protest note and calling in its ambassador for consultations.", "type_of_material": "News", "slideshow_credits": null}, {"abstract": null, "pub_date": "2017-03-06T15:30:30+0000", "snippet": "A British online service that matches elderly and disabled patients with home carers is expanding nationwide by adding another 25,000 care professionals to its database, founder Jamie Wilson said on Monday....", "web_url": "https://www.nytimes.com/reuters/2017/03/06/business/06reuters-britain-homecare-technology.html", "document_type": "article", "headline": {"print_headline": "UK Online Carer-Patient Matchmaker HomeTouch Expands Nationwide", "main": "UK Online Carer-Patient Matchmaker HomeTouch Expands Nationwide"}, "subsection_name": null, "byline": {"organization": "REUTERS", "person": [], "original": "By REUTERS"}, "section_name": "Business Day", "print_page": 0, "keywords": [], "news_desk": "None", "blog": [], "_id": "58bd80a095d0e024902fdc70", "multimedia": [], "source": "Reuters", "word_count": 381, "lead_paragraph": "A British online service that matches elderly and disabled patients with home carers is expanding nationwide by adding another 25,000 care professionals to its database, founder Jamie Wilson said on Monday.", "type_of_material": "News", "slideshow_credits": null}]}}