{"status": "OK", "copyright": "Copyright (c) 2013 The New York Times Company.  All Rights Reserved.", "response": {"docs": [{"document_type": "article", "snippet": "Middlesbrough manager Aitor Karanka is not worried about the possibility of losing his job and the Spaniard is fully focussed on keeping his struggling team in the Premier League....", "abstract": null, "news_desk": "None", "subsection_name": null, "keywords": [], "lead_paragraph": "Middlesbrough manager Aitor Karanka is not worried about the possibility of losing his job and the Spaniard is fully focussed on keeping his struggling team in the Premier League.", "multimedia": [], "byline": {"original": "By REUTERS", "person": [], "organization": "REUTERS"}, "_id": "58b9240b95d0e024902fd4b8", "headline": {"main": "Karanka Does Not Fear Sack, Focussed on Middlesbrough Survival", "print_headline": "Karanka Does Not Fear Sack, Focussed on Middlesbrough Survival"}, "type_of_material": "News", "word_count": 211, "source": "Reuters", "web_url": "https://www.nytimes.com/reuters/2017/03/03/business/03reuters-soccer-england-mid-karanka.html", "section_name": "Business Day", "slideshow_credits": null, "blog": [], "pub_date": "2017-03-03T08:06:29+0000", "print_page": 0}, {"document_type": "article", "snippet": "With three kids and constant travel for work, John Hussey jumped at the chance to play an open-world adventure game like \"The Legend of Zelda: Breath of the Wild\" anywhere, anytime....", "abstract": null, "news_desk": "None", "subsection_name": null, "keywords": [], "lead_paragraph": "With three kids and constant travel for work, John Hussey jumped at the chance to play an open-world adventure game like \"The Legend of Zelda: Breath of the Wild\" anywhere, anytime.", "multimedia": [], "byline": {"original": "By THE ASSOCIATED PRESS", "person": [], "organization": "THE ASSOCIATED PRESS"}, "_id": "58b9236d95d0e024902fd4b7", "headline": {"main": "Nintendo Switch's Big Challenge: Luring Casual Gamers", "print_headline": "Nintendo Switch's Big Challenge: Luring Casual Gamers"}, "type_of_material": "News", "word_count": 951, "source": "AP", "web_url": "https://www.nytimes.com/aponline/2017/03/03/technology/ap-us-tec-nintendo-switch.html", "section_name": "Technology", "slideshow_credits": null, "blog": [], "pub_date": "2017-03-03T08:03:50+0000", "print_page": 0}, {"document_type": "article", "snippet": "Every once in a while, Nolan Arenado runs across a story that mentions his name and makes him shake his head....", "abstract": null, "news_desk": "None", "subsection_name": "Baseball", "keywords": [], "lead_paragraph": "Every once in a while, Nolan Arenado runs across a story that mentions his name and makes him shake his head.", "multimedia": [], "byline": {"original": "By THE ASSOCIATED PRESS", "person": [], "organization": "THE ASSOCIATED PRESS"}, "_id": "58b9236995d0e024902fd4b6", "headline": {"main": "Fact: Rockies 3B Nolan Arenado Stacks Up With Best in Majors", "print_headline": "Fact: Rockies 3B Nolan Arenado Stacks Up With Best in Majors"}, "type_of_material": "News", "word_count": 734, "source": "AP", "web_url": "https://www.nytimes.com/aponline/2017/03/03/sports/baseball/ap-bbn-rockies-ardent-arenado.html", "section_name": "Sports", "slideshow_credits": null, "blog": [], "pub_date": "2017-03-03T08:03:47+0000", "print_page": 0}, {"document_type": "article", "snippet": "One by one, several Federal Reserve officials have signaled in recent days that the Fed is ready to resume raising interest rates as soon as this month. The question is whether the official who matters most &#8212; Chair Janet Yellen &#8212; will ...", "abstract": null, "news_desk": "None", "subsection_name": "Politics", "keywords": [], "lead_paragraph": "One by one, several Federal Reserve officials have signaled in recent days that the Fed is ready to resume raising interest rates as soon as this month. The question is whether the official who matters most &#8212; Chair Janet Yellen &#8212; will add her own voice to that impression.", "multimedia": [], "byline": {"original": "By THE ASSOCIATED PRESS", "person": [], "organization": "THE ASSOCIATED PRESS"}, "_id": "58b9236295d0e024902fd4b5", "headline": {"main": "Yellen to Speak After Fed Officials Hint Rate Hike Is Near", "print_headline": "Yellen to Speak After Fed Officials Hint Rate Hike Is Near"}, "type_of_material": "News", "word_count": 800, "source": "AP", "web_url": "https://www.nytimes.com/aponline/2017/03/03/us/politics/ap-us-yellen-.html", "section_name": "U.S.", "slideshow_credits": null, "blog": [], "pub_date": "2017-03-03T08:03:42+0000", "print_page": 0}, {"document_type": "article", "snippet": "South Korean companies on Friday bore the brunt of a perceived backlash from China over the deployment of a U.S. missile system outside Seoul, with shares tumbling on media reports of Beijing telling tour operators to stop selling trips to the cou...", "abstract": null, "news_desk": "None", "subsection_name": null, "keywords": [], "lead_paragraph": "South Korean companies on Friday bore the brunt of a perceived backlash from China over the deployment of a U.S. missile system outside Seoul, with shares tumbling on media reports of Beijing telling tour operators to stop selling trips to the country.", "multimedia": [], "byline": {"original": "By REUTERS", "person": [], "organization": "REUTERS"}, "_id": "58b9235795d0e024902fd4b4", "headline": {"main": "Fears of Chinese Backlash Over Missile Defence Hit South Korean Firms", "print_headline": "Fears of Chinese Backlash Over Missile Defence Hit South Korean Firms"}, "type_of_material": "News", "word_count": 804, "source": "Reuters", "web_url": "https://www.nytimes.com/reuters/2017/03/03/business/03reuters-southkorea-china-tourism.html", "section_name": "Business Day", "slideshow_credits": null, "blog": [], "pub_date": "2017-03-03T08:03:30+0000", "print_page": 0}, {"document_type": "blogpost", "snippet": "Photos by The New York Times and by photographers from around the world....", "abstract": "Photos by The New York Times and by photographers from around the world.", "news_desk": null, "subsection_name": null, "keywords": [{"isMajor": "N", "rank": 1, "value": "Photography", "name": "subject"}, {"isMajor": "N", "rank": 1, "value": "Facebook Inc", "name": "organizations"}, {"isMajor": "N", "rank": 2, "value": "Instagram Inc", "name": "organizations"}, {"isMajor": "N", "rank": 3, "value": "New York Times", "name": "organizations"}], "lead_paragraph": null, "multimedia": [], "byline": {"original": "By THE NEW YORK TIMES", "person": [], "organization": "The New York Times"}, "_id": "58b9232695d0e024902fd4b3", "headline": {"main": "The Week in Pictures: March 3, 2017", "kicker": "Lens"}, "type_of_material": "Blog", "word_count": 26, "source": "The New York Times", "web_url": "http://lens.blogs.nytimes.com/2017/03/03/the-week-in-pictures-march-3-2017/", "section_name": "Multimedia/Photos", "slideshow_credits": null, "blog": [], "pub_date": "2017-03-03T08:00:18+0000", "print_page": 0}, {"document_type": "article", "snippet": "Dustin Johnson thought he had the altitude figured out....", "abstract": null, "news_desk": "None", "subsection_name": "Golf", "keywords": [], "lead_paragraph": "Dustin Johnson thought he had the altitude figured out.", "multimedia": [], "byline": {"original": "By THE ASSOCIATED PRESS", "person": [], "organization": "THE ASSOCIATED PRESS"}, "_id": "58b921f195d0e024902fd4b2", "headline": {"main": "Chapultepec Golf Club No Pushover at Mexico Championship", "print_headline": "Chapultepec Golf Club No Pushover at Mexico Championship"}, "type_of_material": "News", "word_count": 878, "source": "AP", "web_url": "https://www.nytimes.com/aponline/2017/03/03/sports/golf/ap-glf-on-the-tee.html", "section_name": "Sports", "slideshow_credits": null, "blog": [], "pub_date": "2017-03-03T07:57:30+0000", "print_page": 0}, {"document_type": "article", "snippet": "Ukrainian state agencies sought to detain the head of the tax and customs service on Friday over the alleged embezzlement of around $75 million - a potentially landmark case after patchy anti-graft efforts from the Western-backed authorities....", "abstract": null, "news_desk": "None", "subsection_name": "Europe", "keywords": [], "lead_paragraph": "Ukrainian state agencies sought to detain the head of the tax and customs service on Friday over the alleged embezzlement of around $75 million - a potentially landmark case after patchy anti-graft efforts from the Western-backed authorities. ", "multimedia": [], "byline": {"original": "By REUTERS", "person": [], "organization": "REUTERS"}, "_id": "58b9213995d0e024902fd4b1", "headline": {"main": "Ukraine Tax Chief Falls Ill as Police Close in Over $75 Million Graft", "print_headline": "Ukraine Tax Chief Falls Ill as Police Close in Over $75 Million Graft"}, "type_of_material": "News", "word_count": 519, "source": "Reuters", "web_url": "https://www.nytimes.com/reuters/2017/03/03/world/europe/03reuters-ukraine-crisis-corruption.html", "section_name": "World", "slideshow_credits": null, "blog": [], "pub_date": "2017-03-03T07:54:28+0000", "print_page": 0}, {"document_type": "article", "snippet": "West Ham United rejected bids from Chinese Super League clubs for striker Andy Carroll, manager Slaven Bilic has confirmed, saying the Premier League side have no plans to sell one of their \"best players\"....", "abstract": null, "news_desk": "None", "subsection_name": null, "keywords": [], "lead_paragraph": "West Ham United rejected bids from Chinese Super League clubs for striker Andy Carroll, manager Slaven Bilic has confirmed, saying the Premier League side have no plans to sell one of their \"best players\".", "multimedia": [], "byline": {"original": "By REUTERS", "person": [], "organization": "REUTERS"}, "_id": "58b91fd695d0e024902fd4b0", "headline": {"main": "West Ham Rejected Chinese Bids for Carroll-Bilic", "print_headline": "West Ham Rejected Chinese Bids for Carroll-Bilic"}, "type_of_material": "News", "word_count": 207, "source": "Reuters", "web_url": "https://www.nytimes.com/reuters/2017/03/03/business/03reuters-soccer-england-whu-che-bilic.html", "section_name": "Business Day", "slideshow_credits": null, "blog": [], "pub_date": "2017-03-03T07:48:31+0000", "print_page": 0}, {"document_type": "article", "snippet": "Tensions flared between Ankara and Berlin on Friday over the cancellation of two Turkish Cabinet members' rallies in Germany, and the ongoing detention in Turkey of a German newspaper reporter....", "abstract": null, "news_desk": "None", "subsection_name": "Europe", "keywords": [], "lead_paragraph": "Tensions flared between Ankara and Berlin on Friday over the cancellation of two Turkish Cabinet members' rallies in Germany, and the ongoing detention in Turkey of a German newspaper reporter.", "multimedia": [], "byline": {"original": "By THE ASSOCIATED PRESS", "person": [], "organization": "THE ASSOCIATED PRESS"}, "_id": "58b91f2995d0e024902fd4af", "headline": {"main": "Turkey's Erdogan Says Arrested Journalist Is 'German Spy'", "print_headline": "Turkey's Erdogan Says Arrested Journalist Is 'German Spy'"}, "type_of_material": "News", "word_count": 849, "source": "AP", "web_url": "https://www.nytimes.com/aponline/2017/03/03/world/europe/ap-eu-turkey-germany.html", "section_name": "World", "slideshow_credits": null, "blog": [], "pub_date": "2017-03-03T07:45:43+0000", "print_page": 0}], "meta": {"offset": 570, "hits": 16083917, "time": 185}}}