{"copyright": "Copyright (c) 2013 The New York Times Company.  All Rights Reserved.", "response": {"meta": {"time": 200, "hits": 16084461, "offset": 90}, "docs": [{"keywords": [], "word_count": 132, "web_url": "https://www.nytimes.com/aponline/2017/03/04/world/europe/ap-eu-italy-berlin-market-attack.html", "news_desk": "None", "slideshow_credits": null, "pub_date": "2017-03-04T19:18:40+0000", "subsection_name": "Europe", "lead_paragraph": "An Italian official says that the autopsy on the chief suspect in the Berlin Christmas market attack indicated frequent drug use.", "abstract": null, "headline": {"main": "Official: Berlin Truck Attacker Autopsy Indicates Drug Use", "print_headline": "Official: Berlin Truck Attacker Autopsy Indicates Drug Use"}, "type_of_material": "News", "blog": [], "document_type": "article", "source": "AP", "print_page": 0, "snippet": "An Italian official says that the autopsy on the chief suspect in the Berlin Christmas market attack indicated frequent drug use....", "byline": {"original": "By THE ASSOCIATED PRESS", "person": [], "organization": "THE ASSOCIATED PRESS"}, "section_name": "World", "multimedia": [], "_id": "58bb131795d0e024902fd8c8"}, {"keywords": [], "word_count": 732, "web_url": "https://www.nytimes.com/aponline/2017/03/04/sports/ncaabasketball/ap-bkw-t25-acc-louisville-notre-dame.html", "news_desk": "None", "slideshow_credits": null, "pub_date": "2017-03-04T19:03:39+0000", "subsection_name": "College Basketball", "lead_paragraph": "With most of her teammates in foul trouble, Marina Mabrey took over to get Notre Dame back to the ACC Tournament finals.", "abstract": null, "headline": {"main": "Notre Dame Heads to ACC Final for 4th Straight Year", "print_headline": "Notre Dame Heads to ACC Final for 4th Straight Year"}, "type_of_material": "News", "blog": [], "document_type": "article", "source": "AP", "print_page": 0, "snippet": "With most of her teammates in foul trouble, Marina Mabrey took over to get Notre Dame back to the ACC Tournament finals....", "byline": {"original": "By THE ASSOCIATED PRESS", "person": [], "organization": "THE ASSOCIATED PRESS"}, "section_name": "Sports", "multimedia": [], "_id": "58bb0f9395d0e024902fd8c7"}, {"keywords": [], "word_count": 271, "web_url": "https://www.nytimes.com/aponline/2017/03/04/us/ap-us-honor-killing-sentence.html", "news_desk": "None", "slideshow_credits": null, "pub_date": "2017-03-04T19:00:37+0000", "subsection_name": null, "lead_paragraph": "A Washington state man has been sentenced to 20 years in prison for killing an Oregon man he mistakenly believed impregnated a 13-year-old girl.", "abstract": null, "headline": {"main": "20-Year Sentence for Mistaken Washington State Honor Killing", "print_headline": "20-Year Sentence for Mistaken Washington State Honor Killing"}, "type_of_material": "News", "blog": [], "document_type": "article", "source": "AP", "print_page": 0, "snippet": "A Washington state man has been sentenced to 20 years in prison for killing an Oregon man he mistakenly believed impregnated a 13-year-old girl....", "byline": {"original": "By THE ASSOCIATED PRESS", "person": [], "organization": "THE ASSOCIATED PRESS"}, "section_name": "U.S.", "multimedia": [], "_id": "58bb0edc95d0e024902fd8c6"}, {"keywords": [], "word_count": 125, "web_url": "https://www.nytimes.com/reuters/2017/03/04/business/04reuters-ukraine-crisis-imf.html", "news_desk": "None", "slideshow_credits": null, "pub_date": "2017-03-04T19:00:28+0000", "subsection_name": null, "lead_paragraph": "The International Monetary Fund said on Saturday it had reached an agreement with Ukraine on an updated memorandum under a $17.5 billion program, paving the way for its board to consider the disbursement of the fourth loan tranche later in March.", "abstract": null, "headline": {"main": "IMF Reaches Deal With Ukraine Paving Way for Next Loan Disbursal", "print_headline": "IMF Reaches Deal With Ukraine Paving Way for Next Loan Disbursal"}, "type_of_material": "News", "blog": [], "document_type": "article", "source": "Reuters", "print_page": 0, "snippet": "The International Monetary Fund said on Saturday it had reached an agreement with Ukraine on an updated memorandum under a $17.5 billion program, paving the way for its board to consider the disbursement of the fourth loan tranche later in March....", "byline": {"original": "By REUTERS", "person": [], "organization": "REUTERS"}, "section_name": "Business Day", "multimedia": [], "_id": "58bb0ed295d0e024902fd8c5"}, {"keywords": [], "word_count": 677, "web_url": "https://www.nytimes.com/aponline/2017/03/04/sports/ncaabasketball/ap-bkc-t25-pittsburgh-virginia.html", "news_desk": "None", "slideshow_credits": null, "pub_date": "2017-03-04T18:57:42+0000", "subsection_name": "College Basketball", "lead_paragraph": "Virginia coach Tony Bennett waited after No. 23 Virginia's 67-42 victory against Pittsburgh was over, and then waited again until London Perrantes had finished a postgame television interview before putting his arm around the point guard and walking off the court.", "abstract": null, "headline": {"main": "Perrantes Leads No. 23 Virginia Past Pitt, 67-42", "print_headline": "Perrantes Leads No. 23 Virginia Past Pitt, 67-42"}, "type_of_material": "News", "blog": [], "document_type": "article", "source": "AP", "print_page": 0, "snippet": "Virginia coach Tony Bennett waited after No. 23 Virginia's 67-42 victory against Pittsburgh was over, and then waited again until London Perrantes had finished a postgame television interview before putting his arm around the point guard and walki...", "byline": {"original": "By THE ASSOCIATED PRESS", "person": [], "organization": "THE ASSOCIATED PRESS"}, "section_name": "Sports", "multimedia": [], "_id": "58bb0e2c95d0e024902fd8c4"}, {"keywords": [], "word_count": 337, "web_url": "https://www.nytimes.com/reuters/2017/03/04/us/politics/04reuters-usa-budget.html", "news_desk": "None", "slideshow_credits": null, "pub_date": "2017-03-04T18:54:27+0000", "subsection_name": "Politics", "lead_paragraph": "The White House budget director confirmed Saturday that the Trump administration will propose \"fairly dramatic reductions\" in the U.S. foreign aid budget later this month.", "abstract": null, "headline": {"main": "Trump Administration to Propose 'Dramatic Reductions' in Foreign Aid", "print_headline": "Trump Administration to Propose 'Dramatic Reductions' in Foreign Aid"}, "type_of_material": "News", "blog": [], "document_type": "article", "source": "Reuters", "print_page": 0, "snippet": "The White House budget director confirmed Saturday that the Trump administration will propose \"fairly dramatic reductions\" in the U.S. foreign aid budget later this month....", "byline": {"original": "By REUTERS", "person": [], "organization": "REUTERS"}, "section_name": "U.S.", "multimedia": [], "_id": "58bb0d6a95d0e024902fd8c3"}, {"keywords": [], "word_count": 301, "web_url": "https://www.nytimes.com/aponline/2017/03/04/us/ap-us-girl-shot-milwaukee.html", "news_desk": "None", "slideshow_credits": null, "pub_date": "2017-03-04T18:51:34+0000", "subsection_name": null, "lead_paragraph": "A recently unsealed search warrant shows police have suspects in the fatal shooting of a 9-year-old Milwaukee girl last year, but authorities are still seeking evidence to bring charges in her death.", "abstract": null, "headline": {"main": "Warrant Shows Police Have Suspects in Death of 9-Year-Old", "print_headline": "Warrant Shows Police Have Suspects in Death of 9-Year-Old"}, "type_of_material": "News", "blog": [], "document_type": "article", "source": "AP", "print_page": 0, "snippet": "A recently unsealed search warrant shows police have suspects in the fatal shooting of a 9-year-old Milwaukee girl last year, but authorities are still seeking evidence to bring charges in her death....", "byline": {"original": "By THE ASSOCIATED PRESS", "person": [], "organization": "THE ASSOCIATED PRESS"}, "section_name": "U.S.", "multimedia": [], "_id": "58bb0cbb95d0e024902fd8c2"}, {"keywords": [], "word_count": 317, "web_url": "https://www.nytimes.com/reuters/2017/03/04/world/europe/04reuters-poland-eu-tusk.html", "news_desk": "None", "slideshow_credits": null, "pub_date": "2017-03-04T18:45:28+0000", "subsection_name": "Europe", "lead_paragraph": "Poland named a center-right MEP as its candidate for European Council President on Saturday after it said it would oppose the re-appointment of former prime minister Donald Tusk as the chairman of EU leaders.", "abstract": null, "headline": {"main": "Poland Wants Center-Right MEP to Replace Tusk as European Council Head", "print_headline": "Poland Wants Center-Right MEP to Replace Tusk as European Council Head"}, "type_of_material": "News", "blog": [], "document_type": "article", "source": "Reuters", "print_page": 0, "snippet": "Poland named a center-right MEP as its candidate for European Council President on Saturday after it said it would oppose the re-appointment of former prime minister Donald Tusk as the chairman of EU leaders....", "byline": {"original": "By REUTERS", "person": [], "organization": "REUTERS"}, "section_name": "World", "multimedia": [], "_id": "58bb0b4d95d0e024902fd8c1"}, {"keywords": [], "word_count": 534, "web_url": "https://www.nytimes.com/reuters/2017/03/04/business/04reuters-aberdeen-asset-standard-life.html", "news_desk": "None", "slideshow_credits": null, "pub_date": "2017-03-04T18:42:32+0000", "subsection_name": null, "lead_paragraph": "Standard Life and Aberdeen Asset Management, two of Scotland's most well-known financial firms, are in talks over an 11 billion pound ($13.5 billion) tie-up to create Britain's largest investment manager.", "abstract": null, "headline": {"main": "Scottish Investors Standard Life, Aberdeen Mull $13.5 Billion Tie-Up", "print_headline": "Scottish Investors Standard Life, Aberdeen Mull $13.5 Billion Tie-Up"}, "type_of_material": "News", "blog": [], "document_type": "article", "source": "Reuters", "print_page": 0, "snippet": "Standard Life and Aberdeen Asset Management, two of Scotland's most well-known financial firms, are in talks over an 11 billion pound ($13.5 billion) tie-up to create Britain's largest investment manager....", "byline": {"original": "By REUTERS", "person": [], "organization": "REUTERS"}, "section_name": "Business Day", "multimedia": [], "_id": "58bb0a9f95d0e024902fd8c0"}, {"keywords": [], "word_count": 134, "web_url": "https://www.nytimes.com/aponline/2017/03/04/us/ap-us-trump-florida-airspace.html", "news_desk": "None", "slideshow_credits": null, "pub_date": "2017-03-04T18:39:35+0000", "subsection_name": null, "lead_paragraph": "Federal officials say more than two dozen aircraft have violated airspace restrictions near President Donald Trump's estate in Florida.", "abstract": null, "headline": {"main": "FAA: 27 Airspace Violations Near Trump's Florida Estate", "print_headline": "FAA: 27 Airspace Violations Near Trump's Florida Estate"}, "type_of_material": "News", "blog": [], "document_type": "article", "source": "AP", "print_page": 0, "snippet": "Federal officials say more than two dozen aircraft have violated airspace restrictions near President Donald Trump's estate in Florida....", "byline": {"original": "By THE ASSOCIATED PRESS", "person": [], "organization": "THE ASSOCIATED PRESS"}, "section_name": "U.S.", "multimedia": [], "_id": "58bb09ee95d0e024902fd8bf"}]}, "status": "OK"}