{"copyright": "Copyright (c) 2013 The New York Times Company.  All Rights Reserved.", "status": "OK", "response": {"meta": {"offset": 1190, "time": 182, "hits": 16085757}, "docs": [{"abstract": null, "pub_date": "2017-03-05T05:12:29+0000", "snippet": "Top hurdler Keni Harrison and up-and-coming sprinter Ronnie Baker ran the fastest times in the world this year at the U.S. indoor championships in Albuquerque, New Mexico on Sunday....", "web_url": "https://www.nytimes.com/reuters/2017/03/05/sports/olympics/05reuters-athletics-usa.html", "document_type": "article", "headline": {"print_headline": "Athletics: Harrison and Baker Speed to Yearly Bests in U.S. Champs", "main": "Athletics: Harrison and Baker Speed to Yearly Bests in U.S. Champs"}, "subsection_name": "Olympics", "byline": {"organization": "REUTERS", "person": [], "original": "By REUTERS"}, "section_name": "Sports", "print_page": 0, "keywords": [], "news_desk": "None", "blog": [], "_id": "58bb9e4095d0e024902fd987", "multimedia": [], "source": "Reuters", "word_count": 422, "lead_paragraph": "Top hurdler Keni Harrison and up-and-coming sprinter Ronnie Baker ran the fastest times in the world this year at the U.S. indoor championships in Albuquerque, New Mexico on Sunday.", "type_of_material": "News", "slideshow_credits": null}, {"abstract": null, "pub_date": "2017-03-05T05:06:43+0000", "snippet": "Philippine troops have found the remains of a German hostage who was beheaded by Abu Sayyaf militants in the country's south, vowing Sunday to rescue more than 30 other captives and crush the ransom-seeking extremists....", "web_url": "https://www.nytimes.com/aponline/2017/03/05/world/asia/ap-as-philippines-german-hostage.html", "document_type": "article", "headline": {"print_headline": "Philippine Marines Find Remains of Beheaded German Hostage", "main": "Philippine Marines Find Remains of Beheaded German Hostage"}, "subsection_name": "Asia Pacific", "byline": {"organization": "THE ASSOCIATED PRESS", "person": [], "original": "By THE ASSOCIATED PRESS"}, "section_name": "World", "print_page": 0, "keywords": [], "news_desk": "None", "blog": [], "_id": "58bb9cea95d0e024902fd986", "multimedia": [], "source": "AP", "word_count": 487, "lead_paragraph": "Philippine troops have found the remains of a German hostage who was beheaded by Abu Sayyaf militants in the country's south, vowing Sunday to rescue more than 30 other captives and crush the ransom-seeking extremists.", "type_of_material": "News", "slideshow_credits": null}, {"abstract": null, "pub_date": "2017-03-05T05:03:50+0000", "snippet": "Kawhi Leonard and the Spurs didn't get much sleep after a long night's work Friday. It didn't seem to bother San Antonio's All-Star forward, at least....", "web_url": "https://www.nytimes.com/aponline/2017/03/05/sports/basketball/ap-bkn-timberwolves-spurs.html", "document_type": "article", "headline": {"print_headline": "Spurs Beat Timberwolves in OT, Clinch Playoff Spot", "main": "Spurs Beat Timberwolves in OT, Clinch Playoff Spot"}, "subsection_name": "Pro Basketball", "byline": {"organization": "THE ASSOCIATED PRESS", "person": [], "original": "By THE ASSOCIATED PRESS"}, "section_name": "Sports", "print_page": 0, "keywords": [], "news_desk": "None", "blog": [], "_id": "58bb9c3a95d0e024902fd985", "multimedia": [], "source": "AP", "word_count": 628, "lead_paragraph": "Kawhi Leonard and the Spurs didn't get much sleep after a long night's work Friday. It didn't seem to bother San Antonio's All-Star forward, at least.", "type_of_material": "News", "slideshow_credits": null}, {"abstract": null, "pub_date": "2017-03-05T05:03:44+0000", "snippet": "Today in History...", "web_url": "https://www.nytimes.com/aponline/2017/03/05/us/ap-history.html", "document_type": "article", "headline": {"print_headline": "Today in History", "main": "Today in History"}, "subsection_name": null, "byline": {"organization": "THE ASSOCIATED PRESS", "person": [], "original": "By THE ASSOCIATED PRESS"}, "section_name": "U.S.", "print_page": 0, "keywords": [], "news_desk": "None", "blog": [], "_id": "58bb9c3495d0e024902fd983", "multimedia": [], "source": "AP", "word_count": 757, "lead_paragraph": "Today in History", "type_of_material": "News", "slideshow_credits": null}, {"abstract": null, "pub_date": "2017-03-05T05:03:42+0000", "snippet": "China's finance ministry said Sunday that the country's defense budget this year will top 1 trillion yuan ($145 billion) for the first time, after the exact figure was initially kept out of public documents released at the start of the country's a...", "web_url": "https://www.nytimes.com/aponline/2017/03/05/world/asia/ap-as-china-politics-military.html", "document_type": "article", "headline": {"print_headline": "China Finance Ministry Releases $151 Billion Defense Budget", "main": "China Finance Ministry Releases $151 Billion Defense Budget"}, "subsection_name": "Asia Pacific", "byline": {"organization": "THE ASSOCIATED PRESS", "person": [], "original": "By THE ASSOCIATED PRESS"}, "section_name": "World", "print_page": 0, "keywords": [], "news_desk": "None", "blog": [], "_id": "58bb9c3495d0e024902fd984", "multimedia": [], "source": "AP", "word_count": 296, "lead_paragraph": "China's finance ministry said Sunday that the country's defense budget this year will top 1 trillion yuan ($145 billion) for the first time, after the exact figure was initially kept out of public documents released at the start of the country's annual legislative sessions.", "type_of_material": "News", "slideshow_credits": null}, {"abstract": null, "pub_date": "2017-03-05T05:00:03+0000", "snippet": "She is a public interest lawyer, and he is a graphic designer for the Consumer Financial Protection Bureau in Washington....", "web_url": "https://www.nytimes.com/2017/03/05/fashion/weddings/sara-franke-george-kokkinidis.html", "document_type": "article", "headline": {"print_headline": "Sara Frankel,  George Kokkinidis", "main": "Sara Frankel, George Kokkinidis"}, "subsection_name": "Weddings", "byline": [], "section_name": "Fashion & Style", "print_page": 16, "keywords": [{"isMajor": "N", "rank": 1, "name": "subject", "value": "Weddings and Engagements"}], "news_desk": "Society", "blog": [], "_id": "58bb9b5b95d0e024902fd981", "multimedia": [{"rank": 0, "url": "images/2017/03/05/fashion/weddings/05FRANKEL/05FRANKEL-thumbStandard.jpg", "width": 75, "height": 75, "type": "image", "legacy": {"thumbnailwidth": 75, "thumbnail": "images/2017/03/05/fashion/weddings/05FRANKEL/05FRANKEL-thumbStandard.jpg", "thumbnailheight": 75}, "subtype": "thumbnail"}, {"rank": 0, "url": "images/2017/03/05/fashion/weddings/05FRANKEL/05FRANKEL-articleLarge-v2.jpg", "width": 600, "height": 354, "type": "image", "legacy": {"xlarge": "images/2017/03/05/fashion/weddings/05FRANKEL/05FRANKEL-articleLarge-v2.jpg", "xlargeheight": 354, "xlargewidth": 600}, "subtype": "xlarge"}, {"rank": 0, "url": "images/2017/03/05/fashion/weddings/05FRANKEL/05FRANKEL-thumbWide-v2.jpg", "width": 190, "height": 126, "type": "image", "legacy": {"wideheight": 126, "wide": "images/2017/03/05/fashion/weddings/05FRANKEL/05FRANKEL-thumbWide-v2.jpg", "widewidth": 190}, "subtype": "wide"}], "source": "The New York Times", "word_count": 192, "lead_paragraph": "She is a public interest lawyer, and he is a graphic designer for the Consumer Financial Protection Bureau in Washington.", "type_of_material": "News", "slideshow_credits": null}, {"abstract": null, "pub_date": "2017-03-05T05:00:02+0000", "snippet": "The couple met at Princeton but didn\u2019t start dating until reconnecting at Harvard....", "web_url": "https://www.nytimes.com/2017/03/05/fashion/weddings/habin-chung-mark-jia.html", "document_type": "article", "headline": {"print_headline": "Habin Chung,  Mark Jia", "main": "Habin Chung, Mark Jia"}, "subsection_name": "Weddings", "byline": [], "section_name": "Fashion & Style", "print_page": 16, "keywords": [{"isMajor": "N", "rank": 1, "name": "subject", "value": "Weddings and Engagements"}], "news_desk": "Society", "blog": [], "_id": "58bb9b5795d0e024902fd97c", "multimedia": [{"rank": 0, "url": "images/2017/03/05/fashion/weddings/05CHUNG/05CHUNG-thumbStandard.jpg", "width": 75, "height": 75, "type": "image", "legacy": {"thumbnailwidth": 75, "thumbnail": "images/2017/03/05/fashion/weddings/05CHUNG/05CHUNG-thumbStandard.jpg", "thumbnailheight": 75}, "subtype": "thumbnail"}, {"rank": 0, "url": "images/2017/03/05/fashion/weddings/05CHUNG/05CHUNG-articleLarge-v2.jpg", "width": 600, "height": 354, "type": "image", "legacy": {"xlarge": "images/2017/03/05/fashion/weddings/05CHUNG/05CHUNG-articleLarge-v2.jpg", "xlargeheight": 354, "xlargewidth": 600}, "subtype": "xlarge"}, {"rank": 0, "url": "images/2017/03/05/fashion/weddings/05CHUNG/05CHUNG-thumbWide-v2.jpg", "width": 190, "height": 126, "type": "image", "legacy": {"wideheight": 126, "wide": "images/2017/03/05/fashion/weddings/05CHUNG/05CHUNG-thumbWide-v2.jpg", "widewidth": 190}, "subtype": "wide"}], "source": "The New York Times", "word_count": 147, "lead_paragraph": "The couple met at Princeton but didn\u2019t start dating until reconnecting at Harvard.", "type_of_material": "News", "slideshow_credits": null}, {"abstract": null, "pub_date": "2017-03-05T05:00:01+0000", "snippet": "They met at Lafayette College and graduated a few years ago. On a Christmas season visit there in 2015, he proposed....", "web_url": "https://www.nytimes.com/2017/03/05/fashion/weddings/elizabeth-pinelli-steven-benezra.html", "document_type": "article", "headline": {"print_headline": "Elizabeth Pinelli,  Steven Benezra", "main": "Elizabeth Pinelli, Steven Benezra"}, "subsection_name": "Weddings", "byline": [], "section_name": "Fashion & Style", "print_page": 16, "keywords": [{"isMajor": "N", "rank": 1, "name": "subject", "value": "Weddings and Engagements"}], "news_desk": "Society", "blog": [], "_id": "58bb9b5695d0e024902fd97b", "multimedia": [{"rank": 0, "url": "images/2017/03/05/fashion/weddings/05PINELLI/05PINELLI-thumbStandard.jpg", "width": 75, "height": 75, "type": "image", "legacy": {"thumbnailwidth": 75, "thumbnail": "images/2017/03/05/fashion/weddings/05PINELLI/05PINELLI-thumbStandard.jpg", "thumbnailheight": 75}, "subtype": "thumbnail"}, {"rank": 0, "url": "images/2017/03/05/fashion/weddings/05PINELLI/05PINELLI-articleLarge-v2.jpg", "width": 600, "height": 353, "type": "image", "legacy": {"xlarge": "images/2017/03/05/fashion/weddings/05PINELLI/05PINELLI-articleLarge-v2.jpg", "xlargeheight": 353, "xlargewidth": 600}, "subtype": "xlarge"}, {"rank": 0, "url": "images/2017/03/05/fashion/weddings/05PINELLI/05PINELLI-thumbWide-v2.jpg", "width": 190, "height": 126, "type": "image", "legacy": {"wideheight": 126, "wide": "images/2017/03/05/fashion/weddings/05PINELLI/05PINELLI-thumbWide-v2.jpg", "widewidth": 190}, "subtype": "wide"}], "source": "The New York Times", "word_count": 140, "lead_paragraph": "They met at Lafayette College and graduated a few years ago. On a Christmas season visit there in 2015, he proposed.", "type_of_material": "News", "slideshow_credits": null}, {"abstract": null, "pub_date": "2017-03-05T05:00:01+0000", "snippet": "The couple met in 2013 at the Stephen Talkhouse bar in Amagansett, N.Y....", "web_url": "https://www.nytimes.com/2017/03/05/fashion/weddings/julia-gordon-adam-tishman.html", "document_type": "article", "headline": {"content_kicker": "", "print_headline": "Julia Gordon,  Adam Tishman", "main": "Julia Gordon, Adam Tishman", "kicker": ""}, "subsection_name": "Weddings", "byline": [], "section_name": "Fashion & Style", "print_page": 16, "keywords": [{"isMajor": "N", "rank": 1, "name": "subject", "value": "Weddings and Engagements"}], "news_desk": "Society", "blog": [], "_id": "58bb9b5b95d0e024902fd97f", "multimedia": [{"rank": 0, "url": "images/2017/03/05/fashion/weddings/05GORDON/05GORDON-thumbStandard.jpg", "width": 75, "height": 75, "type": "image", "legacy": {"thumbnailwidth": 75, "thumbnail": "images/2017/03/05/fashion/weddings/05GORDON/05GORDON-thumbStandard.jpg", "thumbnailheight": 75}, "subtype": "thumbnail"}, {"rank": 0, "url": "images/2017/03/05/fashion/weddings/05GORDON/05GORDON-articleLarge-v2.jpg", "width": 600, "height": 354, "type": "image", "legacy": {"xlarge": "images/2017/03/05/fashion/weddings/05GORDON/05GORDON-articleLarge-v2.jpg", "xlargeheight": 354, "xlargewidth": 600}, "subtype": "xlarge"}, {"rank": 0, "url": "images/2017/03/05/fashion/weddings/05GORDON/05GORDON-thumbWide-v2.jpg", "width": 190, "height": 126, "type": "image", "legacy": {"wideheight": 126, "wide": "images/2017/03/05/fashion/weddings/05GORDON/05GORDON-thumbWide-v2.jpg", "widewidth": 190}, "subtype": "wide"}], "source": "The New York Times", "word_count": 229, "lead_paragraph": "The couple met in 2013 at the Stephen Talkhouse bar in Amagansett, N.Y.", "type_of_material": "News", "slideshow_credits": null}, {"abstract": null, "pub_date": "2017-03-05T05:00:01+0000", "snippet": "The bride, an actuary, and the groom, a mechanical engineer, were wed in Brooklyn....", "web_url": "https://www.nytimes.com/2017/03/05/fashion/weddings/adina-erdfarb-daniel-landesman.html", "document_type": "article", "headline": {"print_headline": "Adina Erdfarb,  Daniel Landesman", "main": "Adina Erdfarb, Daniel Landesman"}, "subsection_name": "Weddings", "byline": [], "section_name": "Fashion & Style", "print_page": 16, "keywords": [{"isMajor": "N", "rank": 1, "name": "subject", "value": "Weddings and Engagements"}], "news_desk": "Society", "blog": [], "_id": "58bb9b5695d0e024902fd977", "multimedia": [], "source": "The New York Times", "word_count": 225, "lead_paragraph": "The bride, an actuary, and the groom, a mechanical engineer, were wed in Brooklyn.", "type_of_material": "News", "slideshow_credits": null}]}}