{"status": "OK", "copyright": "Copyright (c) 2013 The New York Times Company.  All Rights Reserved.", "response": {"meta": {"hits": 16084808, "time": 162, "offset": 460}, "docs": [{"lead_paragraph": "The Philippines on Saturday said it was committed to human rights and condemned extrajudicial killings but said those were \"not to be confused\" with incidents in its war on drugs, after a U.S. State Department report voiced concern about such deaths.", "section_name": "World", "slideshow_credits": null, "print_page": 0, "subsection_name": "Asia Pacific", "pub_date": "2017-03-04T17:45:27+0000", "type_of_material": "News", "multimedia": [], "_id": "58bafd3c95d0e024902fd8ae", "blog": [], "document_type": "article", "headline": {"print_headline": "Philippines Says Condemns Extrajudicial Killings, but None During Drugs War", "main": "Philippines Says Condemns Extrajudicial Killings, but None During Drugs War"}, "source": "Reuters", "word_count": 333, "abstract": null, "keywords": [], "byline": {"person": [], "organization": "REUTERS", "original": "By REUTERS"}, "snippet": "The Philippines on Saturday said it was committed to human rights and condemned extrajudicial killings but said those were \"not to be confused\" with incidents in its war on drugs, after a U.S. State Department report voiced concern about such deat...", "web_url": "https://www.nytimes.com/reuters/2017/03/04/world/asia/04reuters-philippines-drugs-usa.html", "news_desk": "None"}, {"lead_paragraph": "Democratic Republic of Congo's largest opposition party said it expelled one of its leaders on Saturday amid infighting that weakens its effort to force President Joseph Kabila to stick to a deal to step down after an election this year.", "section_name": "World", "slideshow_credits": null, "print_page": 0, "subsection_name": "Africa", "pub_date": "2017-03-04T17:39:27+0000", "type_of_material": "News", "multimedia": [], "_id": "58bafbd495d0e024902fd8ad", "blog": [], "document_type": "article", "headline": {"print_headline": "Congo Opposition Party Expels Top Official in Sign of Infighting", "main": "Congo Opposition Party Expels Top Official in Sign of Infighting"}, "source": "Reuters", "word_count": 319, "abstract": null, "keywords": [], "byline": {"person": [], "organization": "REUTERS", "original": "By REUTERS"}, "snippet": "Democratic Republic of Congo's largest opposition party said it expelled one of its leaders on Saturday amid infighting that weakens its effort to force President Joseph Kabila to stick to a deal to step down after an election this year....", "web_url": "https://www.nytimes.com/reuters/2017/03/04/world/africa/04reuters-congo-politics.html", "news_desk": "None"}, {"lead_paragraph": "Real Madrid overcame the absence of Gareth Bale and Cristiano Ronaldo to romp to a 4-1 win at tiny Eibar on Saturday and provisionally return to the top of La Liga.", "section_name": "Sports", "slideshow_credits": null, "print_page": 0, "subsection_name": "Soccer", "pub_date": "2017-03-04T17:33:29+0000", "type_of_material": "News", "multimedia": [], "_id": "58bafa6f95d0e024902fd8ac", "blog": [], "document_type": "article", "headline": {"print_headline": "Real Madrid Thrash Eibar Without Bale and Ronaldo", "main": "Real Madrid Thrash Eibar Without Bale and Ronaldo"}, "source": "Reuters", "word_count": 358, "abstract": null, "keywords": [], "byline": {"person": [], "organization": "REUTERS", "original": "By REUTERS"}, "snippet": "Real Madrid overcame the absence of Gareth Bale and Cristiano Ronaldo to romp to a 4-1 win at tiny Eibar on Saturday and provisionally return to the top of La Liga....", "web_url": "https://www.nytimes.com/reuters/2017/03/04/sports/soccer/04reuters-soccer-spain.html", "news_desk": "None"}, {"lead_paragraph": "Turkish officials said that an aircraft believed to belong to the Syrian military crashed near the Turkey-Syria border Saturday, with the Syrian opposition claiming to Turkish media they were responsible for shooting the plane down.", "section_name": "World", "slideshow_credits": null, "print_page": 0, "subsection_name": "Europe", "pub_date": "2017-03-04T17:30:34+0000", "type_of_material": "News", "multimedia": [], "_id": "58baf9c195d0e024902fd8ab", "blog": [], "document_type": "article", "headline": {"print_headline": "Plane Believed to Be Syrian Crashes Near Turkey-Syria Border", "main": "Plane Believed to Be Syrian Crashes Near Turkey-Syria Border"}, "source": "AP", "word_count": 237, "abstract": null, "keywords": [], "byline": {"person": [], "organization": "THE ASSOCIATED PRESS", "original": "By THE ASSOCIATED PRESS"}, "snippet": "Turkish officials said that an aircraft believed to belong to the Syrian military crashed near the Turkey-Syria border Saturday, with the Syrian opposition claiming to Turkish media they were responsible for shooting the plane down....", "web_url": "https://www.nytimes.com/aponline/2017/03/04/world/europe/ap-eu-turkey-syria-plane.html", "news_desk": "None"}, {"lead_paragraph": "A warplane probably belonging to the Syrian air force crashed on the Turkish side of the border with Syria on Saturday and the pilots appeared to have bailed out, a local Turkish governor was quoted as saying.", "section_name": "World", "slideshow_credits": null, "print_page": 0, "subsection_name": "Middle East", "pub_date": "2017-03-04T17:27:29+0000", "type_of_material": "News", "multimedia": [], "_id": "58baf90695d0e024902fd8a9", "blog": [], "document_type": "article", "headline": {"print_headline": "Turkey Says Warplane, Probably Syrian, Crashed Near Border", "main": "Turkey Says Warplane, Probably Syrian, Crashed Near Border"}, "source": "Reuters", "word_count": 224, "abstract": null, "keywords": [], "byline": {"person": [], "organization": "REUTERS", "original": "By REUTERS"}, "snippet": "A warplane probably belonging to the Syrian air force crashed on the Turkish side of the border with Syria on Saturday and the pilots appeared to have bailed out, a local Turkish governor was quoted as saying....", "web_url": "https://www.nytimes.com/reuters/2017/03/04/world/middleeast/04reuters-mideast-crisis-syria-airplane.html", "news_desk": "None"}, {"lead_paragraph": "From basketball innovator to coaching flameout, Mike D&#8217;Antoni has survived the roller coaster of the NBA and landed back in the league&#8217;s good graces.", "section_name": "Sports", "slideshow_credits": null, "print_page": 0, "subsection_name": "Pro Basketball", "pub_date": "2017-03-04T17:27:29+0000", "type_of_material": "News", "multimedia": [], "_id": "58baf90795d0e024902fd8aa", "blog": [], "document_type": "article", "headline": {"print_headline": "D'Antoni's Fired-Up Philosophy Has Rockets Revved Up", "main": "D'Antoni's Fired-Up Philosophy Has Rockets Revved Up"}, "source": "Reuters", "word_count": 478, "abstract": null, "keywords": [], "byline": {"person": [], "organization": "REUTERS", "original": "By REUTERS"}, "snippet": "From basketball innovator to coaching flameout, Mike D&#8217;Antoni has survived the roller coaster of the NBA and landed back in the league&#8217;s good graces....", "web_url": "https://www.nytimes.com/reuters/2017/03/04/sports/basketball/04reuters-basketball-nba-hou-dantoni.html", "news_desk": "None"}, {"lead_paragraph": "Drugmakers Sanofi and Regeneron said on Saturday results from a one-year test of their Dupixent product aimed at adults with eczema or moderate-to-severe atopic dermatitis (AD) had been positive. ", "section_name": "Business Day", "slideshow_credits": null, "print_page": 0, "subsection_name": null, "pub_date": "2017-03-04T17:24:32+0000", "type_of_material": "News", "multimedia": [], "_id": "58baf85895d0e024902fd8a8", "blog": [], "document_type": "article", "headline": {"print_headline": "Sanofi, Regeneron Say Latest Dupixent Eczema Drug Tests Positive", "main": "Sanofi, Regeneron Say Latest Dupixent Eczema Drug Tests Positive"}, "source": "Reuters", "word_count": 136, "abstract": null, "keywords": [], "byline": {"person": [], "organization": "REUTERS", "original": "By REUTERS"}, "snippet": "Drugmakers Sanofi and Regeneron said on Saturday results from a one-year test of their Dupixent product aimed at adults with eczema or moderate-to-severe atopic dermatitis (AD) had been positive....", "web_url": "https://www.nytimes.com/reuters/2017/03/04/business/04reuters-sanofi-regeneron.html", "news_desk": "None"}, {"lead_paragraph": "Smuttynose Brewing Company is helping the University of New Hampshire mark its 150th anniversary with a new ale.", "section_name": "U.S.", "slideshow_credits": null, "print_page": 0, "subsection_name": null, "pub_date": "2017-03-04T17:21:37+0000", "type_of_material": "News", "multimedia": [], "_id": "58baf7a695d0e024902fd8a7", "blog": [], "document_type": "article", "headline": {"print_headline": "1886 Ale Marks University of New Hampshire Anniversary", "main": "1886 Ale Marks University of New Hampshire Anniversary"}, "source": "AP", "word_count": 73, "abstract": null, "keywords": [], "byline": {"person": [], "organization": "THE ASSOCIATED PRESS", "original": "By THE ASSOCIATED PRESS"}, "snippet": "Smuttynose Brewing Company is helping the University of New Hampshire mark its 150th anniversary with a new ale....", "web_url": "https://www.nytimes.com/aponline/2017/03/04/us/ap-us-university-of-new-hampshire-beer.html", "news_desk": "None"}, {"lead_paragraph": "Embattled French presidential candidate Francois Fillon was under growing pressure to quit the race on Saturday as his party leaders brought forward a meeting to discuss the situation and former allies shied away from a planned rally to support him.", "section_name": "World", "slideshow_credits": null, "print_page": 0, "subsection_name": "Europe", "pub_date": "2017-03-04T17:21:29+0000", "type_of_material": "News", "multimedia": [], "_id": "58baf79d95d0e024902fd8a6", "blog": [], "document_type": "article", "headline": {"print_headline": "France's Fillon Under Fire as Party Chiefs Bring Forward Crisis Meeting", "main": "France's Fillon Under Fire as Party Chiefs Bring Forward Crisis Meeting"}, "source": "Reuters", "word_count": 723, "abstract": null, "keywords": [], "byline": {"person": [], "organization": "REUTERS", "original": "By REUTERS"}, "snippet": "Embattled French presidential candidate Francois Fillon was under growing pressure to quit the race on Saturday as his party leaders brought forward a meeting to discuss the situation and former allies shied away from a planned rally to support hi...", "web_url": "https://www.nytimes.com/reuters/2017/03/04/world/europe/04reuters-france-election-fillon.html", "news_desk": "None"}, {"lead_paragraph": "A New York man repeatedly traveled to the Middle East to try to join the Islamic State or another extremist group in Syria and later told authorities he'd been prepared to strap on a bomb to sacrifice himself for jihad, prosecutors said Saturday.", "section_name": "U.S.", "slideshow_credits": null, "print_page": 0, "subsection_name": null, "pub_date": "2017-03-04T17:18:44+0000", "type_of_material": "News", "multimedia": [], "_id": "58baf6fa95d0e024902fd8a5", "blog": [], "document_type": "article", "headline": {"print_headline": "Prosecutors: NY Man Aimed to Fight With Islamic Extremists", "main": "Prosecutors: NY Man Aimed to Fight With Islamic Extremists"}, "source": "AP", "word_count": 679, "abstract": null, "keywords": [], "byline": {"person": [], "organization": "THE ASSOCIATED PRESS", "original": "By THE ASSOCIATED PRESS"}, "snippet": "A New York man repeatedly traveled to the Middle East to try to join the Islamic State or another extremist group in Syria and later told authorities he'd been prepared to strap on a bomb to sacrifice himself for jihad, prosecutors said Saturday....", "web_url": "https://www.nytimes.com/aponline/2017/03/04/us/ap-us-terrorism-arrest.html", "news_desk": "None"}]}}