{"status": "OK", "copyright": "Copyright (c) 2013 The New York Times Company.  All Rights Reserved.", "response": {"meta": {"hits": 16084808, "time": 182, "offset": 490}, "docs": [{"lead_paragraph": "The tribe, exerting its sovereignty, brought the case over property damage caused by a 5.8-magnitude quake in September likely caused by fracking.", "section_name": "U.S.", "slideshow_credits": null, "print_page": 19, "subsection_name": null, "pub_date": "2017-03-04T16:45:21+0000", "type_of_material": "News", "multimedia": [{"url": "images/2017/03/05/us/05Oklahoma/05Oklahoma-thumbStandard.jpg", "legacy": {"thumbnail": "images/2017/03/05/us/05Oklahoma/05Oklahoma-thumbStandard.jpg", "thumbnailheight": 75, "thumbnailwidth": 75}, "subtype": "thumbnail", "rank": 0, "height": 75, "width": 75, "type": "image"}, {"url": "images/2017/03/05/us/05Oklahoma/05Oklahoma-articleLarge.jpg", "legacy": {"xlarge": "images/2017/03/05/us/05Oklahoma/05Oklahoma-articleLarge.jpg", "xlargewidth": 600, "xlargeheight": 398}, "subtype": "xlarge", "rank": 0, "height": 398, "width": 600, "type": "image"}, {"url": "images/2017/03/05/us/05Oklahoma/05Oklahoma-thumbWide.jpg", "legacy": {"wide": "images/2017/03/05/us/05Oklahoma/05Oklahoma-thumbWide.jpg", "widewidth": 190, "wideheight": 126}, "subtype": "wide", "rank": 0, "height": 126, "width": 190, "type": "image"}], "_id": "58baef2895d0e024902fd890", "blog": [], "document_type": "article", "headline": {"print_headline": "Quake Damage Spurs Pawnee Nation to Sue Oklahoma Firms in Tribal Court", "main": "Pawnee Nation Sues Oklahoma Oil Companies in Tribal Court Over Earthquake Damage"}, "source": "The New York Times", "word_count": 894, "abstract": null, "keywords": [{"value": "Oklahoma", "isMajor": "N", "rank": 1, "name": "glocations"}, {"value": "Native Americans", "isMajor": "N", "rank": 2, "name": "subject"}, {"value": "Suits and Litigation (Civil)", "isMajor": "N", "rank": 3, "name": "subject"}, {"value": "Earthquakes", "isMajor": "N", "rank": 4, "name": "subject"}, {"value": "Oil (Petroleum) and Gasoline", "isMajor": "N", "rank": 5, "name": "subject"}, {"value": "Natural Gas", "isMajor": "N", "rank": 6, "name": "subject"}, {"value": "Hydraulic Fracturing", "isMajor": "N", "rank": 7, "name": "subject"}], "byline": {"person": [], "organization": "THE ASSOCIATED PRESS", "original": "By THE ASSOCIATED PRESS"}, "snippet": "The tribe, exerting its sovereignty, brought the case over property damage caused by a 5.8-magnitude quake in September likely caused by fracking....", "web_url": "https://www.nytimes.com/2017/03/04/us/pawnee-nation-oklahoma-oil-earthquake-lawsuit.html", "news_desk": "National"}, {"lead_paragraph": "The sound of howling dogs filled downtown Anchorage on Saturday as mushers from around the world gathered for the ceremonial start of the Iditarod Trail Sled Dog Race.", "section_name": "U.S.", "slideshow_credits": null, "print_page": 0, "subsection_name": null, "pub_date": "2017-03-04T16:42:55+0000", "type_of_material": "News", "multimedia": [], "_id": "58baee9795d0e024902fd88f", "blog": [], "document_type": "article", "headline": {"print_headline": "Fan-Friendly Event Kicks Off Iditarod Race Across Alaska", "main": "Fan-Friendly Event Kicks Off Iditarod Race Across Alaska"}, "source": "AP", "word_count": 629, "abstract": null, "keywords": [], "byline": {"person": [], "organization": "THE ASSOCIATED PRESS", "original": "By THE ASSOCIATED PRESS"}, "snippet": "The sound of howling dogs filled downtown Anchorage on Saturday as mushers from around the world gathered for the ceremonial start of the Iditarod Trail Sled Dog Race....", "web_url": "https://www.nytimes.com/aponline/2017/03/04/us/ap-us-iditarod-.html", "news_desk": "None"}, {"lead_paragraph": "Deutsche Boerse Chairman Joachim Faber has put the blame for a failed tie-up with the London Stock Exchange on Britain and its vote to leave the European Union.    ", "section_name": "Business Day", "slideshow_credits": null, "print_page": 0, "subsection_name": null, "pub_date": "2017-03-04T16:42:29+0000", "type_of_material": "News", "multimedia": [], "_id": "58baee7895d0e024902fd88e", "blog": [], "document_type": "article", "headline": {"print_headline": "Deutsche Boerse Blames Britain for Failed LSE Tie-Up: Chairman in Paper", "main": "Deutsche Boerse Blames Britain for Failed LSE Tie-Up: Chairman in Paper"}, "source": "Reuters", "word_count": 193, "abstract": null, "keywords": [], "byline": {"person": [], "organization": "REUTERS", "original": "By REUTERS"}, "snippet": "Deutsche Boerse Chairman Joachim Faber has put the blame for a failed tie-up with the London Stock Exchange on Britain and its vote to leave the European Union....", "web_url": "https://www.nytimes.com/reuters/2017/03/04/business/04reuters-deutsche-boerse-m-a-lse.html", "news_desk": "None"}, {"lead_paragraph": "Lindsey Vonn went first out of the gate in Saturday's World Cup downhill race and it nearly paid off.", "section_name": "Sports", "slideshow_credits": null, "print_page": 0, "subsection_name": null, "pub_date": "2017-03-04T16:33:41+0000", "type_of_material": "News", "multimedia": [], "_id": "58baec6d95d0e024902fd88d", "blog": [], "document_type": "article", "headline": {"print_headline": "Vonn Places 2nd in World Cup Downhill at 2018 Olympic Site", "main": "Vonn Places 2nd in World Cup Downhill at 2018 Olympic Site"}, "source": "AP", "word_count": 431, "abstract": null, "keywords": [], "byline": {"person": [], "organization": "THE ASSOCIATED PRESS", "original": "By THE ASSOCIATED PRESS"}, "snippet": "Lindsey Vonn went first out of the gate in Saturday's World Cup downhill race and it nearly paid off....", "web_url": "https://www.nytimes.com/aponline/2017/03/04/sports/ap-ski-wcup-downhill-4th-ld-writethru.html", "news_desk": "None"}, {"lead_paragraph": "Alexander Bjork and Scott Jamieson will fight it out again as they retained a share of the lead heading toward the final round of the Tshwane Open on Saturday.", "section_name": "Sports", "slideshow_credits": null, "print_page": 0, "subsection_name": "Golf", "pub_date": "2017-03-04T16:33:40+0000", "type_of_material": "News", "multimedia": [], "_id": "58baec6d95d0e024902fd88c", "blog": [], "document_type": "article", "headline": {"print_headline": "Bjork, Jamieson Still Tied for Lead at Tshwane Open", "main": "Bjork, Jamieson Still Tied for Lead at Tshwane Open"}, "source": "AP", "word_count": 126, "abstract": null, "keywords": [], "byline": {"person": [], "organization": "THE ASSOCIATED PRESS", "original": "By THE ASSOCIATED PRESS"}, "snippet": "Alexander Bjork and Scott Jamieson will fight it out again as they retained a share of the lead heading toward the final round of the Tshwane Open on Saturday....", "web_url": "https://www.nytimes.com/aponline/2017/03/04/sports/golf/ap-glf-tshwane-open.html", "news_desk": "None"}, {"lead_paragraph": "The executions were the first since Jordan began a crackdown on Islamist extremists two years ago, in response to the killing of a Jordanian fighter pilot by the Islamic State.", "section_name": "World", "slideshow_credits": null, "print_page": 0, "subsection_name": "Middle East", "pub_date": "2017-03-04T16:29:45+0000", "type_of_material": "News", "multimedia": [], "_id": "58baeb7f95d0e024902fd88b", "blog": [], "document_type": "article", "headline": {"print_headline": "Jordan Executes 10 With Links to Islamic Extremism", "main": "Jordan Executes 10 Prisoners With Links to Islamic Extremism"}, "source": "The New York Times", "word_count": 512, "abstract": null, "keywords": [{"value": "Terrorism", "isMajor": "N", "rank": 1, "name": "subject"}, {"value": "Muslims and Islam", "isMajor": "N", "rank": 2, "name": "subject"}, {"value": "Islamic State in Iraq and Syria (ISIS)", "isMajor": "N", "rank": 3, "name": "organizations"}, {"value": "Hattar, Nahed (1960-2016)", "isMajor": "N", "rank": 4, "name": "persons"}, {"value": "Jordan", "isMajor": "N", "rank": 5, "name": "glocations"}], "byline": {"person": [], "organization": "THE ASSOCIATED PRESS", "original": "By THE ASSOCIATED PRESS"}, "snippet": "The executions were the first since Jordan began a crackdown on Islamist extremists two years ago, in response to the killing of a Jordanian fighter pilot by the Islamic State....", "web_url": "https://www.nytimes.com/2017/03/04/world/middleeast/jordan-executions-islamist-extremism.html", "news_desk": "Foreign"}, {"lead_paragraph": "Thirteen boxes of emails from Vice President Mike Pence's term as Indiana governor have been turned over to state government, about two months after an earlier attempt didn't work, a spokesman said.", "section_name": "U.S.", "slideshow_credits": null, "print_page": 0, "subsection_name": null, "pub_date": "2017-03-04T16:27:41+0000", "type_of_material": "News", "multimedia": [], "_id": "58baeb0495d0e024902fd88a", "blog": [], "document_type": "article", "headline": {"print_headline": "Emails From VP Pence's Time as Governor Delivered in Indiana", "main": "Emails From VP Pence's Time as Governor Delivered in Indiana"}, "source": "AP", "word_count": 232, "abstract": null, "keywords": [], "byline": {"person": [], "organization": "THE ASSOCIATED PRESS", "original": "By THE ASSOCIATED PRESS"}, "snippet": "Thirteen boxes of emails from Vice President Mike Pence's term as Indiana governor have been turned over to state government, about two months after an earlier attempt didn't work, a spokesman said....", "web_url": "https://www.nytimes.com/aponline/2017/03/04/us/ap-us-pence-email.html", "news_desk": "None"}, {"lead_paragraph": "Manchester United striker Zlatan Ibrahimovic said Bournemouth defender Tyrone Mings \"jumped into my elbow\" after the two came together in a challenge during the Premier League match at Old Trafford on Saturday.", "section_name": "Sports", "slideshow_credits": null, "print_page": 0, "subsection_name": "Soccer", "pub_date": "2017-03-04T16:27:28+0000", "type_of_material": "News", "multimedia": [], "_id": "58baeaf495d0e024902fd889", "blog": [], "document_type": "article", "headline": {"print_headline": "Mings Jumped Into My Elbow, Says Ibrahimovic", "main": "Mings Jumped Into My Elbow, Says Ibrahimovic"}, "source": "Reuters", "word_count": 253, "abstract": null, "keywords": [], "byline": {"person": [], "organization": "REUTERS", "original": "By REUTERS"}, "snippet": "Manchester United striker Zlatan Ibrahimovic said Bournemouth defender Tyrone Mings \"jumped into my elbow\" after the two came together in a challenge during the Premier League match at Old Trafford on Saturday....", "web_url": "https://www.nytimes.com/reuters/2017/03/04/sports/soccer/04reuters-soccer-england-mun-bou-ibrahimovic.html", "news_desk": "None"}, {"lead_paragraph": "South Sudan has sharply increased the fees required for foreigners to work in the country &#8212; from roughly $100 to up to $10,000 &#8212; just days after famine was declared there.", "section_name": "World", "slideshow_credits": null, "print_page": 0, "subsection_name": "Africa", "pub_date": "2017-03-04T16:24:41+0000", "type_of_material": "News", "multimedia": [], "_id": "58baea4d95d0e024902fd888", "blog": [], "document_type": "article", "headline": {"print_headline": "Famine-Hit South Sudan Sharply Raises Foreigners' Work Fees", "main": "Famine-Hit South Sudan Sharply Raises Foreigners' Work Fees"}, "source": "AP", "word_count": 364, "abstract": null, "keywords": [], "byline": {"person": [], "organization": "THE ASSOCIATED PRESS", "original": "By THE ASSOCIATED PRESS"}, "snippet": "South Sudan has sharply increased the fees required for foreigners to work in the country &#8212; from roughly $100 to up to $10,000 &#8212; just days after famine was declared there....", "web_url": "https://www.nytimes.com/aponline/2017/03/04/world/africa/ap-af-south-sudan-famine.html", "news_desk": "None"}, {"lead_paragraph": "Dries Mertens scored twice as third-placed Napoli upset AS Roma 2-1 away on Saturday and moved to within two points of them in the Serie A standings.", "section_name": "Sports", "slideshow_credits": null, "print_page": 0, "subsection_name": "Soccer", "pub_date": "2017-03-04T16:24:28+0000", "type_of_material": "News", "multimedia": [], "_id": "58baea4295d0e024902fd887", "blog": [], "document_type": "article", "headline": {"print_headline": "Mertens Nets Double as Napoli Upset Roma", "main": "Mertens Nets Double as Napoli Upset Roma"}, "source": "Reuters", "word_count": 185, "abstract": null, "keywords": [], "byline": {"person": [], "organization": "REUTERS", "original": "By REUTERS"}, "snippet": "Dries Mertens scored twice as third-placed Napoli upset AS Roma 2-1 away on Saturday and moved to within two points of them in the Serie A standings....", "web_url": "https://www.nytimes.com/reuters/2017/03/04/sports/soccer/04reuters-soccer-italy.html", "news_desk": "None"}]}}