{"status": "OK", "copyright": "Copyright (c) 2013 The New York Times Company.  All Rights Reserved.", "response": {"meta": {"hits": 16084808, "time": 150, "offset": 200}, "docs": [{"lead_paragraph": "Pakistan tightened security in the city of Lahore ahead of a hugely anticipated final of its domestic cricket league on Sunday, pushing ahead with a rare high-profile match despite a recent spike in Islamist violence.", "section_name": "Sports", "slideshow_credits": null, "print_page": 0, "subsection_name": "Cricket", "pub_date": "2017-03-05T08:54:28+0000", "type_of_material": "News", "multimedia": [], "_id": "58bbd24c95d0e024902fd9b3", "blog": [], "document_type": "article", "headline": {"print_headline": "After Bombs, Pakistan Tightens Security for Rare Major Cricket Match", "main": "After Bombs, Pakistan Tightens Security for Rare Major Cricket Match"}, "source": "Reuters", "word_count": 425, "abstract": null, "keywords": [], "byline": {"person": [], "organization": "REUTERS", "original": "By REUTERS"}, "snippet": "Pakistan tightened security in the city of Lahore ahead of a hugely anticipated final of its domestic cricket league on Sunday, pushing ahead with a rare high-profile match despite a recent spike in Islamist violence....", "web_url": "https://www.nytimes.com/reuters/2017/03/05/sports/cricket/05reuters-cricket-pakistan.html", "news_desk": "None"}, {"lead_paragraph": "China has cut its growth target this year as the world's second-largest economy pushes through painful reforms to address a rapid build-up in debt, and erects a \"firewall\" against financial risks.", "section_name": "Business Day", "slideshow_credits": null, "print_page": 0, "subsection_name": null, "pub_date": "2017-03-05T08:45:29+0000", "type_of_material": "News", "multimedia": [], "_id": "58bbd03195d0e024902fd9b2", "blog": [], "document_type": "article", "headline": {"print_headline": "China Cuts Growth Goal, Puts Focus on Reform and 'Firewall' Against Risks", "main": "China Cuts Growth Goal, Puts Focus on Reform and 'Firewall' Against Risks"}, "source": "Reuters", "word_count": 860, "abstract": null, "keywords": [], "byline": {"person": [], "organization": "REUTERS", "original": "By REUTERS"}, "snippet": "China has cut its growth target this year as the world's second-largest economy pushes through painful reforms to address a rapid build-up in debt, and erects a \"firewall\" against financial risks....", "web_url": "https://www.nytimes.com/reuters/2017/03/05/business/05reuters-china-parliament.html", "news_desk": "None"}, {"lead_paragraph": "Leading Bollywood filmmaker Karan Johar said Sunday that he's become a parent to twins born via surrogate.", "section_name": "Arts", "slideshow_credits": null, "print_page": 0, "subsection_name": null, "pub_date": "2017-03-05T08:33:34+0000", "type_of_material": "News", "multimedia": [], "_id": "58bbcd6295d0e024902fd9b1", "blog": [], "document_type": "article", "headline": {"print_headline": "Indian Filmmaker Karan Johar Has Twins via Surrogate", "main": "Indian Filmmaker Karan Johar Has Twins via Surrogate"}, "source": "AP", "word_count": 171, "abstract": null, "keywords": [], "byline": {"person": [], "organization": "THE ASSOCIATED PRESS", "original": "By THE ASSOCIATED PRESS"}, "snippet": "Leading Bollywood filmmaker Karan Johar said Sunday that he's become a parent to twins born via surrogate....", "web_url": "https://www.nytimes.com/aponline/2017/03/05/arts/ap-as-india-filmmaker-surrogacy.html", "news_desk": "None"}, {"lead_paragraph": "At a circular booth in the middle of the Trump International Hotel's balcony restaurant, President Donald Trump dined on his steak &#8212; well-done, with ketchup &#8212; while chatting with British Brexit politician Nigel Farage.", "section_name": "U.S.", "slideshow_credits": null, "print_page": 0, "subsection_name": "Politics", "pub_date": "2017-03-05T08:27:34+0000", "type_of_material": "News", "multimedia": [], "_id": "58bbcbfc95d0e024902fd9b0", "blog": [], "document_type": "article", "headline": {"print_headline": "Trump Hotel May Be Political Capital of the Nation's Capital", "main": "Trump Hotel May Be Political Capital of the Nation's Capital"}, "source": "AP", "word_count": 1166, "abstract": null, "keywords": [], "byline": {"person": [], "organization": "THE ASSOCIATED PRESS", "original": "By THE ASSOCIATED PRESS"}, "snippet": "At a circular booth in the middle of the Trump International Hotel's balcony restaurant, President Donald Trump dined on his steak &#8212; well-done, with ketchup &#8212; while chatting with British Brexit politician Nigel Farage....", "web_url": "https://www.nytimes.com/aponline/2017/03/05/us/politics/ap-us-trump-hotel.html", "news_desk": "None"}, {"lead_paragraph": "Former world number one Park In-bee wielded a red-hot putter on her way to a tournament-record eight-under 64 that catapulted the Korean to a one-shot victory at the HSBC Women's Champions on Sunday.", "section_name": "Sports", "slideshow_credits": null, "print_page": 0, "subsection_name": "Golf", "pub_date": "2017-03-05T08:27:30+0000", "type_of_material": "News", "multimedia": [], "_id": "58bbcbf595d0e024902fd9af", "blog": [], "document_type": "article", "headline": {"print_headline": "Brilliant Park Storms to Victory in Singapore", "main": "Brilliant Park Storms to Victory in Singapore"}, "source": "Reuters", "word_count": 466, "abstract": null, "keywords": [], "byline": {"person": [], "organization": "REUTERS", "original": "By REUTERS"}, "snippet": "Former world number one Park In-bee wielded a red-hot putter on her way to a tournament-record eight-under 64 that catapulted the Korean to a one-shot victory at the HSBC Women's Champions on Sunday....", "web_url": "https://www.nytimes.com/reuters/2017/03/05/sports/golf/05reuters-golf-lpga.html", "news_desk": "None"}, {"lead_paragraph": "President Donald Trump turned to Congress on Sunday for help finding evidence to support his unsubstantiated claim that former President Barack Obama had Trump's telephones tapped during the election. Obama's intelligence chief said no such action was ever carried out.", "section_name": "U.S.", "slideshow_credits": null, "print_page": 0, "subsection_name": null, "pub_date": "2017-03-05T08:18:37+0000", "type_of_material": "News", "multimedia": [], "_id": "58bbc9e295d0e024902fd9ae", "blog": [], "document_type": "article", "headline": {"print_headline": "Trump Enlists Congress, Ex-Intel Chief Denies Wiretapping", "main": "Trump Enlists Congress, Ex-Intel Chief Denies Wiretapping"}, "source": "AP", "word_count": 815, "abstract": null, "keywords": [], "byline": {"person": [], "organization": "THE ASSOCIATED PRESS", "original": "By THE ASSOCIATED PRESS"}, "snippet": "President Donald Trump turned to Congress on Sunday for help finding evidence to support his unsubstantiated claim that former President Barack Obama had Trump's telephones tapped during the election. Obama's intelligence chief said no such action...", "web_url": "https://www.nytimes.com/aponline/2017/03/05/us/ap-us-trump.html", "news_desk": "None"}, {"lead_paragraph": "Britain agreed on Sunday to arrange 10 billion pounds in loans to finance infrastructure projects in Iraq over a 10 year period, a program that would only benefit British companies, an Iraqi minister said in Baghdad.", "section_name": "World", "slideshow_credits": null, "print_page": 0, "subsection_name": "Middle East", "pub_date": "2017-03-05T08:18:28+0000", "type_of_material": "News", "multimedia": [], "_id": "58bbc9da95d0e024902fd9ad", "blog": [], "document_type": "article", "headline": {"print_headline": "Iraq to Get 10 Billion Pound Loan for British Contracts", "main": "Iraq to Get 10 Billion Pound Loan for British Contracts"}, "source": "Reuters", "word_count": 314, "abstract": null, "keywords": [], "byline": {"person": [], "organization": "REUTERS", "original": "By REUTERS"}, "snippet": "Britain agreed on Sunday to arrange 10 billion pounds in loans to finance infrastructure projects in Iraq over a 10 year period, a program that would only benefit British companies, an Iraqi minister said in Baghdad....", "web_url": "https://www.nytimes.com/reuters/2017/03/05/world/middleeast/05reuters-iraq-britain-loans.html", "news_desk": "None"}, {"lead_paragraph": "Vanderbilt did what no other member of the Southeastern Conference could do this season. The Commodores swept Florida, and that could be enough to almost guarantee an at-large bid to the NCAA Tournament.", "section_name": "Sports", "slideshow_credits": null, "print_page": 0, "subsection_name": "College Basketball", "pub_date": "2017-03-05T08:00:37+0000", "type_of_material": "News", "multimedia": [], "_id": "58bbc5ad95d0e024902fd9ac", "blog": [], "document_type": "article", "headline": {"print_headline": "Bubble Watch: Vandy, Wake Forest Get Big Wins", "main": "Bubble Watch: Vandy, Wake Forest Get Big Wins"}, "source": "AP", "word_count": 762, "abstract": null, "keywords": [], "byline": {"person": [], "organization": "THE ASSOCIATED PRESS", "original": "By THE ASSOCIATED PRESS"}, "snippet": "Vanderbilt did what no other member of the Southeastern Conference could do this season. The Commodores swept Florida, and that could be enough to almost guarantee an at-large bid to the NCAA Tournament....", "web_url": "https://www.nytimes.com/aponline/2017/03/05/sports/ncaabasketball/ap-bkc-bubble-watch.html", "news_desk": "None"}, {"lead_paragraph": "More than 40,000 people have been displaced in the last week from the Iraqi city of Mosul, where U.S.-backed forces launched a fresh push towards the Islamic State-held old city center on Sunday and closed in on the main government complex.", "section_name": "World", "slideshow_credits": null, "print_page": 0, "subsection_name": "Middle East", "pub_date": "2017-03-05T07:45:28+0000", "type_of_material": "News", "multimedia": [], "_id": "58bbc21d95d0e024902fd9ab", "blog": [], "document_type": "article", "headline": {"print_headline": "Over 40,000 Displaced From Mosul in a Week as Iraqi Forces Near Old City", "main": "Over 40,000 Displaced From Mosul in a Week as Iraqi Forces Near Old City"}, "source": "Reuters", "word_count": 622, "abstract": null, "keywords": [], "byline": {"person": [], "organization": "REUTERS", "original": "By REUTERS"}, "snippet": "More than 40,000 people have been displaced in the last week from the Iraqi city of Mosul, where U.S.-backed forces launched a fresh push towards the Islamic State-held old city center on Sunday and closed in on the main government complex....", "web_url": "https://www.nytimes.com/reuters/2017/03/05/world/middleeast/05reuters-mideast-iraq-mosul.html", "news_desk": "None"}, {"lead_paragraph": "Underdog Tony Bellew stopped former WBA heavyweight champion David Haye in the 11th round of their thrilling clash at London's O2 Arena on Saturday. ", "section_name": "Sports", "slideshow_credits": null, "print_page": 0, "subsection_name": null, "pub_date": "2017-03-05T07:30:27+0000", "type_of_material": "News", "multimedia": [], "_id": "58bbbea095d0e024902fd9aa", "blog": [], "document_type": "article", "headline": {"print_headline": "Underdog Bellew Stuns Haye in Heavyweight Clash", "main": "Underdog Bellew Stuns Haye in Heavyweight Clash"}, "source": "Reuters", "word_count": 315, "abstract": null, "keywords": [], "byline": {"person": [], "organization": "REUTERS", "original": "By REUTERS"}, "snippet": "Underdog Tony Bellew stopped former WBA heavyweight champion David Haye in the 11th round of their thrilling clash at London's O2 Arena on Saturday....", "web_url": "https://www.nytimes.com/reuters/2017/03/05/sports/05reuters-boxing-heavyweight-haye-bellew.html", "news_desk": "None"}]}}