{"status": "OK", "response": {"docs": [{"subsection_name": "Middle East", "byline": {"organization": "REUTERS", "person": [], "original": "By REUTERS"}, "source": "Reuters", "slideshow_credits": null, "keywords": [], "print_page": 0, "document_type": "article", "multimedia": [], "blog": [], "section_name": "World", "word_count": 674, "web_url": "https://www.nytimes.com/reuters/2017/03/06/world/middleeast/06reuters-mideast-crisis-syria-raqqa.html", "pub_date": "2017-03-06T09:51:30+0000", "lead_paragraph": "U.S.-backed Syrian militias cut the last main road out of Islamic State-held Raqqa on Monday, severing the highway between the group's de facto capital and its stronghold of Deir al-Zor province, a militia spokesman said.", "type_of_material": "News", "news_desk": "None", "snippet": "U.S.-backed Syrian militias cut the last main road out of Islamic State-held Raqqa on Monday, severing the highway between the group's de facto capital and its stronghold of Deir al-Zor province, a militia spokesman said....", "_id": "58bd312895d0e024902fdb9a", "abstract": null, "headline": {"main": "U.S.-Backed Syrian Force Cuts Last Road Out of IS Stronghold", "print_headline": "U.S.-Backed Syrian Force Cuts Last Road Out of IS Stronghold"}}, {"subsection_name": "Soccer", "byline": {"organization": "REUTERS", "person": [], "original": "By REUTERS"}, "source": "Reuters", "slideshow_credits": null, "keywords": [], "print_page": 0, "document_type": "article", "multimedia": [], "blog": [], "section_name": "Sports", "word_count": 280, "web_url": "https://www.nytimes.com/reuters/2017/03/06/sports/soccer/06reuters-soccer-asia-malaysia-afc.html", "pub_date": "2017-03-06T09:45:35+0000", "lead_paragraph": "Malaysia have asked that an Asian Cup qualifier against North Korea be moved to a neutral venue, as relations between the two countries worsen after North Korean leader Kim Jong Un's estranged half-brother was killed in Malaysia.", "type_of_material": "News", "news_desk": "None", "snippet": "Malaysia have asked that an Asian Cup qualifier against North Korea be moved to a neutral venue, as relations between the two countries worsen after North Korean leader Kim Jong Un's estranged half-brother was killed in Malaysia....", "_id": "58bd2fc795d0e024902fdb99", "abstract": null, "headline": {"main": "Malaysia Wants Change in Venue for North Korea Qualifier", "print_headline": "Malaysia Wants Change in Venue for North Korea Qualifier"}}, {"subsection_name": "Asia Pacific", "byline": {"organization": "REUTERS", "person": [], "original": "By REUTERS"}, "source": "Reuters", "slideshow_credits": null, "keywords": [], "print_page": 0, "document_type": "article", "multimedia": [], "blog": [], "section_name": "World", "word_count": 355, "web_url": "https://www.nytimes.com/reuters/2017/03/06/world/asia/06reuters-pakistan-attack.html", "pub_date": "2017-03-06T09:45:32+0000", "lead_paragraph": "Five Pakistani soldiers were killed in attacks on northwestern border checkpoints launched by dozens of militants based in Afghanistan, Pakistan's military said on Monday, as officials demanded that the neighboring country rein in such violence.", "type_of_material": "News", "news_desk": "None", "snippet": "Five Pakistani soldiers were killed in attacks on northwestern border checkpoints launched by dozens of militants based in Afghanistan, Pakistan's military said on Monday, as officials demanded that the neighboring country rein in such violence....", "_id": "58bd2fc195d0e024902fdb98", "abstract": null, "headline": {"main": "Five Pakistan Soldiers Killed in Militant Raids Across Afghan Border", "print_headline": "Five Pakistan Soldiers Killed in Militant Raids Across Afghan Border"}}, {"subsection_name": null, "byline": [], "source": "The New York Times", "slideshow_credits": null, "keywords": [], "print_page": 0, "document_type": "article", "multimedia": [{"subtype": "thumbnail", "type": "image", "legacy": {"thumbnailheight": 75, "thumbnailwidth": 75, "thumbnail": "images/2017/03/06/us/06trump-sub/06trump-sub-thumbStandard.jpg"}, "url": "images/2017/03/06/us/06trump-sub/06trump-sub-thumbStandard.jpg", "height": 75, "width": 75, "rank": 0}, {"subtype": "xlarge", "type": "image", "legacy": {"xlarge": "images/2017/03/06/us/06trump-sub/06trump-sub-articleLarge.jpg", "xlargeheight": 383, "xlargewidth": 600}, "url": "images/2017/03/06/us/06trump-sub/06trump-sub-articleLarge.jpg", "height": 383, "width": 600, "rank": 0}, {"subtype": "wide", "type": "image", "legacy": {"widewidth": 190, "wide": "images/2017/03/06/us/06trump-sub/06trump-sub-thumbWide.jpg", "wideheight": 126}, "url": "images/2017/03/06/us/06trump-sub/06trump-sub-thumbWide.jpg", "height": 126, "width": 190, "rank": 0}], "blog": [], "section_name": "The Learning Network", "word_count": 276, "web_url": "https://www.nytimes.com/2017/03/06/learning/questions-for-comey-asks-justice-dept-to-reject-trumps-wiretapping-claim.html", "pub_date": "2017-03-06T09:44:02+0000", "lead_paragraph": "Why did the F.B.I. director respond to President Trump\u2019s allegations that the Obama administration had ordered a wiretap of his phones prior to November\u2019s presidential election?", "type_of_material": "News", "news_desk": "Learning", "snippet": "Why did the F.B.I. director respond to President Trump\u2019s allegations that the Obama administration had ordered a wiretap of his phones prior to November\u2019s presidential election?...", "_id": "58bd2f6795d0e024902fdb97", "abstract": null, "headline": {"main": "Questions for: \u2018Comey Asks Justice Dept. to Reject Trump\u2019s Wiretapping Claim\u2019", "kicker": "Article of the Day", "content_kicker": "Article of the Day", "print_headline": "Questions for: \u2018Comey Asks Justice Dept. to Reject Trump\u2019s Wiretapping Claim\u2019"}}, {"subsection_name": "Europe", "byline": {"organization": "THE ASSOCIATED PRESS", "person": [], "original": "By THE ASSOCIATED PRESS"}, "source": "AP", "slideshow_credits": null, "keywords": [], "print_page": 0, "document_type": "article", "multimedia": [], "blog": [], "section_name": "World", "word_count": 1247, "web_url": "https://www.nytimes.com/aponline/2017/03/06/world/europe/ap-eu-europe-turkey-the-latest.html", "pub_date": "2017-03-06T09:42:41+0000", "lead_paragraph": "The Latest on diplomatic rift between Turkey and EU nations (all times local):", "type_of_material": "News", "news_desk": "None", "snippet": "The Latest on diplomatic rift between Turkey and EU nations (all times local):...", "_id": "58bd2f1795d0e024902fdb96", "abstract": null, "headline": {"main": "The Latest: Belgian Minister: Erdogan's Comments 'Nonsense'", "print_headline": "The Latest: Belgian Minister: Erdogan's Comments 'Nonsense'"}}, {"subsection_name": "Africa", "byline": {"organization": "REUTERS", "person": [], "original": "By REUTERS"}, "source": "Reuters", "slideshow_credits": null, "keywords": [], "print_page": 0, "document_type": "article", "multimedia": [], "blog": [], "section_name": "World", "word_count": 248, "web_url": "https://www.nytimes.com/reuters/2017/03/06/world/africa/06reuters-zimbabwe-strike.html", "pub_date": "2017-03-06T09:42:29+0000", "lead_paragraph": "Zimbabwe's government on Monday agreed to pay outstanding cash bonuses, bringing an end to a brief sit-in protest by public workers, union leaders and a government minister said.", "type_of_material": "News", "news_desk": "None", "snippet": "Zimbabwe's government on Monday agreed to pay outstanding cash bonuses, bringing an end to a brief sit-in protest by public workers, union leaders and a government minister said....", "_id": "58bd2f0a95d0e024902fdb95", "abstract": null, "headline": {"main": "Zimbabwe to Pay Bonuses After Civil Servants Sit-In Protest", "print_headline": "Zimbabwe to Pay Bonuses After Civil Servants Sit-In Protest"}}, {"subsection_name": null, "byline": {"organization": "REUTERS", "person": [], "original": "By REUTERS"}, "source": "Reuters", "slideshow_credits": null, "keywords": [], "print_page": 0, "document_type": "article", "multimedia": [], "blog": [], "section_name": "Business Day", "word_count": 267, "web_url": "https://www.nytimes.com/reuters/2017/03/06/business/06reuters-eurozone-economy-sentix.html", "pub_date": "2017-03-06T09:33:29+0000", "lead_paragraph": "Investor sentiment in the euro zone improved more than expected in March, hitting its highest level in almost 10 years on Monday, as concerns that global political risks could end an economic upswing dissipated.", "type_of_material": "News", "news_desk": "None", "snippet": "Investor sentiment in the euro zone improved more than expected in March, hitting its highest level in almost 10 years on Monday, as concerns that global political risks could end an economic upswing dissipated....", "_id": "58bd2cf295d0e024902fdb94", "abstract": null, "headline": {"main": "Euro Zone Investor Morale Hits Almost 10-Year High", "print_headline": "Euro Zone Investor Morale Hits Almost 10-Year High"}}, {"subsection_name": "Middle East", "byline": {"organization": "REUTERS", "person": [], "original": "By REUTERS"}, "source": "Reuters", "slideshow_credits": null, "keywords": [], "print_page": 0, "document_type": "article", "multimedia": [], "blog": [], "section_name": "World", "word_count": 584, "web_url": "https://www.nytimes.com/reuters/2017/03/06/world/middleeast/06reuters-mideast-crisis-mosul-tunnel.html", "pub_date": "2017-03-06T09:33:29+0000", "lead_paragraph": "The mouth of the tunnel is hardly visible on a muddy hillside overlooking Mosul, where fighting now rages between Iraqi forces and Islamic State militants. ", "type_of_material": "News", "news_desk": "None", "snippet": "The mouth of the tunnel is hardly visible on a muddy hillside overlooking Mosul, where fighting now rages between Iraqi forces and Islamic State militants....", "_id": "58bd2cf095d0e024902fdb93", "abstract": null, "headline": {"main": "Mosul Train Tunnel Reveals Assault Course for Elite Islamic State Fighters", "print_headline": "Mosul Train Tunnel Reveals Assault Course for Elite Islamic State Fighters"}}, {"subsection_name": "Europe", "byline": {"organization": "THE ASSOCIATED PRESS", "person": [], "original": "By THE ASSOCIATED PRESS"}, "source": "AP", "slideshow_credits": null, "keywords": [], "print_page": 0, "document_type": "article", "multimedia": [], "blog": [], "section_name": "World", "word_count": 334, "web_url": "https://www.nytimes.com/aponline/2017/03/06/world/europe/ap-eu-world-court-ukraine-russia.html", "pub_date": "2017-03-06T09:30:37+0000", "lead_paragraph": "Ukraine's deputy foreign minister on Monday accused Russia of financing terrorism by shipping arms, ammunition and funds to separatist rebels in eastern Ukraine and of discriminating against non-Russians in the annexed Crimean Peninsula.", "type_of_material": "News", "news_desk": "None", "snippet": "Ukraine's deputy foreign minister on Monday accused Russia of financing terrorism by shipping arms, ammunition and funds to separatist rebels in eastern Ukraine and of discriminating against non-Russians in the annexed Crimean Peninsula....", "_id": "58bd2c4295d0e024902fdb92", "abstract": null, "headline": {"main": "Ukraine Takes Russia to UN Court Over Rebel Funding, Crimea", "print_headline": "Ukraine Takes Russia to UN Court Over Rebel Funding, Crimea"}}, {"subsection_name": "Asia Pacific", "byline": {"organization": "REUTERS", "person": [], "original": "By REUTERS"}, "source": "Reuters", "slideshow_credits": null, "keywords": [], "print_page": 0, "document_type": "article", "multimedia": [], "blog": [], "section_name": "World", "word_count": 128, "web_url": "https://www.nytimes.com/reuters/2017/03/06/world/asia/06reuters-northkorea-malaysia-kim-envoy.html", "pub_date": "2017-03-06T09:30:29+0000", "lead_paragraph": "The North Korean ambassador expelled by Malaysia in a row over the investigation into the murder of the North Korean leader's half-brother said on Monday that the Malaysian government's actions had harmed bilateral ties.", "type_of_material": "News", "news_desk": "None", "snippet": "The North Korean ambassador expelled by Malaysia in a row over the investigation into the murder of the North Korean leader's half-brother said on Monday that the Malaysian government's actions had harmed bilateral ties....", "_id": "58bd2c4095d0e024902fdb91", "abstract": null, "headline": {"main": "Expelled North Korean Envoy Says Malaysia's 'Extreme Measures' Harmed Ties", "print_headline": "Expelled North Korean Envoy Says Malaysia's 'Extreme Measures' Harmed Ties"}}], "meta": {"time": 174, "offset": 270, "hits": 16085363}}, "copyright": "Copyright (c) 2013 The New York Times Company.  All Rights Reserved."}