{"copyright": "Copyright (c) 2013 The New York Times Company.  All Rights Reserved.", "status": "OK", "response": {"meta": {"offset": 1140, "time": 219, "hits": 16085757}, "docs": [{"abstract": null, "pub_date": "2017-03-05T09:15:35+0000", "snippet": "Japanese Emperor Akihito paid his respects to the late Thai King Bhumibol Adulyadej on Sunday, arriving in Bangkok following a weeklong trip to Vietnam aimed at winning support against Chinese expansionism....", "web_url": "https://www.nytimes.com/aponline/2017/03/05/world/asia/ap-as-thailand-japan-emperor.html", "document_type": "article", "headline": {"print_headline": "Japan's Emperor Pays Respects to Thailand's Late King", "main": "Japan's Emperor Pays Respects to Thailand's Late King"}, "subsection_name": "Asia Pacific", "byline": {"organization": "THE ASSOCIATED PRESS", "person": [], "original": "By THE ASSOCIATED PRESS"}, "section_name": "World", "print_page": 0, "keywords": [], "news_desk": "None", "blog": [], "_id": "58bbd73a95d0e024902fd9b9", "multimedia": [], "source": "AP", "word_count": 367, "lead_paragraph": "Japanese Emperor Akihito paid his respects to the late Thai King Bhumibol Adulyadej on Sunday, arriving in Bangkok following a weeklong trip to Vietnam aimed at winning support against Chinese expansionism.", "type_of_material": "News", "slideshow_credits": null}, {"abstract": null, "pub_date": "2017-03-05T09:09:34+0000", "snippet": "The decision on whether or not to return the Syrian pilot who ejected into Turkey will be made following his treatment, a Turkish Cabinet minister said Sunday....", "web_url": "https://www.nytimes.com/aponline/2017/03/05/world/europe/ap-eu-turkey-syria-plane.html", "document_type": "article", "headline": {"print_headline": "Turkey Rescues Pilot of Syrian Jet That Crashed on Border", "main": "Turkey Rescues Pilot of Syrian Jet That Crashed on Border"}, "subsection_name": "Europe", "byline": {"organization": "THE ASSOCIATED PRESS", "person": [], "original": "By THE ASSOCIATED PRESS"}, "section_name": "World", "print_page": 0, "keywords": [], "news_desk": "None", "blog": [], "_id": "58bbd5d495d0e024902fd9b6", "multimedia": [], "source": "AP", "word_count": 223, "lead_paragraph": "The decision on whether or not to return the Syrian pilot who ejected into Turkey will be made following his treatment, a Turkish Cabinet minister said Sunday.", "type_of_material": "News", "slideshow_credits": null}, {"abstract": null, "pub_date": "2017-03-05T09:09:30+0000", "snippet": "Malaysia has arrested six foreigners and one Malaysian for suspected links to militant groups including Islamic State, the police chief said on Sunday....", "web_url": "https://www.nytimes.com/reuters/2017/03/05/world/asia/05reuters-malaysia-security-arrests.html", "document_type": "article", "headline": {"print_headline": "Malaysia Arrests Seven for Suspected Links to Militant Groups", "main": "Malaysia Arrests Seven for Suspected Links to Militant Groups"}, "subsection_name": "Asia Pacific", "byline": {"organization": "REUTERS", "person": [], "original": "By REUTERS"}, "section_name": "World", "print_page": 0, "keywords": [], "news_desk": "None", "blog": [], "_id": "58bbd5d495d0e024902fd9b7", "multimedia": [], "source": "Reuters", "word_count": 268, "lead_paragraph": "Malaysia has arrested six foreigners and one Malaysian for suspected links to militant groups including Islamic State, the police chief said on Sunday. ", "type_of_material": "News", "slideshow_credits": null}, {"abstract": null, "pub_date": "2017-03-05T09:09:30+0000", "snippet": "British Prime Minister Theresa May is unlikely to bow to political expedience in Brexit negotiations but will make up her own mind about what she believes is best and refuse to give ground - that's if past form is anything to go by....", "web_url": "https://www.nytimes.com/reuters/2017/03/05/world/europe/05reuters-britain-eu-may.html", "document_type": "article", "headline": {"print_headline": "Battle-Hardened in Britain, May Prepares for Brexit Talks", "main": "Battle-Hardened in Britain, May Prepares for Brexit Talks"}, "subsection_name": "Europe", "byline": {"organization": "REUTERS", "person": [], "original": "By REUTERS"}, "section_name": "World", "print_page": 0, "keywords": [], "news_desk": "None", "blog": [], "_id": "58bbd5d595d0e024902fd9b8", "multimedia": [], "source": "Reuters", "word_count": 944, "lead_paragraph": "British Prime Minister Theresa May is unlikely to bow to political expedience in Brexit negotiations but will make up her own mind about what she believes is best and refuse to give ground - that's if past form is anything to go by. ", "type_of_material": "News", "slideshow_credits": null}, {"abstract": null, "pub_date": "2017-03-05T09:06:33+0000", "snippet": "An Israeli newspaper is reporting that Prime Minister Benjamin Netanyahu offered the country's opposition leader a unity government late last year that would promote a regional peace initiative &#8212; before backing out....", "web_url": "https://www.nytimes.com/aponline/2017/03/05/world/middleeast/ap-ml-israel-palestinians.html", "document_type": "article", "headline": {"print_headline": "Report: Israeli Leader Briefly Offered Pro-Peace Government", "main": "Report: Israeli Leader Briefly Offered Pro-Peace Government"}, "subsection_name": "Middle East", "byline": {"organization": "THE ASSOCIATED PRESS", "person": [], "original": "By THE ASSOCIATED PRESS"}, "section_name": "World", "print_page": 0, "keywords": [], "news_desk": "None", "blog": [], "_id": "58bbd51f95d0e024902fd9b5", "multimedia": [], "source": "AP", "word_count": 131, "lead_paragraph": "An Israeli newspaper is reporting that Prime Minister Benjamin Netanyahu offered the country's opposition leader a unity government late last year that would promote a regional peace initiative &#8212; before backing out.", "type_of_material": "News", "slideshow_credits": null}, {"abstract": null, "pub_date": "2017-03-05T08:57:27+0000", "snippet": "Nigerian pirates have released seven Russian and one Ukrainian sailors after they were captured last month on the cargo ship the BBC Caribbean, Russian news agencies reported on Sunday, citing a human rights activist in Crimea....", "web_url": "https://www.nytimes.com/reuters/2017/03/05/world/europe/05reuters-nigeria-piracy-ukraine-russia.html", "document_type": "article", "headline": {"print_headline": "Pirates in Nigeria Release Russian, Ukrainian Sailors: Agencies", "main": "Pirates in Nigeria Release Russian, Ukrainian Sailors: Agencies"}, "subsection_name": "Europe", "byline": {"organization": "REUTERS", "person": [], "original": "By REUTERS"}, "section_name": "World", "print_page": 0, "keywords": [], "news_desk": "None", "blog": [], "_id": "58bbd30d95d0e024902fd9b4", "multimedia": [], "source": "Reuters", "word_count": 137, "lead_paragraph": "Nigerian pirates have released seven Russian and one Ukrainian sailors after they were captured last month on the cargo ship the BBC Caribbean, Russian news agencies reported on Sunday, citing a human rights activist in Crimea.", "type_of_material": "News", "slideshow_credits": null}, {"abstract": null, "pub_date": "2017-03-05T08:54:28+0000", "snippet": "Pakistan tightened security in the city of Lahore ahead of a hugely anticipated final of its domestic cricket league on Sunday, pushing ahead with a rare high-profile match despite a recent spike in Islamist violence....", "web_url": "https://www.nytimes.com/reuters/2017/03/05/sports/cricket/05reuters-cricket-pakistan.html", "document_type": "article", "headline": {"print_headline": "After Bombs, Pakistan Tightens Security for Rare Major Cricket Match", "main": "After Bombs, Pakistan Tightens Security for Rare Major Cricket Match"}, "subsection_name": "Cricket", "byline": {"organization": "REUTERS", "person": [], "original": "By REUTERS"}, "section_name": "Sports", "print_page": 0, "keywords": [], "news_desk": "None", "blog": [], "_id": "58bbd24c95d0e024902fd9b3", "multimedia": [], "source": "Reuters", "word_count": 425, "lead_paragraph": "Pakistan tightened security in the city of Lahore ahead of a hugely anticipated final of its domestic cricket league on Sunday, pushing ahead with a rare high-profile match despite a recent spike in Islamist violence.", "type_of_material": "News", "slideshow_credits": null}, {"abstract": null, "pub_date": "2017-03-05T08:45:29+0000", "snippet": "Shanghai should lead China's plans to reform and advance innovation, the official Xinhua news agency has reported President Xi Jinping as saying at the annual meeting of parliament....", "web_url": "https://www.nytimes.com/reuters/2017/03/05/business/05reuters-china-parliament.html", "document_type": "article", "headline": {"print_headline": "China's Xi Says Shanghai Should Lead in Reform, Innovation: Xinhua", "main": "China's Xi Says Shanghai Should Lead in Reform, Innovation: Xinhua"}, "subsection_name": null, "byline": {"organization": "REUTERS", "person": [], "original": "By REUTERS"}, "section_name": "Business Day", "print_page": 0, "keywords": [], "news_desk": "None", "blog": [], "_id": "58bbd03195d0e024902fd9b2", "multimedia": [], "source": "Reuters", "word_count": 167, "lead_paragraph": "Shanghai should lead China's plans to reform and advance innovation, the official Xinhua news agency has reported President Xi Jinping as saying at the annual meeting of parliament. ", "type_of_material": "News", "slideshow_credits": null}, {"abstract": null, "pub_date": "2017-03-05T08:33:34+0000", "snippet": "Leading Bollywood filmmaker Karan Johar said Sunday that he's become a parent to twins born via surrogate....", "web_url": "https://www.nytimes.com/aponline/2017/03/05/arts/ap-as-india-filmmaker-surrogacy.html", "document_type": "article", "headline": {"print_headline": "Indian Filmmaker Karan Johar Has Twins via Surrogate", "main": "Indian Filmmaker Karan Johar Has Twins via Surrogate"}, "subsection_name": null, "byline": {"organization": "THE ASSOCIATED PRESS", "person": [], "original": "By THE ASSOCIATED PRESS"}, "section_name": "Arts", "print_page": 0, "keywords": [], "news_desk": "None", "blog": [], "_id": "58bbcd6295d0e024902fd9b1", "multimedia": [], "source": "AP", "word_count": 171, "lead_paragraph": "Leading Bollywood filmmaker Karan Johar said Sunday that he's become a parent to twins born via surrogate.", "type_of_material": "News", "slideshow_credits": null}, {"abstract": null, "pub_date": "2017-03-05T08:27:34+0000", "snippet": "At a circular booth in the middle of the Trump International Hotel's balcony restaurant, President Donald Trump dined on his steak &#8212; well-done, with ketchup &#8212; while chatting with British Brexit politician Nigel Farage....", "web_url": "https://www.nytimes.com/aponline/2017/03/05/us/politics/ap-us-trump-hotel.html", "document_type": "article", "headline": {"print_headline": "Trump Hotel May Be Political Capital of the Nation's Capital", "main": "Trump Hotel May Be Political Capital of the Nation's Capital"}, "subsection_name": "Politics", "byline": {"organization": "THE ASSOCIATED PRESS", "person": [], "original": "By THE ASSOCIATED PRESS"}, "section_name": "U.S.", "print_page": 0, "keywords": [], "news_desk": "None", "blog": [], "_id": "58bbcbfc95d0e024902fd9b0", "multimedia": [], "source": "AP", "word_count": 1166, "lead_paragraph": "At a circular booth in the middle of the Trump International Hotel's balcony restaurant, President Donald Trump dined on his steak &#8212; well-done, with ketchup &#8212; while chatting with British Brexit politician Nigel Farage.", "type_of_material": "News", "slideshow_credits": null}]}}