{"status": "OK", "copyright": "Copyright (c) 2013 The New York Times Company.  All Rights Reserved.", "response": {"docs": [{"document_type": "article", "snippet": "Afghan government forces have recaptured the Tala Wa Barfak district from the Taliban after heavy fighting in northern Baghlan province....", "abstract": null, "news_desk": "None", "subsection_name": "Asia Pacific", "keywords": [], "lead_paragraph": "Afghan government forces have recaptured the Tala Wa Barfak district from the Taliban after heavy fighting in northern Baghlan province.", "multimedia": [], "byline": {"original": "By THE ASSOCIATED PRESS", "person": [], "organization": "THE ASSOCIATED PRESS"}, "_id": "58b9527e95d0e024902fd558", "headline": {"main": "Government Forces Recapture Northern Afghanistan District", "print_headline": "Government Forces Recapture Northern Afghanistan District"}, "type_of_material": "News", "word_count": 129, "source": "AP", "web_url": "https://www.nytimes.com/aponline/2017/03/03/world/asia/ap-as-afghanistan-.html", "section_name": "World", "slideshow_credits": null, "blog": [], "pub_date": "2017-03-03T11:24:37+0000", "print_page": 0}, {"document_type": "article", "snippet": "Rio Tinto and its partners are cutting output and jobs at the Boyne aluminium smelter in Australia, adding to cuts announced in January, it said on Friday, blaming a jump in power prices....", "abstract": null, "news_desk": "None", "subsection_name": null, "keywords": [], "lead_paragraph": "Rio Tinto and its partners are cutting output and jobs at the Boyne aluminium smelter in Australia, adding to cuts announced in January, it said on Friday, blaming a jump in power prices.", "multimedia": [], "byline": {"original": "By REUTERS", "person": [], "organization": "REUTERS"}, "_id": "58b9527895d0e024902fd556", "headline": {"main": "Rio Tinto Cuts Output Further at Australian Aluminium Smelter", "print_headline": "Rio Tinto Cuts Output Further at Australian Aluminium Smelter"}, "type_of_material": "News", "word_count": 244, "source": "Reuters", "web_url": "https://www.nytimes.com/reuters/2017/03/03/business/03reuters-rio-tinto-australia.html", "section_name": "Business Day", "slideshow_credits": null, "blog": [], "pub_date": "2017-03-03T11:24:35+0000", "print_page": 0}, {"document_type": "article", "snippet": "Parents who immigrated illegally to the United States and now fear deportation under the Trump administration are inundating immigration advocates with requests for help in securing care for their children in the event they are expelled from the c...", "abstract": null, "news_desk": "None", "subsection_name": "Americas", "keywords": [], "lead_paragraph": "Parents who immigrated illegally to the United States and now fear deportation under the Trump administration are inundating immigration advocates with requests for help in securing care for their children in the event they are expelled from the country.", "multimedia": [], "byline": {"original": "By REUTERS", "person": [], "organization": "REUTERS"}, "_id": "58b9527695d0e024902fd554", "headline": {"main": "Parents Fearing Deportation Pick Guardians for U.S. Children", "print_headline": "Parents Fearing Deportation Pick Guardians for U.S. Children"}, "type_of_material": "News", "word_count": 925, "source": "Reuters", "web_url": "https://www.nytimes.com/reuters/2017/03/03/world/americas/03reuters-usa-immigration-parents.html", "section_name": "World", "slideshow_credits": null, "blog": [], "pub_date": "2017-03-03T11:24:32+0000", "print_page": 0}, {"document_type": "article", "snippet": "Carrefour has moved a step closer to floating its property unit Carmila this year with the planned merger of Carmila with Cardety, a listed property firm owned by the French retailer....", "abstract": null, "news_desk": "None", "subsection_name": null, "keywords": [], "lead_paragraph": "Carrefour has moved a step closer to floating its property unit Carmila this year with the planned merger of Carmila with Cardety, a listed property firm owned by the French retailer.", "multimedia": [], "byline": {"original": "By REUTERS", "person": [], "organization": "REUTERS"}, "_id": "58b9527e95d0e024902fd557", "headline": {"main": "Retailer Carrefour Moves Step Closer to Listing Carmila Property Arm", "print_headline": "Retailer Carrefour Moves Step Closer to Listing Carmila Property Arm"}, "type_of_material": "News", "word_count": 311, "source": "Reuters", "web_url": "https://www.nytimes.com/reuters/2017/03/03/business/03reuters-carrefour-carmila-ipo.html", "section_name": "Business Day", "slideshow_credits": null, "blog": [], "pub_date": "2017-03-03T11:24:32+0000", "print_page": 0}, {"document_type": "article", "snippet": "The German federal government was not involved in Thursday's decision by local authorities in the town of Gaggenau to ban an event where Turkish Justice Minister Bekir Bozdag was due to speak, a spokesman for the German foreign ministry said....", "abstract": null, "news_desk": "None", "subsection_name": "Europe", "keywords": [], "lead_paragraph": "The German federal government was not involved in Thursday's decision by local authorities in the town of Gaggenau to ban an event where Turkish Justice Minister Bekir Bozdag was due to speak, a spokesman for the German foreign ministry said.", "multimedia": [], "byline": {"original": "By REUTERS", "person": [], "organization": "REUTERS"}, "_id": "58b9527795d0e024902fd555", "headline": {"main": "German Government Says Not Involved in Decision to Ban Turkish Meeting", "print_headline": "German Government Says Not Involved in Decision to Ban Turkish Meeting"}, "type_of_material": "News", "word_count": 152, "source": "Reuters", "web_url": "https://www.nytimes.com/reuters/2017/03/03/world/europe/03reuters-turkey-security-germany-government.html", "section_name": "World", "slideshow_credits": null, "blog": [], "pub_date": "2017-03-03T11:24:30+0000", "print_page": 0}, {"document_type": "article", "snippet": "A wildlife charity says rare Ethiopian wolves are making a comeback after losses from disease and drought....", "abstract": null, "news_desk": "None", "subsection_name": "Africa", "keywords": [], "lead_paragraph": "A wildlife charity says rare Ethiopian wolves are making a comeback after losses from disease and drought.", "multimedia": [], "byline": {"original": "By THE ASSOCIATED PRESS", "person": [], "organization": "THE ASSOCIATED PRESS"}, "_id": "58b951cc95d0e024902fd553", "headline": {"main": "Group Reports New Ethiopian Wolf Pups After Years of Losses", "print_headline": "Group Reports New Ethiopian Wolf Pups After Years of Losses"}, "type_of_material": "News", "word_count": 125, "source": "AP", "web_url": "https://www.nytimes.com/aponline/2017/03/03/world/africa/ap-af-ethiopia-wolves.html", "section_name": "World", "slideshow_credits": null, "blog": [], "pub_date": "2017-03-03T11:21:40+0000", "print_page": 0}, {"document_type": "article", "snippet": "Pope Francis will meet with European Union leaders a day before a special summit marking the 60th anniversary of the bloc's founding treaty....", "abstract": null, "news_desk": "None", "subsection_name": "Europe", "keywords": [], "lead_paragraph": "Pope Francis will meet with European Union leaders a day before a special summit marking the 60th anniversary of the bloc's founding treaty.", "multimedia": [], "byline": {"original": "By THE ASSOCIATED PRESS", "person": [], "organization": "THE ASSOCIATED PRESS"}, "_id": "58b951c895d0e024902fd552", "headline": {"main": "Pope to Address EU Leaders at Vatican Ahead of Summit", "print_headline": "Pope to Address EU Leaders at Vatican Ahead of Summit"}, "type_of_material": "News", "word_count": 160, "source": "AP", "web_url": "https://www.nytimes.com/aponline/2017/03/03/world/europe/ap-eu-vatican-pope-eu-leaders.html", "section_name": "World", "slideshow_credits": null, "blog": [], "pub_date": "2017-03-03T11:21:38+0000", "print_page": 0}, {"document_type": "article", "snippet": "Your daily look at late-breaking news, upcoming events and the stories that will be talked about today:...", "abstract": null, "news_desk": "None", "subsection_name": null, "keywords": [], "lead_paragraph": "Your daily look at late-breaking news, upcoming events and the stories that will be talked about today:", "multimedia": [], "byline": {"original": "By THE ASSOCIATED PRESS", "person": [], "organization": "THE ASSOCIATED PRESS"}, "_id": "58b9511095d0e024902fd551", "headline": {"main": "10 Things to Know for Today", "print_headline": "10 Things to Know for Today"}, "type_of_material": "News", "word_count": 389, "source": "AP", "web_url": "https://www.nytimes.com/aponline/2017/03/03/us/ap-10-things-to-know-today.html", "section_name": "U.S.", "slideshow_credits": null, "blog": [], "pub_date": "2017-03-03T11:18:35+0000", "print_page": 0}, {"document_type": "article", "snippet": "Syrian peace talks are expected to conclude later on Friday with an \"agreed agenda\" and a plan to resume negotiations later this month in Geneva, Western diplomats said....", "abstract": null, "news_desk": "None", "subsection_name": "Europe", "keywords": [], "lead_paragraph": "Syrian peace talks are expected to conclude later on Friday with an \"agreed agenda\" and a plan to resume negotiations later this month in Geneva, Western diplomats said.", "multimedia": [], "byline": {"original": "By REUTERS", "person": [], "organization": "REUTERS"}, "_id": "58b9510d95d0e024902fd550", "headline": {"main": "Syria Talks Set to End With 'Agreed Agenda': Diplomats", "print_headline": "Syria Talks Set to End With 'Agreed Agenda': Diplomats"}, "type_of_material": "News", "word_count": 108, "source": "Reuters", "web_url": "https://www.nytimes.com/reuters/2017/03/03/world/europe/03reuters-mideast-crisis-syria-un-agenda.html", "section_name": "World", "slideshow_credits": null, "blog": [], "pub_date": "2017-03-03T11:18:29+0000", "print_page": 0}, {"document_type": "article", "snippet": "Taxi app Uber [UBER.UL] lost a court battle on Friday to stop a London regulator from imposing strict new English reading and writing standards on private hire drivers, the latest setback for the firm which could mean the loss of thousands of work...", "abstract": null, "news_desk": "None", "subsection_name": null, "keywords": [], "lead_paragraph": "Taxi app Uber [UBER.UL] lost a court battle on Friday to stop a London regulator from imposing strict new English reading and writing standards on private hire drivers, the latest setback for the firm which could mean the loss of thousands of workers. ", "multimedia": [], "byline": {"original": "By REUTERS", "person": [], "organization": "REUTERS"}, "_id": "58b9505b95d0e024902fd54f", "headline": {"main": "Uber Loses Court Battle Which Could Cost It London Drivers", "print_headline": "Uber Loses Court Battle Which Could Cost It London Drivers"}, "type_of_material": "News", "word_count": 488, "source": "Reuters", "web_url": "https://www.nytimes.com/reuters/2017/03/03/technology/03reuters-uber-britain.html", "section_name": "Technology", "slideshow_credits": null, "blog": [], "pub_date": "2017-03-03T11:15:32+0000", "print_page": 0}], "meta": {"offset": 410, "hits": 16083917, "time": 170}}}