{"status": "OK", "copyright": "Copyright (c) 2013 The New York Times Company.  All Rights Reserved.", "response": {"meta": {"hits": 16084807, "time": 155, "offset": 300}, "docs": [{"lead_paragraph": "Feyonda Fitzgerald poured in a conference tournament-record 30 points and had seven assists as 25th-ranked Temple defeated Houston on Saturday in the quarterfinals of the American Athletic Conference tournament.", "section_name": "Sports", "slideshow_credits": null, "print_page": 0, "subsection_name": "College Basketball", "pub_date": "2017-03-05T01:54:46+0000", "type_of_material": "News", "multimedia": [], "_id": "58bb6feb95d0e024902fd94d", "blog": [], "document_type": "article", "headline": {"print_headline": "Fitzgerald Scores Tournament-Record 30 as Temple Advances", "main": "Fitzgerald Scores Tournament-Record 30 as Temple Advances"}, "source": "AP", "word_count": 190, "abstract": null, "keywords": [], "byline": {"person": [], "organization": "THE ASSOCIATED PRESS", "original": "By THE ASSOCIATED PRESS"}, "snippet": "Feyonda Fitzgerald poured in a conference tournament-record 30 points and had seven assists as 25th-ranked Temple defeated Houston on Saturday in the quarterfinals of the American Athletic Conference tournament....", "web_url": "https://www.nytimes.com/aponline/2017/03/04/sports/ncaabasketball/ap-bkw-t25-ame-houston-temple.html", "news_desk": "None"}, {"lead_paragraph": "Quotation of the Day for Sunday, March 5, 2017.", "section_name": "Today\u2019s Paper", "slideshow_credits": null, "print_page": 3, "subsection_name": null, "pub_date": "2017-03-05T01:51:04+0000", "type_of_material": "Quote", "multimedia": [], "_id": "58bb6f0f95d0e024902fd94c", "blog": [], "document_type": "article", "headline": {"print_headline": "Quote of the Day", "main": "Quotation of the Day: Migrants Confront Judgement Day Over Old Deportation Orders"}, "source": "The New York Times", "word_count": 31, "abstract": null, "keywords": [], "byline": [], "snippet": "Quotation of the Day for Sunday, March 5, 2017....", "web_url": "https://www.nytimes.com/2017/03/04/todayspaper/quotation-of-the-day-migrants-confront-judgement-day-over-old-deportation-orders.html", "news_desk": "Summary"}, {"lead_paragraph": "It's a good thing No. 4 Maryland has plenty of offensive options.", "section_name": "Sports", "slideshow_credits": null, "print_page": 0, "subsection_name": "College Basketball", "pub_date": "2017-03-05T01:42:41+0000", "type_of_material": "News", "multimedia": [], "_id": "58bb6d1a95d0e024902fd94b", "blog": [], "document_type": "article", "headline": {"print_headline": "Jones Scores 32 Points, No. 4 Maryland Beats Michigan State", "main": "Jones Scores 32 Points, No. 4 Maryland Beats Michigan State"}, "source": "AP", "word_count": 514, "abstract": null, "keywords": [], "byline": {"person": [], "organization": "THE ASSOCIATED PRESS", "original": "By THE ASSOCIATED PRESS"}, "snippet": "It's a good thing No. 4 Maryland has plenty of offensive options....", "web_url": "https://www.nytimes.com/aponline/2017/03/04/sports/ncaabasketball/ap-bkw-t25-michigan-st-maryland.html", "news_desk": "None"}, {"lead_paragraph": "Wichita State forward Shaquille Morris wants to cut down the nets at the Missouri Valley Conference Tournament.", "section_name": "Sports", "slideshow_credits": null, "print_page": 0, "subsection_name": "College Basketball", "pub_date": "2017-03-05T01:36:45+0000", "type_of_material": "News", "multimedia": [], "_id": "58bb6bb295d0e024902fd94a", "blog": [], "document_type": "article", "headline": {"print_headline": "No. 21 Wichita St Tops Missouri St to Reach MVC Title Game", "main": "No. 21 Wichita St Tops Missouri St to Reach MVC Title Game"}, "source": "AP", "word_count": 567, "abstract": null, "keywords": [], "byline": {"person": [], "organization": "THE ASSOCIATED PRESS", "original": "By THE ASSOCIATED PRESS"}, "snippet": "Wichita State forward Shaquille Morris wants to cut down the nets at the Missouri Valley Conference Tournament....", "web_url": "https://www.nytimes.com/aponline/2017/03/04/sports/ncaabasketball/ap-bkc-t25-missouri-st-wichita-st.html", "news_desk": "None"}, {"lead_paragraph": "A goal by Ellen White, a substitute, in the 89th minute at the SheBelieves Cup lifted England to only its fourth win in 14 games against the United States.", "section_name": "Sports", "slideshow_credits": null, "print_page": 6, "subsection_name": "Soccer", "pub_date": "2017-03-05T01:36:10+0000", "type_of_material": "News", "multimedia": [{"url": "images/2017/03/05/sports/05ussoccer-web/05ussoccer-web-thumbStandard.jpg", "legacy": {"thumbnail": "images/2017/03/05/sports/05ussoccer-web/05ussoccer-web-thumbStandard.jpg", "thumbnailheight": 75, "thumbnailwidth": 75}, "subtype": "thumbnail", "rank": 0, "height": 75, "width": 75, "type": "image"}, {"url": "images/2017/03/05/sports/05ussoccer-web/05ussoccer-web-articleLarge.jpg", "legacy": {"xlarge": "images/2017/03/05/sports/05ussoccer-web/05ussoccer-web-articleLarge.jpg", "xlargewidth": 600, "xlargeheight": 433}, "subtype": "xlarge", "rank": 0, "height": 433, "width": 600, "type": "image"}, {"url": "images/2017/03/05/sports/05ussoccer-web/05ussoccer-web-thumbWide.jpg", "legacy": {"wide": "images/2017/03/05/sports/05ussoccer-web/05ussoccer-web-thumbWide.jpg", "widewidth": 190, "wideheight": 126}, "subtype": "wide", "rank": 0, "height": 126, "width": 190, "type": "image"}], "_id": "58bb6b8e95d0e024902fd949", "blog": [], "document_type": "article", "headline": {"kicker": "England 1, United States 0", "content_kicker": "England 1, United States 0", "print_headline": "In Surprise, England Tops U.S. Women on Late Goal", "main": "In Surprise, U.S. Women\u2019s Soccer Team Loses to England"}, "source": "The New York Times", "word_count": 266, "abstract": null, "keywords": [{"value": "Soccer", "isMajor": "N", "rank": 1, "name": "subject"}, {"value": "United States Women's National Soccer Team", "isMajor": "N", "rank": 2, "name": "organizations"}, {"value": "England", "isMajor": "N", "rank": 3, "name": "glocations"}], "byline": {"person": [], "organization": "THE ASSOCIATED PRESS", "original": "By THE ASSOCIATED PRESS"}, "snippet": "A goal by Ellen White, a substitute, in the 89th minute at the SheBelieves Cup lifted England to only its fourth win in 14 games against the United States....", "web_url": "https://www.nytimes.com/2017/03/04/sports/soccer/usa-women-lose-to-england-shebelieves.html", "news_desk": "Sports"}, {"lead_paragraph": "Kansas had already clinched its 13th consecutive Big 12 regular-season title, so there was nothing on the line against Oklahoma State.", "section_name": "Sports", "slideshow_credits": null, "print_page": 0, "subsection_name": "College Basketball", "pub_date": "2017-03-05T01:33:48+0000", "type_of_material": "News", "multimedia": [], "_id": "58bb6b0095d0e024902fd948", "blog": [], "document_type": "article", "headline": {"print_headline": "Mason Leads No. 1 Kansas Past Oklahoma State, 90-85", "main": "Mason Leads No. 1 Kansas Past Oklahoma State, 90-85"}, "source": "AP", "word_count": 653, "abstract": null, "keywords": [], "byline": {"person": [], "organization": "THE ASSOCIATED PRESS", "original": "By THE ASSOCIATED PRESS"}, "snippet": "Kansas had already clinched its 13th consecutive Big 12 regular-season title, so there was nothing on the line against Oklahoma State....", "web_url": "https://www.nytimes.com/aponline/2017/03/04/sports/ncaabasketball/ap-bkc-t25-kansas-oklahoma-st.html", "news_desk": "None"}, {"lead_paragraph": "The exchange rate for China's yuan currency will be \"disturbed\" by short term factors but will be determined by fundamentals over the long run, China's deputy central bank governor Pan Gongsheng said on Sunday.", "section_name": "Business Day", "slideshow_credits": null, "print_page": 0, "subsection_name": null, "pub_date": "2017-03-05T01:30:27+0000", "type_of_material": "News", "multimedia": [], "_id": "58bb6a3e95d0e024902fd947", "blog": [], "document_type": "article", "headline": {"print_headline": "Yuan May Be Disturbed in Short Term, but Will Follow Fundamentals in Long Run: Central Banker", "main": "Yuan May Be Disturbed in Short Term, but Will Follow Fundamentals in Long Run: Central Banker"}, "source": "Reuters", "word_count": 69, "abstract": null, "keywords": [], "byline": {"person": [], "organization": "REUTERS", "original": "By REUTERS"}, "snippet": "The exchange rate for China's yuan currency will be \"disturbed\" by short term factors but will be determined by fundamentals over the long run, China's deputy central bank governor Pan Gongsheng said on Sunday....", "web_url": "https://www.nytimes.com/reuters/2017/03/04/business/04reuters-china-parliament-forex.html", "news_desk": "None"}, {"lead_paragraph": "Kentavious Caldwell-Pope scored 13 of his 26 points in Detroit's dominating third quarter, and the Pistons set a season high for points while rolling to a 136-106 victory over the Philadelphia 76ers on Saturday night.", "section_name": "Sports", "slideshow_credits": null, "print_page": 0, "subsection_name": "Pro Basketball", "pub_date": "2017-03-05T01:27:43+0000", "type_of_material": "News", "multimedia": [], "_id": "58bb699b95d0e024902fd946", "blog": [], "document_type": "article", "headline": {"print_headline": "Pistons Set Season High for Points in 136-106 Rout of 76ers", "main": "Pistons Set Season High for Points in 136-106 Rout of 76ers"}, "source": "AP", "word_count": 149, "abstract": null, "keywords": [], "byline": {"person": [], "organization": "THE ASSOCIATED PRESS", "original": "By THE ASSOCIATED PRESS"}, "snippet": "Kentavious Caldwell-Pope scored 13 of his 26 points in Detroit's dominating third quarter, and the Pistons set a season high for points while rolling to a 136-106 victory over the Philadelphia 76ers on Saturday night....", "web_url": "https://www.nytimes.com/aponline/2017/03/04/sports/basketball/ap-bkn-pistons-76ers.html", "news_desk": "None"}, {"lead_paragraph": "Thomas aced the 239-yard, par-3 13th hole in Mexico and held a one-stroke lead over Dustin Johnson headed into Sunday\u2019s final round.", "section_name": "Sports", "slideshow_credits": null, "print_page": 2, "subsection_name": "Golf", "pub_date": "2017-03-05T01:27:25+0000", "type_of_material": "News", "multimedia": [{"url": "images/2017/03/05/sports/05golf-web/05golf-web-thumbStandard.jpg", "legacy": {"thumbnail": "images/2017/03/05/sports/05golf-web/05golf-web-thumbStandard.jpg", "thumbnailheight": 75, "thumbnailwidth": 75}, "subtype": "thumbnail", "rank": 0, "height": 75, "width": 75, "type": "image"}, {"url": "images/2017/03/05/sports/05golf-web/05golf-web-articleLarge.jpg", "legacy": {"xlarge": "images/2017/03/05/sports/05golf-web/05golf-web-articleLarge.jpg", "xlargewidth": 600, "xlargeheight": 357}, "subtype": "xlarge", "rank": 0, "height": 357, "width": 600, "type": "image"}, {"url": "images/2017/03/05/sports/05golf-web/05golf-web-thumbWide.jpg", "legacy": {"wide": "images/2017/03/05/sports/05golf-web/05golf-web-thumbWide.jpg", "widewidth": 190, "wideheight": 126}, "subtype": "wide", "rank": 0, "height": 126, "width": 190, "type": "image"}], "_id": "58bb698395d0e024902fd945", "blog": [], "document_type": "article", "headline": {"print_headline": "Hole in One Paves Way to the Third-Round Lead in Mexico", "main": "Hole in One Helps Justin Thomas Claim Lead at World Golf Championships Event"}, "source": "The New York Times", "word_count": 375, "abstract": null, "keywords": [{"value": "Golf", "isMajor": "N", "rank": 1, "name": "subject"}, {"value": "Thomas, Justin (1993- )", "isMajor": "N", "rank": 2, "name": "persons"}], "byline": {"person": [], "organization": "THE ASSOCIATED PRESS", "original": "By THE ASSOCIATED PRESS"}, "snippet": "Thomas aced the 239-yard, par-3 13th hole in Mexico and held a one-stroke lead over Dustin Johnson headed into Sunday\u2019s final round....", "web_url": "https://www.nytimes.com/2017/03/04/sports/golf/justin-thomas-hole-in-one-lead-world-golf-championships-.html", "news_desk": "Sports"}, {"lead_paragraph": "Oregon coach Dana Altman figures it could be decades before his players truly appreciate what it means to win consecutive Pac-12 championships.", "section_name": "Sports", "slideshow_credits": null, "print_page": 0, "subsection_name": "College Basketball", "pub_date": "2017-03-05T01:18:44+0000", "type_of_material": "News", "multimedia": [], "_id": "58bb677995d0e024902fd944", "blog": [], "document_type": "article", "headline": {"print_headline": "No. 6 Oregon Downs Oregon State 80-59, Wins Share of Pac-12", "main": "No. 6 Oregon Downs Oregon State 80-59, Wins Share of Pac-12"}, "source": "AP", "word_count": 791, "abstract": null, "keywords": [], "byline": {"person": [], "organization": "THE ASSOCIATED PRESS", "original": "By THE ASSOCIATED PRESS"}, "snippet": "Oregon coach Dana Altman figures it could be decades before his players truly appreciate what it means to win consecutive Pac-12 championships....", "web_url": "https://www.nytimes.com/aponline/2017/03/04/sports/ncaabasketball/ap-bkc-t25-oregon-oregon-st.html", "news_desk": "None"}]}}