{"status": "OK", "response": {"docs": [{"subsection_name": null, "byline": {"organization": "THE ASSOCIATED PRESS", "person": [], "original": "By THE ASSOCIATED PRESS"}, "source": "AP", "slideshow_credits": null, "keywords": [], "print_page": 0, "document_type": "article", "multimedia": [], "blog": [], "section_name": "U.S.", "word_count": 131, "web_url": "https://www.nytimes.com/aponline/2017/03/06/us/ap-us-wife-set-on-fire.html", "pub_date": "2017-03-06T14:30:39+0000", "lead_paragraph": "Authorities in New York say a man threw gasoline on his wife and set her on fire during an argument, killing her.", "type_of_material": "News", "news_desk": "None", "snippet": "Authorities in New York say a man threw gasoline on his wife and set her on fire during an argument, killing her....", "_id": "58bd729795d0e024902fdc3b", "abstract": null, "headline": {"main": "Cops: Man Threw Gas on Wife and Set Her on Fire, Killing Her", "print_headline": "Cops: Man Threw Gas on Wife and Set Her on Fire, Killing Her"}}, {"subsection_name": null, "byline": {"organization": "THE ASSOCIATED PRESS", "person": [], "original": "By THE ASSOCIATED PRESS"}, "source": "AP", "slideshow_credits": null, "keywords": [], "print_page": 0, "document_type": "article", "multimedia": [], "blog": [], "section_name": "U.S.", "word_count": 132, "web_url": "https://www.nytimes.com/aponline/2017/03/06/us/ap-us-unattended-children-chicago.html", "pub_date": "2017-03-06T14:30:37+0000", "lead_paragraph": "Authorities say nine children who were left unattended in a dirty Chicago home have been taken to a hospital to be evaluated as a precaution.", "type_of_material": "News", "news_desk": "None", "snippet": "Authorities say nine children who were left unattended in a dirty Chicago home have been taken to a hospital to be evaluated as a precaution....", "_id": "58bd729295d0e024902fdc3a", "abstract": null, "headline": {"main": "Authorities Remove 9 Unattended Children From Chicago Home", "print_headline": "Authorities Remove 9 Unattended Children From Chicago Home"}}, {"subsection_name": null, "byline": {"organization": "REUTERS", "person": [], "original": "By REUTERS"}, "source": "Reuters", "slideshow_credits": null, "keywords": [], "print_page": 0, "document_type": "article", "multimedia": [], "blog": [], "section_name": "Business Day", "word_count": 395, "web_url": "https://www.nytimes.com/reuters/2017/03/06/business/06reuters-europe-tourism-marriott-intnl.html", "pub_date": "2017-03-06T14:30:27+0000", "lead_paragraph": "Hotels group Marriott International is planning to speed up the expansion of brands acquired in the takeover of rival Starwood, and is not ruling out further additions to its portfolio, its chief executive said on Monday. ", "type_of_material": "News", "news_desk": "None", "snippet": "Hotels group Marriott International is planning to speed up the expansion of brands acquired in the takeover of rival Starwood, and is not ruling out further additions to its portfolio, its chief executive said on Monday....", "_id": "58bd728a95d0e024902fdc39", "abstract": null, "headline": {"main": "Marriott to Speed Up Expansion of Starwood Brands: CEO", "print_headline": "Marriott to Speed Up Expansion of Starwood Brands: CEO"}}, {"subsection_name": "Americas", "byline": {"organization": "REUTERS", "person": [], "original": "By REUTERS"}, "source": "Reuters", "slideshow_credits": null, "keywords": [], "print_page": 0, "document_type": "article", "multimedia": [], "blog": [], "section_name": "World", "word_count": 369, "web_url": "https://www.nytimes.com/reuters/2017/03/06/world/americas/06reuters-venezuela-steel.html", "pub_date": "2017-03-06T14:27:29+0000", "lead_paragraph": "Workers at Venezuelan steelmaker Sidor are planting sunflowers and vegetables on company premises to ease a national food deficit as steel output has almost ground to a halt nine years after the company was taken over by the government.", "type_of_material": "News", "news_desk": "None", "snippet": "Workers at Venezuelan steelmaker Sidor are planting sunflowers and vegetables on company premises to ease a national food deficit as steel output has almost ground to a halt nine years after the company was taken over by the government....", "_id": "58bd71d795d0e024902fdc38", "abstract": null, "headline": {"main": "Struggling to Smelt, Venezuela State-Run Steelmaker Grows Sunflowers, Crops", "print_headline": "Struggling to Smelt, Venezuela State-Run Steelmaker Grows Sunflowers, Crops"}}, {"subsection_name": null, "byline": {"organization": "REUTERS", "person": [], "original": "By REUTERS"}, "source": "Reuters", "slideshow_credits": null, "keywords": [], "print_page": 0, "document_type": "article", "multimedia": [], "blog": [], "section_name": "Business Day", "word_count": 251, "web_url": "https://www.nytimes.com/reuters/2017/03/06/business/06reuters-efg-hermes-uk-renewables.html", "pub_date": "2017-03-06T14:27:27+0000", "lead_paragraph": "EFG Hermes expects a deal for its renewable energy platform Vortex to buy a portfolio of solar power assets in Britain for 470 million pounds from Sun Edison's Terraforma (TERP.O) to close in May or June, a senior executive said on Monday.", "type_of_material": "News", "news_desk": "None", "snippet": "EFG Hermes expects a deal for its renewable energy platform Vortex to buy a portfolio of solar power assets in Britain for 470 million pounds from Sun Edison's Terraforma (TERP.O) to close in May or June, a senior executive said on Monday....", "_id": "58bd71d495d0e024902fdc37", "abstract": null, "headline": {"main": "EFG Hermes Expects to Seal 470 Million Pounds Deal to Buy UK Solar Assets by June", "print_headline": "EFG Hermes Expects to Seal 470 Million Pounds Deal to Buy UK Solar Assets by June"}}, {"subsection_name": null, "byline": {"organization": "THE ASSOCIATED PRESS", "person": [], "original": "By THE ASSOCIATED PRESS"}, "source": "AP", "slideshow_credits": null, "keywords": [], "print_page": 0, "document_type": "article", "multimedia": [], "blog": [], "section_name": "Arts", "word_count": 182, "web_url": "https://www.nytimes.com/aponline/2017/03/06/arts/ap-eu-britain-theater-awards.html", "pub_date": "2017-03-06T14:24:38+0000", "lead_paragraph": "Magical adventure \"Harry Potter and the Cursed Child\" leads the race for British theater's Olivier Awards , with nominations in 11 categories including best new play.", "type_of_material": "News", "news_desk": "None", "snippet": "Magical adventure \"Harry Potter and the Cursed Child\" leads the race for British theater's Olivier Awards , with nominations in 11 categories including best new play....", "_id": "58bd712d95d0e024902fdc36", "abstract": null, "headline": {"main": "Harry Potter Play Gets 11 Olivier Awards Nominations", "print_headline": "Harry Potter Play Gets 11 Olivier Awards Nominations"}}, {"subsection_name": "Europe", "byline": {"organization": "THE ASSOCIATED PRESS", "person": [], "original": "By THE ASSOCIATED PRESS"}, "source": "AP", "slideshow_credits": null, "keywords": [], "print_page": 0, "document_type": "article", "multimedia": [], "blog": [], "section_name": "World", "word_count": 108, "web_url": "https://www.nytimes.com/aponline/2017/03/06/world/europe/ap-eu-britain-zoo-rejected.html", "pub_date": "2017-03-06T14:24:35+0000", "lead_paragraph": "Local officials in Britain have refused to renew the license of a zoo where nearly 500 animals have died in the last four years.", "type_of_material": "News", "news_desk": "None", "snippet": "Local officials in Britain have refused to renew the license of a zoo where nearly 500 animals have died in the last four years....", "_id": "58bd712795d0e024902fdc35", "abstract": null, "headline": {"main": "UK Zoo Gets License Rejected After Hundreds of Animal Deaths", "print_headline": "UK Zoo Gets License Rejected After Hundreds of Animal Deaths"}}, {"subsection_name": "Europe", "byline": {"organization": "REUTERS", "person": [], "original": "By REUTERS"}, "source": "Reuters", "slideshow_credits": null, "keywords": [], "print_page": 0, "document_type": "article", "multimedia": [], "blog": [], "section_name": "World", "word_count": 496, "web_url": "https://www.nytimes.com/reuters/2017/03/06/world/europe/06reuters-nireland-politics.html", "pub_date": "2017-03-06T14:24:28+0000", "lead_paragraph": "Talks to save Northern Ireland's devolved government ran straight into an obstacle on Monday as Irish nationalist party Sinn Fein repeated its demand that Democratic Unionist Party (DUP) leader Arlene Foster not return as first minister.", "type_of_material": "News", "news_desk": "None", "snippet": "Talks to save Northern Ireland's devolved government ran straight into an obstacle on Monday as Irish nationalist party Sinn Fein repeated its demand that Democratic Unionist Party (DUP) leader Arlene Foster not return as first minister....", "_id": "58bd712495d0e024902fdc34", "abstract": null, "headline": {"main": "Sinn Fein Insist Foster Must Go as Northern Ireland Talks Begin", "print_headline": "Sinn Fein Insist Foster Must Go as Northern Ireland Talks Begin"}}, {"subsection_name": "Europe", "byline": {"organization": "THE ASSOCIATED PRESS", "person": [], "original": "By THE ASSOCIATED PRESS"}, "source": "AP", "slideshow_credits": null, "keywords": [], "print_page": 0, "document_type": "article", "multimedia": [], "blog": [], "section_name": "World", "word_count": 287, "web_url": "https://www.nytimes.com/aponline/2017/03/06/world/europe/ap-eu-war-crimes-turkish-judge.html", "pub_date": "2017-03-06T14:15:47+0000", "lead_paragraph": "A United Nations legal institution will report Turkey to the Security Council for failing to release an international judge who is among thousands of people detained in the aftermath of last year's failed coup, according to a ruling issued Monday.", "type_of_material": "News", "news_desk": "None", "snippet": "A United Nations legal institution will report Turkey to the Security Council for failing to release an international judge who is among thousands of people detained in the aftermath of last year's failed coup, according to a ruling issued Monday....", "_id": "58bd6f1695d0e024902fdc32", "abstract": null, "headline": {"main": "UN Legal Body Reports Turkey to Security Council", "print_headline": "UN Legal Body Reports Turkey to Security Council"}}, {"subsection_name": "Africa", "byline": {"organization": "THE ASSOCIATED PRESS", "person": [], "original": "By THE ASSOCIATED PRESS"}, "source": "AP", "slideshow_credits": null, "keywords": [], "print_page": 0, "document_type": "article", "multimedia": [], "blog": [], "section_name": "World", "word_count": 129, "web_url": "https://www.nytimes.com/aponline/2017/03/06/world/africa/ap-af-rwanda-detained-woman.html", "pub_date": "2017-03-06T14:15:47+0000", "lead_paragraph": "Human Rights Watch is urging Rwandan authorities to charge or free the wife of an opposition figure who it says has been held incommunicado for more than two weeks.", "type_of_material": "News", "news_desk": "None", "snippet": "Human Rights Watch is urging Rwandan authorities to charge or free the wife of an opposition figure who it says has been held incommunicado for more than two weeks....", "_id": "58bd6f1695d0e024902fdc33", "abstract": null, "headline": {"main": "Rights Group Says Rwanda Detains Wife of Opposition Figure", "print_headline": "Rights Group Says Rwanda Detains Wife of Opposition Figure"}}], "meta": {"time": 176, "offset": 110, "hits": 16085363}}, "copyright": "Copyright (c) 2013 The New York Times Company.  All Rights Reserved."}