{"status": "OK", "response": {"docs": [{"subsection_name": "Soccer", "byline": {"organization": "REUTERS", "person": [], "original": "By REUTERS"}, "source": "Reuters", "slideshow_credits": null, "keywords": [], "print_page": 0, "document_type": "article", "multimedia": [], "blog": [], "section_name": "Sports", "word_count": 130, "web_url": "https://www.nytimes.com/reuters/2017/03/05/sports/soccer/05reuters-soccer-germany-lev.html", "pub_date": "2017-03-05T15:54:28+0000", "lead_paragraph": "Champions League contenders Bayer Leverkusen sacked coach Roger Schmidt on Sunday, a day after his team suffered their fourth loss in the last six league games with a 6-2 demolition by Borussia Dortmund.", "type_of_material": "News", "news_desk": "None", "snippet": "Champions League contenders Bayer Leverkusen sacked coach Roger Schmidt on Sunday, a day after his team suffered their fourth loss in the last six league games with a 6-2 demolition by Borussia Dortmund....", "_id": "58bc34bb95d0e024902fda27", "abstract": null, "headline": {"main": "Leverkusen Sack Coach Schmidt After Losing Run", "print_headline": "Leverkusen Sack Coach Schmidt After Losing Run"}}, {"subsection_name": null, "byline": {"organization": "THE ASSOCIATED PRESS", "person": [], "original": "By THE ASSOCIATED PRESS"}, "source": "AP", "slideshow_credits": null, "keywords": [], "print_page": 0, "document_type": "article", "multimedia": [], "blog": [], "section_name": "U.S.", "word_count": 186, "web_url": "https://www.nytimes.com/aponline/2017/03/05/us/ap-us-xgr-drivers-ed-police-stops-glance.html", "pub_date": "2017-03-05T15:51:37+0000", "lead_paragraph": "Lawmakers in several states want to require driver's education courses to teach motorists about proper traffic-stop behavior. Most bills don't legislate what that behavior should be, but Illinois' 2017 \"Rules of the Road\" handbook published last month offers some do's and don'ts:", "type_of_material": "News", "news_desk": "None", "snippet": "Lawmakers in several states want to require driver's education courses to teach motorists about proper traffic-stop behavior. Most bills don't legislate what that behavior should be, but Illinois' 2017 \"Rules of the Road\" handbook published last m...", "_id": "58bc340d95d0e024902fda26", "abstract": null, "headline": {"main": "How to Act When Stopped by Police? Illinois Has Some Tips", "print_headline": "How to Act When Stopped by Police? Illinois Has Some Tips"}}, {"subsection_name": "Soccer", "byline": {"organization": "REUTERS", "person": [], "original": "By REUTERS"}, "source": "Reuters", "slideshow_credits": null, "keywords": [], "print_page": 0, "document_type": "article", "multimedia": [], "blog": [], "section_name": "Sports", "word_count": 548, "web_url": "https://www.nytimes.com/reuters/2017/03/05/sports/soccer/05reuters-soccer-england-tot-eve.html", "pub_date": "2017-03-05T15:51:29+0000", "lead_paragraph": "Harry Kane's superb scoring streak continued as Tottenham Hotspur survived some late nerves to beat Everton 3-2 at White Hart Lane on Sunday and cut Chelsea's lead at the top of the Premier League to seven points.", "type_of_material": "News", "news_desk": "None", "snippet": "Harry Kane's superb scoring streak continued as Tottenham Hotspur survived some late nerves to beat Everton 3-2 at White Hart Lane on Sunday and cut Chelsea's lead at the top of the Premier League to seven points....", "_id": "58bc340895d0e024902fda25", "abstract": null, "headline": {"main": "Unstoppable Kane Helps Tottenham to Cut Chelsea's Lead", "print_headline": "Unstoppable Kane Helps Tottenham to Cut Chelsea's Lead"}}, {"subsection_name": "Women's Runway", "byline": [], "source": "The New York Times", "slideshow_credits": "Valerio Mezzanotti/Nowfashion", "keywords": [{"name": "organizations", "value": "Celine (Fashion Label)", "rank": 1, "isMajor": "N"}], "print_page": 0, "document_type": "multimedia", "multimedia": [{"subtype": "thumbnail", "type": "image", "legacy": {"thumbnailheight": 75, "thumbnailwidth": 75, "thumbnail": "images/2017/03/05/fashion/runway-womens/celine-fall-2017-rtw-slide-WJOD/celine-fall-2017-rtw-slide-WJOD-thumbStandard.jpg"}, "url": "images/2017/03/05/fashion/runway-womens/celine-fall-2017-rtw-slide-WJOD/celine-fall-2017-rtw-slide-WJOD-thumbStandard.jpg", "height": 75, "width": 75, "rank": 0}, {"subtype": "wide", "type": "image", "legacy": {"widewidth": 190, "wide": "images/2017/03/05/fashion/runway-womens/celine-fall-2017-rtw-slide-WJOD/celine-fall-2017-rtw-slide-WJOD-thumbWide.jpg", "wideheight": 126}, "url": "images/2017/03/05/fashion/runway-womens/celine-fall-2017-rtw-slide-WJOD/celine-fall-2017-rtw-slide-WJOD-thumbWide.jpg", "height": 126, "width": 190, "rank": 0}, {"subtype": "xlarge", "type": "image", "legacy": {"xlarge": "images/2017/03/05/fashion/runway-womens/celine-fall-2017-rtw-slide-WJOD/celine-fall-2017-rtw-slide-WJOD-articleLarge.jpg", "xlargeheight": 900, "xlargewidth": 600}, "url": "images/2017/03/05/fashion/runway-womens/celine-fall-2017-rtw-slide-WJOD/celine-fall-2017-rtw-slide-WJOD-articleLarge.jpg", "height": 900, "width": 600, "rank": 0}], "blog": [], "section_name": "Fashion & Style", "word_count": 11, "web_url": "https://www.nytimes.com/slideshow/2017/03/05/fashion/runway-womens/celine-fall-2017.html", "pub_date": "2017-03-05T15:49:43+0000", "lead_paragraph": "C\u00e9line, which is preparing to launch e-commerce, presents its fall looks.", "type_of_material": "Slideshow", "news_desk": "Fashion & Style", "snippet": "C\u00e9line, which is preparing to launch e-commerce, presents its fall looks....", "_id": "58bc33a795d0e024902fda24", "abstract": null, "headline": {"main": "C\u00e9line: Fall 2017"}}, {"subsection_name": "Soccer", "byline": {"organization": "THE ASSOCIATED PRESS", "person": [], "original": "By THE ASSOCIATED PRESS"}, "source": "AP", "slideshow_credits": null, "keywords": [], "print_page": 0, "document_type": "article", "multimedia": [], "blog": [], "section_name": "Sports", "word_count": 653, "web_url": "https://www.nytimes.com/aponline/2017/03/05/sports/soccer/ap-soc-tottenham-everton.html", "pub_date": "2017-03-05T15:45:44+0000", "lead_paragraph": "Whether scoring from distance or performing an intricate goal celebration, Harry Kane makes it look easy.", "type_of_material": "News", "news_desk": "None", "snippet": "Whether scoring from distance or performing an intricate goal celebration, Harry Kane makes it look easy....", "_id": "58bc32af95d0e024902fda23", "abstract": null, "headline": {"main": "Kane Upstages Lukaku, Powers Tottenham to 3-2 Win vs Everton", "print_headline": "Kane Upstages Lukaku, Powers Tottenham to 3-2 Win vs Everton"}}, {"subsection_name": null, "byline": {"organization": "REUTERS", "person": [], "original": "By REUTERS"}, "source": "Reuters", "slideshow_credits": null, "keywords": [], "print_page": 0, "document_type": "article", "multimedia": [], "blog": [], "section_name": "Business Day", "word_count": 887, "web_url": "https://www.nytimes.com/reuters/2017/03/05/business/05reuters-deutsche-bank-capital.html", "pub_date": "2017-03-05T15:45:30+0000", "lead_paragraph": "Deutsche Bank plans to raise capital, list its asset management business and overhaul its business structure as it tries to reinvent itself after spending two years dealing with its past misdeeds and huge losses.", "type_of_material": "News", "news_desk": "None", "snippet": "Deutsche Bank plans to raise capital, list its asset management business and overhaul its business structure as it tries to reinvent itself after spending two years dealing with its past misdeeds and huge losses....", "_id": "58bc32a095d0e024902fda22", "abstract": null, "headline": {"main": "Deutsche Bank to Raise 8 Billion Euros, Plans Major Reorganization", "print_headline": "Deutsche Bank to Raise 8 Billion Euros, Plans Major Reorganization"}}, {"subsection_name": null, "byline": {"organization": "THE ASSOCIATED PRESS", "person": [], "original": "By THE ASSOCIATED PRESS"}, "source": "AP", "slideshow_credits": null, "keywords": [], "print_page": 0, "document_type": "article", "multimedia": [], "blog": [], "section_name": "U.S.", "word_count": 668, "web_url": "https://www.nytimes.com/aponline/2017/03/05/us/ap-us-asian-carp-challenge.html", "pub_date": "2017-03-05T15:36:56+0000", "lead_paragraph": "Faced with the threat that Asian carp could enter the Great Lakes, Michigan is turning to the public for new ideas and plans to offer a prize to whoever comes up with a way to stop the voracious fish.", "type_of_material": "News", "news_desk": "None", "snippet": "Faced with the threat that Asian carp could enter the Great Lakes, Michigan is turning to the public for new ideas and plans to offer a prize to whoever comes up with a way to stop the voracious fish....", "_id": "58bc309c95d0e024902fda21", "abstract": null, "headline": {"main": "Michigan to Offer Prize in Fight Against Invasive Asian Carp", "print_headline": "Michigan to Offer Prize in Fight Against Invasive Asian Carp"}}, {"subsection_name": "Middle East", "byline": {"organization": "REUTERS", "person": [], "original": "By REUTERS"}, "source": "Reuters", "slideshow_credits": null, "keywords": [], "print_page": 0, "document_type": "article", "multimedia": [], "blog": [], "section_name": "World", "word_count": 262, "web_url": "https://www.nytimes.com/reuters/2017/03/05/world/middleeast/05reuters-iran-usa-arrest.html", "pub_date": "2017-03-05T15:36:31+0000", "lead_paragraph": "Iran has indicted a member of its nuclear negotiating team who was arrested last year on suspicion of spying, and detained an Iranian-American on charges of defrauding people under the guise of helping them emigrate, the Iranian judiciary said on Sunday.", "type_of_material": "News", "news_desk": "None", "snippet": "Iran has indicted a member of its nuclear negotiating team who was arrested last year on suspicion of spying, and detained an Iranian-American on charges of defrauding people under the guise of helping them emigrate, the Iranian judiciary said on ...", "_id": "58bc308995d0e024902fda20", "abstract": null, "headline": {"main": "Iran Indicts Nuclear Negotiator, Holds Iranian-American on Fraud Charges", "print_headline": "Iran Indicts Nuclear Negotiator, Holds Iranian-American on Fraud Charges"}}, {"subsection_name": null, "byline": {"organization": "THE ASSOCIATED PRESS", "person": [], "original": "By THE ASSOCIATED PRESS"}, "source": "AP", "slideshow_credits": null, "keywords": [], "print_page": 0, "document_type": "article", "multimedia": [], "blog": [], "section_name": "U.S.", "word_count": 691, "web_url": "https://www.nytimes.com/aponline/2017/03/05/us/ap-us-philadelphia-flower-show-holland.html", "pub_date": "2017-03-05T15:33:40+0000", "lead_paragraph": "Visitors arriving at the Philadelphia Flower Show this year will feel as if they're stepping into the endless flower fields of Holland.", "type_of_material": "News", "news_desk": "None", "snippet": "Visitors arriving at the Philadelphia Flower Show this year will feel as if they're stepping into the endless flower fields of Holland....", "_id": "58bc2fd795d0e024902fda1f", "abstract": null, "headline": {"main": "Dutch Treat: Philadelphia Flower Show Celebrates Holland", "print_headline": "Dutch Treat: Philadelphia Flower Show Celebrates Holland"}}, {"subsection_name": null, "byline": {"organization": "THE ASSOCIATED PRESS", "person": [], "original": "By THE ASSOCIATED PRESS"}, "source": "AP", "slideshow_credits": null, "keywords": [], "print_page": 0, "document_type": "article", "multimedia": [], "blog": [], "section_name": "U.S.", "word_count": 484, "web_url": "https://www.nytimes.com/aponline/2017/03/05/us/ap-us-capitol-guns-arkansas.html", "pub_date": "2017-03-05T15:27:45+0000", "lead_paragraph": "Despite metal detectors and armed guards at the doors to the Capitol and leading to galleries overlooking the Arkansas House, a state lawmaker says he would feel safer if he were allowed to pack his own heat.", "type_of_material": "News", "news_desk": "None", "snippet": "Despite metal detectors and armed guards at the doors to the Capitol and leading to galleries overlooking the Arkansas House, a state lawmaker says he would feel safer if he were allowed to pack his own heat....", "_id": "58bc2e7795d0e024902fda1e", "abstract": null, "headline": {"main": "Arkansas Legislator Wants to Pack Heat at State Capitol", "print_headline": "Arkansas Legislator Wants to Pack Heat at State Capitol"}}], "meta": {"time": 198, "offset": 640, "hits": 16085363}}, "copyright": "Copyright (c) 2013 The New York Times Company.  All Rights Reserved."}