{"status": "OK", "copyright": "Copyright (c) 2013 The New York Times Company.  All Rights Reserved.", "response": {"meta": {"hits": 16084813, "time": 181, "offset": 610}, "docs": [{"lead_paragraph": "Iran successfully test-fired a sophisticated Russian-made air defense system, the official IRNA news agency reported on Saturday.", "section_name": "World", "slideshow_credits": null, "print_page": 0, "subsection_name": "Middle East", "pub_date": "2017-03-04T09:03:36+0000", "type_of_material": "News", "multimedia": [], "_id": "58ba82ed95d0e024902fd819", "blog": [], "document_type": "article", "headline": {"print_headline": "Iran Tests Sophisticated Russian-Made Air Defense System", "main": "Iran Tests Sophisticated Russian-Made Air Defense System"}, "source": "AP", "word_count": 177, "abstract": null, "keywords": [], "byline": {"person": [], "organization": "THE ASSOCIATED PRESS", "original": "By THE ASSOCIATED PRESS"}, "snippet": "Iran successfully test-fired a sophisticated Russian-made air defense system, the official IRNA news agency reported on Saturday....", "web_url": "https://www.nytimes.com/aponline/2017/03/04/world/middleeast/ap-ml-iran-air-defense-test.html", "news_desk": "None"}, {"lead_paragraph": "Twelve people, including women and children, are being treated for possible exposure to chemical weapons agents in Mosul, where Islamic State is fighting off an offensive by U.S.-backed Iraqi forces, the United Nations said on Saturday.", "section_name": "World", "slideshow_credits": null, "print_page": 0, "subsection_name": "Middle East", "pub_date": "2017-03-04T09:00:28+0000", "type_of_material": "News", "multimedia": [], "_id": "58ba823095d0e024902fd818", "blog": [], "document_type": "article", "headline": {"print_headline": "Twelve Treated for Chemical Weapons Agents in Mosul Since March 1: U.N.", "main": "Twelve Treated for Chemical Weapons Agents in Mosul Since March 1: U.N."}, "source": "Reuters", "word_count": 317, "abstract": null, "keywords": [], "byline": {"person": [], "organization": "REUTERS", "original": "By REUTERS"}, "snippet": "Twelve people, including women and children, are being treated for possible exposure to chemical weapons agents in Mosul, where Islamic State is fighting off an offensive by U.S.-backed Iraqi forces, the United Nations said on Saturday....", "web_url": "https://www.nytimes.com/reuters/2017/03/04/world/middleeast/04reuters-mideast-crisis-mosul-chemical.html", "news_desk": "None"}, {"lead_paragraph": "Guest lineups for the Sunday TV news shows:", "section_name": "Arts", "slideshow_credits": null, "print_page": 0, "subsection_name": null, "pub_date": "2017-03-04T08:39:36+0000", "type_of_material": "News", "multimedia": [], "_id": "58ba7d4c95d0e024902fd816", "blog": [], "document_type": "article", "headline": {"print_headline": "Guest Lineups for the Sunday News Shows", "main": "Guest Lineups for the Sunday News Shows"}, "source": "AP", "word_count": 110, "abstract": null, "keywords": [], "byline": {"person": [], "organization": "THE ASSOCIATED PRESS", "original": "By THE ASSOCIATED PRESS"}, "snippet": "Guest lineups for the Sunday TV news shows:...", "web_url": "https://www.nytimes.com/aponline/2017/03/04/arts/ap-us-news-shows.html", "news_desk": "None"}, {"lead_paragraph": "The United Nations warned that the alleged use of chemical weapons in Mosul, if confirmed, would be a war crime and a serious violation of international humanitarian law, according to a statement released Saturday.", "section_name": "World", "slideshow_credits": null, "print_page": 0, "subsection_name": "Middle East", "pub_date": "2017-03-04T08:39:34+0000", "type_of_material": "News", "multimedia": [], "_id": "58ba7d4d95d0e024902fd817", "blog": [], "document_type": "article", "headline": {"print_headline": "UN: If Confirmed, Chemical Attacks in Mosul a War Crime", "main": "UN: If Confirmed, Chemical Attacks in Mosul a War Crime"}, "source": "AP", "word_count": 519, "abstract": null, "keywords": [], "byline": {"person": [], "organization": "THE ASSOCIATED PRESS", "original": "By THE ASSOCIATED PRESS"}, "snippet": "The United Nations warned that the alleged use of chemical weapons in Mosul, if confirmed, would be a war crime and a serious violation of international humanitarian law, according to a statement released Saturday....", "web_url": "https://www.nytimes.com/aponline/2017/03/04/world/middleeast/ap-ml-iraq.html", "news_desk": "None"}, {"lead_paragraph": "Attorney General Jeff Sessions has been on the job less than a month but has already made some civil rights groups nervous by indicating the Justice Department will likely soften its focus on protecting voter rights and monitoring troubled police departments.", "section_name": "U.S.", "slideshow_credits": null, "print_page": 0, "subsection_name": "Politics", "pub_date": "2017-03-04T08:36:40+0000", "type_of_material": "News", "multimedia": [], "_id": "58ba7c9f95d0e024902fd815", "blog": [], "document_type": "article", "headline": {"print_headline": "NAACP Head: Sessions Pledges to Enforce Civil Rights Laws", "main": "NAACP Head: Sessions Pledges to Enforce Civil Rights Laws"}, "source": "AP", "word_count": 488, "abstract": null, "keywords": [], "byline": {"person": [], "organization": "THE ASSOCIATED PRESS", "original": "By THE ASSOCIATED PRESS"}, "snippet": "Attorney General Jeff Sessions has been on the job less than a month but has already made some civil rights groups nervous by indicating the Justice Department will likely soften its focus on protecting voter rights and monitoring troubled police ...", "web_url": "https://www.nytimes.com/aponline/2017/03/04/us/politics/ap-us-attorney-general-civil-rights.html", "news_desk": "None"}, {"lead_paragraph": "President Donald Trump is accusing former President Barack Obama of having Trump's telephones \"wire tapped\" during last year's election, but Trump isn't offering any evidence or saying what prompted the allegation.", "section_name": "U.S.", "slideshow_credits": null, "print_page": 0, "subsection_name": null, "pub_date": "2017-03-04T08:36:39+0000", "type_of_material": "News", "multimedia": [], "_id": "58ba7c9f95d0e024902fd814", "blog": [], "document_type": "article", "headline": {"print_headline": "Trump Alleges Obama Had Trump Phones Wiretapped During Race", "main": "Trump Alleges Obama Had Trump Phones Wiretapped During Race"}, "source": "AP", "word_count": 133, "abstract": null, "keywords": [], "byline": {"person": [], "organization": "THE ASSOCIATED PRESS", "original": "By THE ASSOCIATED PRESS"}, "snippet": "President Donald Trump is accusing former President Barack Obama of having Trump's telephones \"wire tapped\" during last year's election, but Trump isn't offering any evidence or saying what prompted the allegation....", "web_url": "https://www.nytimes.com/aponline/2017/03/04/us/ap-us-trump.html", "news_desk": "None"}, {"lead_paragraph": "The families of those onboard missing Malaysia Airlines Flight 370 launched efforts Saturday to raise at least $15 million to fund a private search as they marked the third anniversary of the plane's disappearance.", "section_name": "World", "slideshow_credits": null, "print_page": 0, "subsection_name": "Asia Pacific", "pub_date": "2017-03-04T08:36:37+0000", "type_of_material": "News", "multimedia": [], "_id": "58ba7c9a95d0e024902fd813", "blog": [], "document_type": "article", "headline": {"print_headline": "Families Aim to Raise $15 Million to Search for Flight 370", "main": "Families Aim to Raise $15 Million to Search for Flight 370"}, "source": "AP", "word_count": 472, "abstract": null, "keywords": [], "byline": {"person": [], "organization": "THE ASSOCIATED PRESS", "original": "By THE ASSOCIATED PRESS"}, "snippet": "The families of those onboard missing Malaysia Airlines Flight 370 launched efforts Saturday to raise at least $15 million to fund a private search as they marked the third anniversary of the plane's disappearance....", "web_url": "https://www.nytimes.com/aponline/2017/03/04/world/asia/ap-as-malaysia-missing-plane.html", "news_desk": "None"}, {"lead_paragraph": "Some Democrats worry the appointment of a Jeff Sessions subordinate to oversee an investigation into Russian interference in the 2016 election won't be a clean enough break from the embattled attorney general.", "section_name": "U.S.", "slideshow_credits": null, "print_page": 0, "subsection_name": "Politics", "pub_date": "2017-03-04T08:33:37+0000", "type_of_material": "News", "multimedia": [], "_id": "58ba7be995d0e024902fd812", "blog": [], "document_type": "article", "headline": {"print_headline": "Veteran Prosecutor in Line to Oversee Russia Probe", "main": "Veteran Prosecutor in Line to Oversee Russia Probe"}, "source": "AP", "word_count": 726, "abstract": null, "keywords": [], "byline": {"person": [], "organization": "THE ASSOCIATED PRESS", "original": "By THE ASSOCIATED PRESS"}, "snippet": "Some Democrats worry the appointment of a Jeff Sessions subordinate to oversee an investigation into Russian interference in the 2016 election won't be a clean enough break from the embattled attorney general....", "web_url": "https://www.nytimes.com/aponline/2017/03/04/us/politics/ap-us-attorney-general-russia.html", "news_desk": "None"}, {"lead_paragraph": "Republicans seem set to start muscling legislation through Congress reshaping the country's health care system after seven years of saber rattling.", "section_name": "U.S.", "slideshow_credits": null, "print_page": 0, "subsection_name": "Politics", "pub_date": "2017-03-04T08:27:36+0000", "type_of_material": "News", "multimedia": [], "_id": "58ba7a8195d0e024902fd811", "blog": [], "document_type": "article", "headline": {"print_headline": "Republican Health Care Push Coming; Success a Question Mark", "main": "Republican Health Care Push Coming; Success a Question Mark"}, "source": "AP", "word_count": 768, "abstract": null, "keywords": [], "byline": {"person": [], "organization": "THE ASSOCIATED PRESS", "original": "By THE ASSOCIATED PRESS"}, "snippet": "Republicans seem set to start muscling legislation through Congress reshaping the country's health care system after seven years of saber rattling....", "web_url": "https://www.nytimes.com/aponline/2017/03/04/us/politics/ap-us-congress-health-overhaul.html", "news_desk": "None"}, {"lead_paragraph": "President Donald Trump is telling advisers and allies that he may shelve, at least temporarily, his plan to pursue a deal with Moscow on the Islamic State group and other national security matters, according to administration officials and Western diplomats.", "section_name": "U.S.", "slideshow_credits": null, "print_page": 0, "subsection_name": "Politics", "pub_date": "2017-03-04T08:21:35+0000", "type_of_material": "News", "multimedia": [], "_id": "58ba791295d0e024902fd810", "blog": [], "document_type": "article", "headline": {"print_headline": "Trump Wary of Russian Deal; New Advisers Urge Tougher Stand", "main": "Trump Wary of Russian Deal; New Advisers Urge Tougher Stand"}, "source": "AP", "word_count": 1008, "abstract": null, "keywords": [], "byline": {"person": [], "organization": "THE ASSOCIATED PRESS", "original": "By THE ASSOCIATED PRESS"}, "snippet": "President Donald Trump is telling advisers and allies that he may shelve, at least temporarily, his plan to pursue a deal with Moscow on the Islamic State group and other national security matters, according to administration officials and Western...", "web_url": "https://www.nytimes.com/aponline/2017/03/04/us/politics/ap-us-trump-russia.html", "news_desk": "None"}]}}