{"status": "OK", "copyright": "Copyright (c) 2013 The New York Times Company.  All Rights Reserved.", "response": {"meta": {"hits": 16084808, "time": 197, "offset": 600}, "docs": [{"lead_paragraph": "Families of passengers on board missing Malaysia Airlines flight MH370 on Saturday launched a campaign to privately fund a search for the aircraft.", "section_name": "World", "slideshow_credits": null, "print_page": 0, "subsection_name": "Asia Pacific", "pub_date": "2017-03-04T09:45:29+0000", "type_of_material": "News", "multimedia": [], "_id": "58ba8cbe95d0e024902fd81e", "blog": [], "document_type": "article", "headline": {"print_headline": "MH370 Families Launch Campaign to Fund Search for the Missing Jet", "main": "MH370 Families Launch Campaign to Fund Search for the Missing Jet"}, "source": "Reuters", "word_count": 406, "abstract": null, "keywords": [], "byline": {"person": [], "organization": "REUTERS", "original": "By REUTERS"}, "snippet": "Families of passengers on board missing Malaysia Airlines flight MH370 on Saturday launched a campaign to privately fund a search for the aircraft....", "web_url": "https://www.nytimes.com/reuters/2017/03/04/world/asia/04reuters-malaysia-airlines.html", "news_desk": "None"}, {"lead_paragraph": "Zambia's former African Footballer of the Year Kalusha Bwalya has withdrawn from the race for a place on the FIFA Council less than two weeks before the elections for African representatives.", "section_name": "Sports", "slideshow_credits": null, "print_page": 0, "subsection_name": "Soccer", "pub_date": "2017-03-04T09:33:29+0000", "type_of_material": "News", "multimedia": [], "_id": "58ba89ef95d0e024902fd81d", "blog": [], "document_type": "article", "headline": {"print_headline": "Zambia's Bwalya Pulls Out of FIFA Council Race", "main": "Zambia's Bwalya Pulls Out of FIFA Council Race"}, "source": "Reuters", "word_count": 235, "abstract": null, "keywords": [], "byline": {"person": [], "organization": "REUTERS", "original": "By REUTERS"}, "snippet": "Zambia's former African Footballer of the Year Kalusha Bwalya has withdrawn from the race for a place on the FIFA Council less than two weeks before the elections for African representatives....", "web_url": "https://www.nytimes.com/reuters/2017/03/04/sports/soccer/04reuters-soccer-africa-fifa.html", "news_desk": "None"}, {"lead_paragraph": "A photo of former presidential candidate Hillary Clinton glancing at a newspaper headline about U.S. Vice President Mike Pence using private email has gone viral on social media, with thousands of people commenting on it.", "section_name": "U.S.", "slideshow_credits": null, "print_page": 0, "subsection_name": "Politics", "pub_date": "2017-03-04T09:15:28+0000", "type_of_material": "News", "multimedia": [], "_id": "58ba85b695d0e024902fd81c", "blog": [], "document_type": "article", "headline": {"print_headline": "Snap of Clinton Reading Pence Email Headline Goes Viral", "main": "Snap of Clinton Reading Pence Email Headline Goes Viral"}, "source": "Reuters", "word_count": 258, "abstract": null, "keywords": [], "byline": {"person": [], "organization": "REUTERS", "original": "By REUTERS"}, "snippet": "A photo of former presidential candidate Hillary Clinton glancing at a newspaper headline about U.S. Vice President Mike Pence using private email has gone viral on social media, with thousands of people commenting on it....", "web_url": "https://www.nytimes.com/reuters/2017/03/04/us/politics/04reuters-usa-pence-email-clinton.html", "news_desk": "None"}, {"lead_paragraph": "France's PSA Group is set to announce a deal to buy Opel from General Motors on Monday after striking an agreement with the U.S. carmaker and winning the blessing of its board for the acquisition.    The maker of Peugeot, Citroen and DS cars said on Saturday it would hold an early Monday press conference with GM, at which the transaction is expected to be presented after Reuters reported that a deal had been struck between the two automakers.", "section_name": "Business Day", "slideshow_credits": null, "print_page": 0, "subsection_name": null, "pub_date": "2017-03-04T09:12:29+0000", "type_of_material": "News", "multimedia": [], "_id": "58ba850195d0e024902fd81b", "blog": [], "document_type": "article", "headline": {"print_headline": "Peugeot Poised to Buy GM's Opel, Creating European Car Giant", "main": "Peugeot Poised to Buy GM's Opel, Creating European Car Giant"}, "source": "Reuters", "word_count": 560, "abstract": null, "keywords": [], "byline": {"person": [], "organization": "REUTERS", "original": "By REUTERS"}, "snippet": "France's PSA Group is set to announce a deal to buy Opel from General Motors on Monday after striking an agreement with the U.S. carmaker and winning the blessing of its board for the acquisition.    The maker of Peugeot, Citroen and DS cars said ...", "web_url": "https://www.nytimes.com/reuters/2017/03/04/business/04reuters-opel-m-a-psa.html", "news_desk": "None"}, {"lead_paragraph": "Michelle Wie shot a 5-under 67 Saturday to lead the HSBC Women's Champions tournament by two strokes after the third round.", "section_name": "Sports", "slideshow_credits": null, "print_page": 0, "subsection_name": "Golf", "pub_date": "2017-03-04T09:03:38+0000", "type_of_material": "News", "multimedia": [], "_id": "58ba82ee95d0e024902fd81a", "blog": [], "document_type": "article", "headline": {"print_headline": "Michelle Wie Shoots 67, Takes 2-Shot Lead in Singapore", "main": "Michelle Wie Shoots 67, Takes 2-Shot Lead in Singapore"}, "source": "AP", "word_count": 404, "abstract": null, "keywords": [], "byline": {"person": [], "organization": "THE ASSOCIATED PRESS", "original": "By THE ASSOCIATED PRESS"}, "snippet": "Michelle Wie shot a 5-under 67 Saturday to lead the HSBC Women's Champions tournament by two strokes after the third round....", "web_url": "https://www.nytimes.com/aponline/2017/03/04/sports/golf/ap-glf-lpga-singapore.html", "news_desk": "None"}, {"lead_paragraph": "Iran successfully test-fired a sophisticated Russian-made air defense system, the official IRNA news agency reported on Saturday.", "section_name": "World", "slideshow_credits": null, "print_page": 0, "subsection_name": "Middle East", "pub_date": "2017-03-04T09:03:36+0000", "type_of_material": "News", "multimedia": [], "_id": "58ba82ed95d0e024902fd819", "blog": [], "document_type": "article", "headline": {"print_headline": "Iran Tests Sophisticated Russian-Made Air Defense System", "main": "Iran Tests Sophisticated Russian-Made Air Defense System"}, "source": "AP", "word_count": 177, "abstract": null, "keywords": [], "byline": {"person": [], "organization": "THE ASSOCIATED PRESS", "original": "By THE ASSOCIATED PRESS"}, "snippet": "Iran successfully test-fired a sophisticated Russian-made air defense system, the official IRNA news agency reported on Saturday....", "web_url": "https://www.nytimes.com/aponline/2017/03/04/world/middleeast/ap-ml-iran-air-defense-test.html", "news_desk": "None"}, {"lead_paragraph": "Twelve people, including women and children, are being treated for possible exposure to chemical weapons agents in Mosul, where Islamic State is fighting off an offensive by U.S.-backed Iraqi forces, the United Nations said on Saturday.", "section_name": "World", "slideshow_credits": null, "print_page": 0, "subsection_name": "Middle East", "pub_date": "2017-03-04T09:00:28+0000", "type_of_material": "News", "multimedia": [], "_id": "58ba823095d0e024902fd818", "blog": [], "document_type": "article", "headline": {"print_headline": "Twelve Treated for Chemical Weapons Agents in Mosul Since March 1: U.N.", "main": "Twelve Treated for Chemical Weapons Agents in Mosul Since March 1: U.N."}, "source": "Reuters", "word_count": 317, "abstract": null, "keywords": [], "byline": {"person": [], "organization": "REUTERS", "original": "By REUTERS"}, "snippet": "Twelve people, including women and children, are being treated for possible exposure to chemical weapons agents in Mosul, where Islamic State is fighting off an offensive by U.S.-backed Iraqi forces, the United Nations said on Saturday....", "web_url": "https://www.nytimes.com/reuters/2017/03/04/world/middleeast/04reuters-mideast-crisis-mosul-chemical.html", "news_desk": "None"}, {"lead_paragraph": "Guest lineups for the Sunday TV news shows:", "section_name": "Arts", "slideshow_credits": null, "print_page": 0, "subsection_name": null, "pub_date": "2017-03-04T08:39:36+0000", "type_of_material": "News", "multimedia": [], "_id": "58ba7d4c95d0e024902fd816", "blog": [], "document_type": "article", "headline": {"print_headline": "Guest Lineups for the Sunday News Shows", "main": "Guest Lineups for the Sunday News Shows"}, "source": "AP", "word_count": 110, "abstract": null, "keywords": [], "byline": {"person": [], "organization": "THE ASSOCIATED PRESS", "original": "By THE ASSOCIATED PRESS"}, "snippet": "Guest lineups for the Sunday TV news shows:...", "web_url": "https://www.nytimes.com/aponline/2017/03/04/arts/ap-us-news-shows.html", "news_desk": "None"}, {"lead_paragraph": "The United Nations warned that the alleged use of chemical weapons in Mosul, if confirmed, would be a war crime and a serious violation of international humanitarian law, according to a statement released Saturday.", "section_name": "World", "slideshow_credits": null, "print_page": 0, "subsection_name": "Middle East", "pub_date": "2017-03-04T08:39:34+0000", "type_of_material": "News", "multimedia": [], "_id": "58ba7d4d95d0e024902fd817", "blog": [], "document_type": "article", "headline": {"print_headline": "UN: If Confirmed, Chemical Attacks in Mosul a War Crime", "main": "UN: If Confirmed, Chemical Attacks in Mosul a War Crime"}, "source": "AP", "word_count": 519, "abstract": null, "keywords": [], "byline": {"person": [], "organization": "THE ASSOCIATED PRESS", "original": "By THE ASSOCIATED PRESS"}, "snippet": "The United Nations warned that the alleged use of chemical weapons in Mosul, if confirmed, would be a war crime and a serious violation of international humanitarian law, according to a statement released Saturday....", "web_url": "https://www.nytimes.com/aponline/2017/03/04/world/middleeast/ap-ml-iraq.html", "news_desk": "None"}, {"lead_paragraph": "Attorney General Jeff Sessions has been on the job less than a month but has already made some civil rights groups nervous by indicating the Justice Department will likely soften its focus on protecting voter rights and monitoring troubled police departments.", "section_name": "U.S.", "slideshow_credits": null, "print_page": 0, "subsection_name": "Politics", "pub_date": "2017-03-04T08:36:40+0000", "type_of_material": "News", "multimedia": [], "_id": "58ba7c9f95d0e024902fd815", "blog": [], "document_type": "article", "headline": {"print_headline": "NAACP Head: Sessions Pledges to Enforce Civil Rights Laws", "main": "NAACP Head: Sessions Pledges to Enforce Civil Rights Laws"}, "source": "AP", "word_count": 488, "abstract": null, "keywords": [], "byline": {"person": [], "organization": "THE ASSOCIATED PRESS", "original": "By THE ASSOCIATED PRESS"}, "snippet": "Attorney General Jeff Sessions has been on the job less than a month but has already made some civil rights groups nervous by indicating the Justice Department will likely soften its focus on protecting voter rights and monitoring troubled police ...", "web_url": "https://www.nytimes.com/aponline/2017/03/04/us/politics/ap-us-attorney-general-civil-rights.html", "news_desk": "None"}]}}