{"status": "OK", "response": {"docs": [{"subsection_name": "Middle East", "byline": {"organization": "THE ASSOCIATED PRESS", "person": [], "original": "By THE ASSOCIATED PRESS"}, "source": "AP", "slideshow_credits": null, "keywords": [], "print_page": 0, "document_type": "article", "multimedia": [], "blog": [], "section_name": "World", "word_count": 702, "web_url": "https://www.nytimes.com/aponline/2017/03/04/world/middleeast/ap-ml-jordan-executions.html", "pub_date": "2017-03-04T07:09:45+0000", "lead_paragraph": "Jordan on Saturday executed 10 prisoners with ties to Islamic extremism who carried out five shootings and a bombing since 2003, the government spokesman said. It was the largest round of executions in the kingdom in at least a decade.", "type_of_material": "News", "news_desk": "None", "snippet": "Jordan on Saturday executed 10 prisoners with ties to Islamic extremism who carried out five shootings and a bombing since 2003, the government spokesman said. It was the largest round of executions in the kingdom in at least a decade....", "_id": "58ba683f95d0e024902fd809", "abstract": null, "headline": {"main": "Jordan Hangs 10 for Attacks Linked to Islamic Extremism", "print_headline": "Jordan Hangs 10 for Attacks Linked to Islamic Extremism"}}, {"subsection_name": "College Basketball", "byline": {"organization": "THE ASSOCIATED PRESS", "person": [], "original": "By THE ASSOCIATED PRESS"}, "source": "AP", "slideshow_credits": null, "keywords": [], "print_page": 0, "document_type": "article", "multimedia": [], "blog": [], "section_name": "Sports", "word_count": 306, "web_url": "https://www.nytimes.com/aponline/2017/03/04/sports/ncaabasketball/ap-bkw-t25-p12-oregon-washington.html", "pub_date": "2017-03-04T07:03:43+0000", "lead_paragraph": "Sabrina Ionescu hit two free throws with 6.4 seconds left to give Oregon a 70-69 upset victory over 11th-ranked Washington in a Pac-12 Conference Tournament quarterfinal on Friday night.", "type_of_material": "News", "news_desk": "None", "snippet": "Sabrina Ionescu hit two free throws with 6.4 seconds left to give Oregon a 70-69 upset victory over 11th-ranked Washington in a Pac-12 Conference Tournament quarterfinal on Friday night....", "_id": "58ba66d595d0e024902fd808", "abstract": null, "headline": {"main": "Ionescu's FTs Lift Oregon Women Past No. 11 Washington 70-69", "print_headline": "Ionescu's FTs Lift Oregon Women Past No. 11 Washington 70-69"}}, {"subsection_name": "Africa", "byline": {"organization": "THE ASSOCIATED PRESS", "person": [], "original": "By THE ASSOCIATED PRESS"}, "source": "AP", "slideshow_credits": null, "keywords": [], "print_page": 0, "document_type": "article", "multimedia": [], "blog": [], "section_name": "World", "word_count": 512, "web_url": "https://www.nytimes.com/aponline/2017/03/04/world/africa/ap-af-kenya-drought.html", "pub_date": "2017-03-04T07:03:38+0000", "lead_paragraph": "Loko Kalicha Junno says she trekked for a week to save her 10 cattle from dying of thirst and hunger. But none survived. Now, at one of the last watering holes in this remote village, she fears for herself.", "type_of_material": "News", "news_desk": "None", "snippet": "Loko Kalicha Junno says she trekked for a week to save her 10 cattle from dying of thirst and hunger. But none survived. Now, at one of the last watering holes in this remote village, she fears for herself....", "_id": "58ba66d095d0e024902fd807", "abstract": null, "headline": {"main": "Desperate Herders Lose Animals, Hope Amid Drought in Kenya", "print_headline": "Desperate Herders Lose Animals, Hope Amid Drought in Kenya"}}, {"subsection_name": null, "byline": {"organization": "THE ASSOCIATED PRESS", "person": [], "original": "By THE ASSOCIATED PRESS"}, "source": "AP", "slideshow_credits": null, "keywords": [], "print_page": 0, "document_type": "article", "multimedia": [], "blog": [], "section_name": "U.S.", "word_count": 708, "web_url": "https://www.nytimes.com/aponline/2017/03/04/us/ap-fbn-nfl-combine-quarterback-quandary.html", "pub_date": "2017-03-04T06:51:34+0000", "lead_paragraph": "Notre Dame quarterback DeShone Kizer has spent months getting in shape for the NFL's annual scouting combine.", "type_of_material": "News", "news_desk": "None", "snippet": "Notre Dame quarterback DeShone Kizer has spent months getting in shape for the NFL's annual scouting combine....", "_id": "58ba63ff95d0e024902fd806", "abstract": null, "headline": {"main": "Quarterbacks Hoping to Answer Questions at Combine Workouts", "print_headline": "Quarterbacks Hoping to Answer Questions at Combine Workouts"}}, {"subsection_name": "Cricket", "byline": {"organization": "REUTERS", "person": [], "original": "By REUTERS"}, "source": "Reuters", "slideshow_credits": null, "keywords": [], "print_page": 0, "document_type": "article", "multimedia": [], "blog": [], "section_name": "Sports", "word_count": 501, "web_url": "https://www.nytimes.com/reuters/2017/03/04/sports/cricket/04reuters-cricket-india.html", "pub_date": "2017-03-04T06:48:28+0000", "lead_paragraph": "Off-spinner Nathan Lyon claimed career-best figures of eight for 50 to help Australia bundle out India for 189 on the first day of the second test at the M. Chinnaswamy Stadium on Saturday.", "type_of_material": "News", "news_desk": "None", "snippet": "Off-spinner Nathan Lyon claimed career-best figures of eight for 50 to help Australia bundle out India for 189 on the first day of the second test at the M. Chinnaswamy Stadium on Saturday....", "_id": "58ba634295d0e024902fd805", "abstract": null, "headline": {"main": "Lyon Floors India With Eight-Wicket Haul", "print_headline": "Lyon Floors India With Eight-Wicket Haul"}}, {"subsection_name": "Tennis", "byline": {"organization": "REUTERS", "person": [], "original": "By REUTERS"}, "source": "Reuters", "slideshow_credits": null, "keywords": [], "print_page": 0, "document_type": "article", "multimedia": [], "blog": [], "section_name": "Sports", "word_count": 323, "web_url": "https://www.nytimes.com/reuters/2017/03/04/sports/tennis/04reuters-tennis-men-acapulco.html", "pub_date": "2017-03-04T06:39:28+0000", "lead_paragraph": "Rafael Nadal continues to show no rust in his first tournament since losing the Australian Open final earlier this year.", "type_of_material": "News", "news_desk": "None", "snippet": "Rafael Nadal continues to show no rust in his first tournament since losing the Australian Open final earlier this year....", "_id": "58ba612395d0e024902fd804", "abstract": null, "headline": {"main": "Nadal Breezes Into Acapulco Final", "print_headline": "Nadal Breezes Into Acapulco Final"}}, {"subsection_name": "Asia Pacific", "byline": {"organization": "THE ASSOCIATED PRESS", "person": [], "original": "By THE ASSOCIATED PRESS"}, "source": "AP", "slideshow_credits": null, "keywords": [], "print_page": 0, "document_type": "article", "multimedia": [], "blog": [], "section_name": "World", "word_count": 359, "web_url": "https://www.nytimes.com/aponline/2017/03/04/world/asia/ap-as-afghanistan.html", "pub_date": "2017-03-04T06:36:46+0000", "lead_paragraph": "At least eight Afghan civilians, including four children, were killed in an attack late Friday night in western Farah province, according to Afghan officials. However there is disagreement over what exactly caused the deaths.", "type_of_material": "News", "news_desk": "None", "snippet": "At least eight Afghan civilians, including four children, were killed in an attack late Friday night in western Farah province, according to Afghan officials. However there is disagreement over what exactly caused the deaths....", "_id": "58ba608195d0e024902fd803", "abstract": null, "headline": {"main": "8 Civilians Killed in Afghanistan by Alleged Air Strike", "print_headline": "8 Civilians Killed in Afghanistan by Alleged Air Strike"}}, {"subsection_name": null, "byline": {"organization": "THE ASSOCIATED PRESS", "person": [], "original": "By THE ASSOCIATED PRESS"}, "source": "AP", "slideshow_credits": null, "keywords": [], "print_page": 0, "document_type": "article", "multimedia": [], "blog": [], "section_name": "U.S.", "word_count": 141, "web_url": "https://www.nytimes.com/aponline/2017/03/04/us/ap-us-schools-military-funerals.html", "pub_date": "2017-03-04T06:18:45+0000", "lead_paragraph": "A California school district will no longer take part in funeral processions for sailors and Navy SEALS killed overseas that have drawn thousands of students.", "type_of_material": "News", "news_desk": "None", "snippet": "A California school district will no longer take part in funeral processions for sailors and Navy SEALS killed overseas that have drawn thousands of students....", "_id": "58ba5c4a95d0e024902fd802", "abstract": null, "headline": {"main": "School District: No More Part in US Navy Funeral Processions", "print_headline": "School District: No More Part in US Navy Funeral Processions"}}, {"subsection_name": null, "byline": {"organization": "THE ASSOCIATED PRESS", "person": [], "original": "By THE ASSOCIATED PRESS"}, "source": "AP", "slideshow_credits": null, "keywords": [], "print_page": 0, "document_type": "article", "multimedia": [], "blog": [], "section_name": "U.S.", "word_count": 134, "web_url": "https://www.nytimes.com/aponline/2017/03/04/us/ap-us-people-viola-davis.html", "pub_date": "2017-03-04T06:06:41+0000", "lead_paragraph": "Fresh from her best supporting actress Oscar win for her role in \"Fences,\" Viola Davis is at Harvard University to receive the 2017 Artist of the Year Award from the Harvard Foundation.", "type_of_material": "News", "news_desk": "None", "snippet": "Fresh from her best supporting actress Oscar win for her role in \"Fences,\" Viola Davis is at Harvard University to receive the 2017 Artist of the Year Award from the Harvard Foundation....", "_id": "58ba597a95d0e024902fd801", "abstract": null, "headline": {"main": "Another Award for Viola Davis: Harvard 'Artist of the Year'", "print_headline": "Another Award for Viola Davis: Harvard 'Artist of the Year'"}}, {"subsection_name": "Asia Pacific", "byline": {"organization": "THE ASSOCIATED PRESS", "person": [], "original": "By THE ASSOCIATED PRESS"}, "source": "AP", "slideshow_credits": null, "keywords": [], "print_page": 0, "document_type": "article", "multimedia": [], "blog": [], "section_name": "World", "word_count": 765, "web_url": "https://www.nytimes.com/aponline/2017/03/04/world/asia/ap-as-china-politics-military.html", "pub_date": "2017-03-04T06:03:36+0000", "lead_paragraph": "China will raise its defense budget by about 7 percent this year, a government spokeswoman said Saturday, continuing a trend of lowered growth amid a slowing economy despite regional tensions over the South China Sea and other issues.", "type_of_material": "News", "news_desk": "None", "snippet": "China will raise its defense budget by about 7 percent this year, a government spokeswoman said Saturday, continuing a trend of lowered growth amid a slowing economy despite regional tensions over the South China Sea and other issues....", "_id": "58ba58bf95d0e024902fd800", "abstract": null, "headline": {"main": "China Says Defense Budget to Rise by About 7 Percent in 2017", "print_headline": "China Says Defense Budget to Rise by About 7 Percent in 2017"}}], "meta": {"time": 225, "offset": 1180, "hits": 16085368}}, "copyright": "Copyright (c) 2013 The New York Times Company.  All Rights Reserved."}