{"status": "OK", "copyright": "Copyright (c) 2013 The New York Times Company.  All Rights Reserved.", "response": {"meta": {"hits": 16084808, "time": 170, "offset": 240}, "docs": [{"lead_paragraph": "A New York man was being held without bail on terrorism charges after federal authorities said he was prepared to strap on a bomb and sacrifice himself for jihad and persistently tried to join the Islamic State or another extremist group in Syria.", "section_name": "U.S.", "slideshow_credits": null, "print_page": 0, "subsection_name": null, "pub_date": "2017-03-05T05:21:47+0000", "type_of_material": "News", "multimedia": [], "_id": "58bba06f95d0e024902fd98a", "blog": [], "document_type": "article", "headline": {"print_headline": "Prosecutors: NY Man Willing to Sacrifice Self for Jihad", "main": "Prosecutors: NY Man Willing to Sacrifice Self for Jihad"}, "source": "AP", "word_count": 663, "abstract": null, "keywords": [], "byline": {"person": [], "organization": "THE ASSOCIATED PRESS", "original": "By THE ASSOCIATED PRESS"}, "snippet": "A New York man was being held without bail on terrorism charges after federal authorities said he was prepared to strap on a bomb and sacrifice himself for jihad and persistently tried to join the Islamic State or another extremist group in Syria....", "web_url": "https://www.nytimes.com/aponline/2017/03/05/us/ap-us-terrorism-arrest-.html", "news_desk": "None"}, {"lead_paragraph": "Tynice Martin scored 21 points, Teana Muldrow added 19 with eight rebounds and West Virginia beat No. 19 Oklahoma 82-58 in the Big 12 Conference Tournament on Saturday night.", "section_name": "Sports", "slideshow_credits": null, "print_page": 0, "subsection_name": "College Basketball", "pub_date": "2017-03-05T05:21:47+0000", "type_of_material": "News", "multimedia": [], "_id": "58bba07395d0e024902fd98b", "blog": [], "document_type": "article", "headline": {"print_headline": "W. Virginia Women Upset No. 19 Oklahoma in Big 12 Tournament", "main": "W. Virginia Women Upset No. 19 Oklahoma in Big 12 Tournament"}, "source": "AP", "word_count": 185, "abstract": null, "keywords": [], "byline": {"person": [], "organization": "THE ASSOCIATED PRESS", "original": "By THE ASSOCIATED PRESS"}, "snippet": "Tynice Martin scored 21 points, Teana Muldrow added 19 with eight rebounds and West Virginia beat No. 19 Oklahoma 82-58 in the Big 12 Conference Tournament on Saturday night....", "web_url": "https://www.nytimes.com/aponline/2017/03/05/sports/ncaabasketball/ap-bkw-t25-b12-oklahoma-west-virginia.html", "news_desk": "None"}, {"lead_paragraph": "American Sam Querrey used a strong serve to beat Rafael Nadal 6-3, 7-6 (3) on Saturday night in the Mexican Open final.", "section_name": "Sports", "slideshow_credits": null, "print_page": 0, "subsection_name": "Tennis", "pub_date": "2017-03-05T05:18:42+0000", "type_of_material": "News", "multimedia": [], "_id": "58bb9fbd95d0e024902fd989", "blog": [], "document_type": "article", "headline": {"print_headline": "Sam Querrey Beats Rafael Nadal in Mexican Open Final", "main": "Sam Querrey Beats Rafael Nadal in Mexican Open Final"}, "source": "AP", "word_count": 136, "abstract": null, "keywords": [], "byline": {"person": [], "organization": "THE ASSOCIATED PRESS", "original": "By THE ASSOCIATED PRESS"}, "snippet": "American Sam Querrey used a strong serve to beat Rafael Nadal 6-3, 7-6 (3) on Saturday night in the Mexican Open final....", "web_url": "https://www.nytimes.com/aponline/2017/03/05/sports/tennis/ap-ten-acapulco.html", "news_desk": "None"}, {"lead_paragraph": "The focus for a week was on Gonzaga's first loss of the season. Minutes after the Bulldogs bounced back with a convincing victory, coach Mark Few wanted the spotlight on another number.", "section_name": "Sports", "slideshow_credits": null, "print_page": 0, "subsection_name": "College Basketball", "pub_date": "2017-03-05T05:15:39+0000", "type_of_material": "News", "multimedia": [], "_id": "58bb9eff95d0e024902fd988", "blog": [], "document_type": "article", "headline": {"print_headline": "No. 4 Gonzaga Recovers From 1st Loss, Routs Pacific 82-50", "main": "No. 4 Gonzaga Recovers From 1st Loss, Routs Pacific 82-50"}, "source": "AP", "word_count": 668, "abstract": null, "keywords": [], "byline": {"person": [], "organization": "THE ASSOCIATED PRESS", "original": "By THE ASSOCIATED PRESS"}, "snippet": "The focus for a week was on Gonzaga's first loss of the season. Minutes after the Bulldogs bounced back with a convincing victory, coach Mark Few wanted the spotlight on another number....", "web_url": "https://www.nytimes.com/aponline/2017/03/05/sports/ncaabasketball/ap-bkc-t25-wcc-pacific-gonzaga.html", "news_desk": "None"}, {"lead_paragraph": "Teenager Noah Lyles ran the fastest indoor 300 meters of all-time as he and weight thrower Gwen Berry set world bests at the U.S. championships on Saturday.", "section_name": "Sports", "slideshow_credits": null, "print_page": 0, "subsection_name": "Olympics", "pub_date": "2017-03-05T05:12:29+0000", "type_of_material": "News", "multimedia": [], "_id": "58bb9e4095d0e024902fd987", "blog": [], "document_type": "article", "headline": {"print_headline": "Athletics: Lyles and Berry Set World Indoor Bests at U.S. Champs", "main": "Athletics: Lyles and Berry Set World Indoor Bests at U.S. Champs"}, "source": "Reuters", "word_count": 307, "abstract": null, "keywords": [], "byline": {"person": [], "organization": "REUTERS", "original": "By REUTERS"}, "snippet": "Teenager Noah Lyles ran the fastest indoor 300 meters of all-time as he and weight thrower Gwen Berry set world bests at the U.S. championships on Saturday....", "web_url": "https://www.nytimes.com/reuters/2017/03/05/sports/olympics/05reuters-athletics-usa.html", "news_desk": "None"}, {"lead_paragraph": "Philippine troops have found the remains of a German hostage who was beheaded by Abu Sayyaf militants in the country's south, vowing Sunday to rescue more than 30 other captives and crush the ransom-seeking extremists.", "section_name": "World", "slideshow_credits": null, "print_page": 0, "subsection_name": "Asia Pacific", "pub_date": "2017-03-05T05:06:43+0000", "type_of_material": "News", "multimedia": [], "_id": "58bb9cea95d0e024902fd986", "blog": [], "document_type": "article", "headline": {"print_headline": "Philippine Marines Find Remains of Beheaded German Hostage", "main": "Philippine Marines Find Remains of Beheaded German Hostage"}, "source": "AP", "word_count": 487, "abstract": null, "keywords": [], "byline": {"person": [], "organization": "THE ASSOCIATED PRESS", "original": "By THE ASSOCIATED PRESS"}, "snippet": "Philippine troops have found the remains of a German hostage who was beheaded by Abu Sayyaf militants in the country's south, vowing Sunday to rescue more than 30 other captives and crush the ransom-seeking extremists....", "web_url": "https://www.nytimes.com/aponline/2017/03/05/world/asia/ap-as-philippines-german-hostage.html", "news_desk": "None"}, {"lead_paragraph": "Kawhi Leonard and the Spurs didn't get much sleep after a long night's work Friday. It didn't seem to bother San Antonio's All-Star forward, at least.", "section_name": "Sports", "slideshow_credits": null, "print_page": 0, "subsection_name": "Pro Basketball", "pub_date": "2017-03-05T05:03:50+0000", "type_of_material": "News", "multimedia": [], "_id": "58bb9c3a95d0e024902fd985", "blog": [], "document_type": "article", "headline": {"print_headline": "Spurs Beat Timberwolves in OT, Clinch Playoff Spot", "main": "Spurs Beat Timberwolves in OT, Clinch Playoff Spot"}, "source": "AP", "word_count": 628, "abstract": null, "keywords": [], "byline": {"person": [], "organization": "THE ASSOCIATED PRESS", "original": "By THE ASSOCIATED PRESS"}, "snippet": "Kawhi Leonard and the Spurs didn't get much sleep after a long night's work Friday. It didn't seem to bother San Antonio's All-Star forward, at least....", "web_url": "https://www.nytimes.com/aponline/2017/03/05/sports/basketball/ap-bkn-timberwolves-spurs.html", "news_desk": "None"}, {"lead_paragraph": "Today in History", "section_name": "U.S.", "slideshow_credits": null, "print_page": 0, "subsection_name": null, "pub_date": "2017-03-05T05:03:44+0000", "type_of_material": "News", "multimedia": [], "_id": "58bb9c3495d0e024902fd983", "blog": [], "document_type": "article", "headline": {"print_headline": "Today in History", "main": "Today in History"}, "source": "AP", "word_count": 757, "abstract": null, "keywords": [], "byline": {"person": [], "organization": "THE ASSOCIATED PRESS", "original": "By THE ASSOCIATED PRESS"}, "snippet": "Today in History...", "web_url": "https://www.nytimes.com/aponline/2017/03/05/us/ap-history.html", "news_desk": "None"}, {"lead_paragraph": "China's finance ministry said Sunday that the country's defense budget this year will top 1 trillion yuan ($145 billion) for the first time, after the exact figure was initially kept out of public documents released at the start of the country's annual legislative sessions.", "section_name": "World", "slideshow_credits": null, "print_page": 0, "subsection_name": "Asia Pacific", "pub_date": "2017-03-05T05:03:42+0000", "type_of_material": "News", "multimedia": [], "_id": "58bb9c3495d0e024902fd984", "blog": [], "document_type": "article", "headline": {"print_headline": "China Finance Ministry Releases $151 Billion Defense Budget", "main": "China Finance Ministry Releases $151 Billion Defense Budget"}, "source": "AP", "word_count": 296, "abstract": null, "keywords": [], "byline": {"person": [], "organization": "THE ASSOCIATED PRESS", "original": "By THE ASSOCIATED PRESS"}, "snippet": "China's finance ministry said Sunday that the country's defense budget this year will top 1 trillion yuan ($145 billion) for the first time, after the exact figure was initially kept out of public documents released at the start of the country's a...", "web_url": "https://www.nytimes.com/aponline/2017/03/05/world/asia/ap-as-china-politics-military.html", "news_desk": "None"}, {"lead_paragraph": "The couple met at Princeton but didn\u2019t start dating until reconnecting at Harvard.", "section_name": "Fashion & Style", "slideshow_credits": null, "print_page": 16, "subsection_name": "Weddings", "pub_date": "2017-03-05T05:00:02+0000", "type_of_material": "News", "multimedia": [{"url": "images/2017/03/05/fashion/weddings/05CHUNG/05CHUNG-thumbStandard.jpg", "legacy": {"thumbnail": "images/2017/03/05/fashion/weddings/05CHUNG/05CHUNG-thumbStandard.jpg", "thumbnailheight": 75, "thumbnailwidth": 75}, "subtype": "thumbnail", "rank": 0, "height": 75, "width": 75, "type": "image"}, {"url": "images/2017/03/05/fashion/weddings/05CHUNG/05CHUNG-articleLarge-v2.jpg", "legacy": {"xlarge": "images/2017/03/05/fashion/weddings/05CHUNG/05CHUNG-articleLarge-v2.jpg", "xlargewidth": 600, "xlargeheight": 354}, "subtype": "xlarge", "rank": 0, "height": 354, "width": 600, "type": "image"}, {"url": "images/2017/03/05/fashion/weddings/05CHUNG/05CHUNG-thumbWide-v2.jpg", "legacy": {"wide": "images/2017/03/05/fashion/weddings/05CHUNG/05CHUNG-thumbWide-v2.jpg", "widewidth": 190, "wideheight": 126}, "subtype": "wide", "rank": 0, "height": 126, "width": 190, "type": "image"}], "_id": "58bb9b5795d0e024902fd97c", "blog": [], "document_type": "article", "headline": {"print_headline": "Habin Chung,  Mark Jia", "main": "Habin Chung, Mark Jia"}, "source": "The New York Times", "word_count": 147, "abstract": null, "keywords": [{"value": "Weddings and Engagements", "isMajor": "N", "rank": 1, "name": "subject"}], "byline": [], "snippet": "The couple met at Princeton but didn\u2019t start dating until reconnecting at Harvard....", "web_url": "https://www.nytimes.com/2017/03/05/fashion/weddings/habin-chung-mark-jia.html", "news_desk": "Society"}]}}