{"copyright": "Copyright (c) 2013 The New York Times Company.  All Rights Reserved.", "status": "OK", "response": {"meta": {"offset": 140, "time": 125, "hits": 16085757}, "docs": [{"abstract": null, "pub_date": "2017-03-06T22:55:04+0000", "snippet": "Housing and Urban Development Secretary Ben Carson on Monday compared slavery to immigration in the United States, a view that experts on slavery called inaccurate and a misleading reading of American history....", "web_url": "https://www.nytimes.com/aponline/2017/03/06/us/politics/ap-us-carson-slavery.html", "document_type": "article", "headline": {"print_headline": "Ben Carson Compares Slavery to Immigration to America", "main": "Ben Carson Compares Slavery to Immigration to America"}, "subsection_name": "Politics", "byline": {"organization": "THE ASSOCIATED PRESS", "person": [], "original": "By THE ASSOCIATED PRESS"}, "section_name": "U.S.", "print_page": 0, "keywords": [], "news_desk": "None", "blog": [], "_id": "58bde8cd95d0e024902fddaa", "multimedia": [], "source": "AP", "word_count": 583, "lead_paragraph": "Housing and Urban Development Secretary Ben Carson on Monday compared slavery to immigration in the United States, a view that experts on slavery called inaccurate and a misleading reading of American history.", "type_of_material": "News", "slideshow_credits": null}, {"abstract": null, "pub_date": "2017-03-06T22:55:03+0000", "snippet": "The Latest on an Afghan family that was detained after entering the U.S. on special visas (all times local):...", "web_url": "https://www.nytimes.com/aponline/2017/03/06/us/ap-us-afghan-family-detained-the-latest.html", "document_type": "article", "headline": {"print_headline": "The Latest: Lawyer Describes Afghan Dad's US Military Work", "main": "The Latest: Lawyer Describes Afghan Dad's US Military Work"}, "subsection_name": null, "byline": {"organization": "THE ASSOCIATED PRESS", "person": [], "original": "By THE ASSOCIATED PRESS"}, "section_name": "U.S.", "print_page": 0, "keywords": [], "news_desk": "None", "blog": [], "_id": "58bde8cd95d0e024902fdda9", "multimedia": [], "source": "AP", "word_count": 418, "lead_paragraph": "The Latest on an Afghan family that was detained after entering the U.S. on special visas (all times local):", "type_of_material": "News", "slideshow_credits": null}, {"abstract": null, "pub_date": "2017-03-06T22:54:49+0000", "snippet": "Child welfare officials in eastern Pennsylvania say a private agency might have known 10 years ago about abuse allegations against a foster mother now accused in the rape and murder of her 14-year-old daughter....", "web_url": "https://www.nytimes.com/aponline/2017/03/06/us/ap-us-dismembered-teen.html", "document_type": "article", "headline": {"print_headline": "Old Abuse Claim Raised Against Mom Charged in Teen's Death", "main": "Old Abuse Claim Raised Against Mom Charged in Teen's Death"}, "subsection_name": null, "byline": {"organization": "THE ASSOCIATED PRESS", "person": [], "original": "By THE ASSOCIATED PRESS"}, "section_name": "U.S.", "print_page": 0, "keywords": [], "news_desk": "None", "blog": [], "_id": "58bde8c295d0e024902fdda8", "multimedia": [], "source": "AP", "word_count": 235, "lead_paragraph": "Child welfare officials in eastern Pennsylvania say a private agency might have known 10 years ago about abuse allegations against a foster mother now accused in the rape and murder of her 14-year-old daughter.", "type_of_material": "News", "slideshow_credits": null}, {"abstract": null, "pub_date": "2017-03-06T22:52:14+0000", "snippet": "Pablo Cuevas of Uruguay has won his third straight Brazil Open &#8212; but it took him two days to do it....", "web_url": "https://www.nytimes.com/aponline/2017/03/06/sports/tennis/ap-ten-brazil-open.html", "document_type": "article", "headline": {"print_headline": "Cuevas Wins 3rd Straight Brazil Open After 2 Days", "main": "Cuevas Wins 3rd Straight Brazil Open After 2 Days"}, "subsection_name": "Tennis", "byline": {"organization": "THE ASSOCIATED PRESS", "person": [], "original": "By THE ASSOCIATED PRESS"}, "section_name": "Sports", "print_page": 0, "keywords": [], "news_desk": "None", "blog": [], "_id": "58bde82595d0e024902fdda7", "multimedia": [], "source": "AP", "word_count": 119, "lead_paragraph": "Pablo Cuevas of Uruguay has won his third straight Brazil Open &#8212; but it took him two days to do it.", "type_of_material": "News", "slideshow_credits": null}, {"abstract": null, "pub_date": "2017-03-06T22:52:05+0000", "snippet": "If Donald Trump wants to know whether he was the subject of surveillance by the U.S. government, he may be uniquely positioned to get an answer....", "web_url": "https://www.nytimes.com/aponline/2017/03/06/us/politics/ap-us-trump-wiretap.html", "document_type": "article", "headline": {"print_headline": "As President, Trump Seeks Answers on His Own Wiretap Mystery", "main": "As President, Trump Seeks Answers on His Own Wiretap Mystery"}, "subsection_name": "Politics", "byline": {"organization": "THE ASSOCIATED PRESS", "person": [], "original": "By THE ASSOCIATED PRESS"}, "section_name": "U.S.", "print_page": 0, "keywords": [], "news_desk": "None", "blog": [], "_id": "58bde81a95d0e024902fdda6", "multimedia": [], "source": "AP", "word_count": 889, "lead_paragraph": "If Donald Trump wants to know whether he was the subject of surveillance by the U.S. government, he may be uniquely positioned to get an answer.", "type_of_material": "News", "slideshow_credits": null}, {"abstract": null, "pub_date": "2017-03-06T22:51:46+0000", "snippet": "Two court hearings have been rescheduled for a St. Louis man accused of making threats against Jewish institutions nationwide....", "web_url": "https://www.nytimes.com/aponline/2017/03/06/us/ap-us-jewish-groups-threats.html", "document_type": "article", "headline": {"print_headline": "Court Hearings Delayed for Man Accused of Jewish Threats", "main": "Court Hearings Delayed for Man Accused of Jewish Threats"}, "subsection_name": null, "byline": {"organization": "THE ASSOCIATED PRESS", "person": [], "original": "By THE ASSOCIATED PRESS"}, "section_name": "U.S.", "print_page": 0, "keywords": [], "news_desk": "None", "blog": [], "_id": "58bde80995d0e024902fdda5", "multimedia": [], "source": "AP", "word_count": 134, "lead_paragraph": "Two court hearings have been rescheduled for a St. Louis man accused of making threats against Jewish institutions nationwide.", "type_of_material": "News", "slideshow_credits": null}, {"abstract": null, "pub_date": "2017-03-06T22:48:48+0000", "snippet": "Niger's defense ministry says at least five gendarmes have been killed in an attack near the country's western border with Mali....", "web_url": "https://www.nytimes.com/aponline/2017/03/06/world/africa/ap-af-niger-violence.html", "document_type": "article", "headline": {"print_headline": "Suspected Extremists Kill at Least 5 Gendarmes in Niger", "main": "Suspected Extremists Kill at Least 5 Gendarmes in Niger"}, "subsection_name": "Africa", "byline": {"organization": "THE ASSOCIATED PRESS", "person": [], "original": "By THE ASSOCIATED PRESS"}, "section_name": "World", "print_page": 0, "keywords": [], "news_desk": "None", "blog": [], "_id": "58bde75995d0e024902fdda4", "multimedia": [], "source": "AP", "word_count": 133, "lead_paragraph": "Niger's defense ministry says at least five gendarmes have been killed in an attack near the country's western border with Mali.", "type_of_material": "News", "slideshow_credits": null}, {"abstract": null, "pub_date": "2017-03-06T22:46:06+0000", "snippet": "Attorney General Jeff Sessions on Monday clarified his confirmation hearing testimony to acknowledge having spoken twice last year with the Russian ambassador, but he said he stood by his earlier remarks as an honest and correct answer to a questi...", "web_url": "https://www.nytimes.com/aponline/2017/03/06/us/politics/ap-us-attorney-general-russia.html", "document_type": "article", "headline": {"print_headline": "Sessions Clarifies Testimony on Russia, Says He Was Honest", "main": "Sessions Clarifies Testimony on Russia, Says He Was Honest"}, "subsection_name": "Politics", "byline": {"organization": "THE ASSOCIATED PRESS", "person": [], "original": "By THE ASSOCIATED PRESS"}, "section_name": "U.S.", "print_page": 0, "keywords": [], "news_desk": "None", "blog": [], "_id": "58bde6b295d0e024902fdda3", "multimedia": [], "source": "AP", "word_count": 334, "lead_paragraph": "Attorney General Jeff Sessions on Monday clarified his confirmation hearing testimony to acknowledge having spoken twice last year with the Russian ambassador, but he said he stood by his earlier remarks as an honest and correct answer to a question.", "type_of_material": "News", "slideshow_credits": null}, {"abstract": null, "pub_date": "2017-03-06T22:43:20+0000", "snippet": "Rivalries are the lifeblood of sports, and NASCAR sorely needs a few to spice up the action....", "web_url": "https://www.nytimes.com/aponline/2017/03/06/sports/ap-car-nascar-in-the-pits.html", "document_type": "article", "headline": {"print_headline": "Column: NASCAR Needs Some Rivalries to Spice Up the Action", "main": "Column: NASCAR Needs Some Rivalries to Spice Up the Action"}, "subsection_name": null, "byline": {"organization": "THE ASSOCIATED PRESS", "person": [], "original": "By THE ASSOCIATED PRESS"}, "section_name": "Sports", "print_page": 0, "keywords": [], "news_desk": "None", "blog": [], "_id": "58bde61095d0e024902fdda2", "multimedia": [], "source": "AP", "word_count": 975, "lead_paragraph": "Rivalries are the lifeblood of sports, and NASCAR sorely needs a few to spice up the action.", "type_of_material": "News", "slideshow_credits": null}, {"abstract": null, "pub_date": "2017-03-06T22:42:56+0000", "snippet": "A Roman Catholic diocese accused of a decadeslong cover-up of child sex abuse by clergy has reached an agreement with federal prosecutors on reforms to prevent future abuse and to provide better help for victims, including new reporting requiremen...", "web_url": "https://www.nytimes.com/aponline/2017/03/06/us/ap-us-clergy-abuse-federal-prosecutor.html", "document_type": "article", "headline": {"print_headline": "Feds, Bishop Announce Reform Plan to Address Child Sex Abuse", "main": "Feds, Bishop Announce Reform Plan to Address Child Sex Abuse"}, "subsection_name": null, "byline": {"organization": "THE ASSOCIATED PRESS", "person": [], "original": "By THE ASSOCIATED PRESS"}, "section_name": "U.S.", "print_page": 0, "keywords": [], "news_desk": "None", "blog": [], "_id": "58bde5f595d0e024902fdda1", "multimedia": [], "source": "AP", "word_count": 587, "lead_paragraph": "A Roman Catholic diocese accused of a decadeslong cover-up of child sex abuse by clergy has reached an agreement with federal prosecutors on reforms to prevent future abuse and to provide better help for victims, including new reporting requirements and the creation of an independent oversight board.", "type_of_material": "News", "slideshow_credits": null}]}}