{"status": "OK", "copyright": "Copyright (c) 2013 The New York Times Company.  All Rights Reserved.", "response": {"meta": {"hits": 16084813, "time": 196, "offset": 520}, "docs": [{"lead_paragraph": "Immigration courts across the country are suffering from a backlog, with more than half a million cases jamming up dockets nationwide. Advocates are concerned that the already overwhelmed system will be further strained under recent directives from President Donald Trump, who is ordering officials to step up enforcement of immigration laws and expand the number of people considered as priorities for deportation.", "section_name": "U.S.", "slideshow_credits": null, "print_page": 0, "subsection_name": null, "pub_date": "2017-03-04T15:30:41+0000", "type_of_material": "News", "multimedia": [], "_id": "58badda895d0e024902fd877", "blog": [], "document_type": "article", "headline": {"print_headline": "By the Numbers: Cases Handled by Immigration Courts in US", "main": "By the Numbers: Cases Handled by Immigration Courts in US"}, "source": "AP", "word_count": 209, "abstract": null, "keywords": [], "byline": {"person": [], "organization": "THE ASSOCIATED PRESS", "original": "By THE ASSOCIATED PRESS"}, "snippet": "Immigration courts across the country are suffering from a backlog, with more than half a million cases jamming up dockets nationwide. Advocates are concerned that the already overwhelmed system will be further strained under recent directives fro...", "web_url": "https://www.nytimes.com/aponline/2017/03/04/us/ap-us-immigration-courts-by-the-numbers.html", "news_desk": "None"}, {"lead_paragraph": "Dozens of police departments around the U.S. are amassing their own DNA databases to track criminals, a move critics say is a way around regulations governing state and national databases that restrict who can provide genetic samples and how long that information is held.", "section_name": "U.S.", "slideshow_credits": null, "print_page": 0, "subsection_name": null, "pub_date": "2017-03-04T15:27:42+0000", "type_of_material": "News", "multimedia": [], "_id": "58badcf395d0e024902fd875", "blog": [], "document_type": "article", "headline": {"print_headline": "US Police Agencies With Their Own DNA Databases Stir Debate", "main": "US Police Agencies With Their Own DNA Databases Stir Debate"}, "source": "AP", "word_count": 732, "abstract": null, "keywords": [], "byline": {"person": [], "organization": "THE ASSOCIATED PRESS", "original": "By THE ASSOCIATED PRESS"}, "snippet": "Dozens of police departments around the U.S. are amassing their own DNA databases to track criminals, a move critics say is a way around regulations governing state and national databases that restrict who can provide genetic samples and how long ...", "web_url": "https://www.nytimes.com/aponline/2017/03/04/us/ap-us-dna-databases.html", "news_desk": "None"}, {"lead_paragraph": "Britain's foreign secretary will soon travel to Russia on a visit his office says will be consistent with the country's \"engage but beware\" policy toward Moscow.", "section_name": "World", "slideshow_credits": null, "print_page": 0, "subsection_name": "Europe", "pub_date": "2017-03-04T15:27:38+0000", "type_of_material": "News", "multimedia": [], "_id": "58badcf395d0e024902fd876", "blog": [], "document_type": "article", "headline": {"print_headline": "UK Foreign Secretary to Visit Russia With 'Tough Message'", "main": "UK Foreign Secretary to Visit Russia With 'Tough Message'"}, "source": "AP", "word_count": 132, "abstract": null, "keywords": [], "byline": {"person": [], "organization": "THE ASSOCIATED PRESS", "original": "By THE ASSOCIATED PRESS"}, "snippet": "Britain's foreign secretary will soon travel to Russia on a visit his office says will be consistent with the country's \"engage but beware\" policy toward Moscow....", "web_url": "https://www.nytimes.com/aponline/2017/03/04/world/europe/ap-eu-britain-russia-visit.html", "news_desk": "None"}, {"lead_paragraph": "Team Sky found something to cheer about after a tough week off the road when former world champion Michal Kwiatkowski won the prestigious Strade Bianche classic on Saturday.", "section_name": "Sports", "slideshow_credits": null, "print_page": 0, "subsection_name": "Cycling", "pub_date": "2017-03-04T15:27:28+0000", "type_of_material": "News", "multimedia": [], "_id": "58badcea95d0e024902fd874", "blog": [], "document_type": "article", "headline": {"print_headline": "Team Sky's Kwiatkowski Wins Strade Bianche Classic", "main": "Team Sky's Kwiatkowski Wins Strade Bianche Classic"}, "source": "Reuters", "word_count": 176, "abstract": null, "keywords": [], "byline": {"person": [], "organization": "REUTERS", "original": "By REUTERS"}, "snippet": "Team Sky found something to cheer about after a tough week off the road when former world champion Michal Kwiatkowski won the prestigious Strade Bianche classic on Saturday....", "web_url": "https://www.nytimes.com/reuters/2017/03/04/sports/cycling/04reuters-cycling-strade.html", "news_desk": "None"}, {"lead_paragraph": "Somalia's prime minister said Saturday that 110 people have died from hunger in the past 48 hours in a single region &#8212; the first death toll announced in a severe drought threatening millions of people across the country.", "section_name": "World", "slideshow_credits": null, "print_page": 0, "subsection_name": "Africa", "pub_date": "2017-03-04T15:21:37+0000", "type_of_material": "News", "multimedia": [], "_id": "58badb8595d0e024902fd872", "blog": [], "document_type": "article", "headline": {"print_headline": "Somalia: 110 Dead From Hunger in Past 48 Hours in Drought", "main": "Somalia: 110 Dead From Hunger in Past 48 Hours in Drought"}, "source": "AP", "word_count": 370, "abstract": null, "keywords": [], "byline": {"person": [], "organization": "THE ASSOCIATED PRESS", "original": "By THE ASSOCIATED PRESS"}, "snippet": "Somalia's prime minister said Saturday that 110 people have died from hunger in the past 48 hours in a single region &#8212; the first death toll announced in a severe drought threatening millions of people across the country....", "web_url": "https://www.nytimes.com/aponline/2017/03/04/world/africa/ap-af-somalia-drought.html", "news_desk": "None"}, {"lead_paragraph": "Spanish police say they have arrested 24 members of a Colombian drug ring seeking to establish a network for the wholesale distribution of cocaine.", "section_name": "World", "slideshow_credits": null, "print_page": 0, "subsection_name": "Europe", "pub_date": "2017-03-04T15:21:34+0000", "type_of_material": "News", "multimedia": [], "_id": "58badb8995d0e024902fd873", "blog": [], "document_type": "article", "headline": {"print_headline": "Spanish Police Arrest 24 in Bust of Colombian Cocaine Ring", "main": "Spanish Police Arrest 24 in Bust of Colombian Cocaine Ring"}, "source": "AP", "word_count": 80, "abstract": null, "keywords": [], "byline": {"person": [], "organization": "THE ASSOCIATED PRESS", "original": "By THE ASSOCIATED PRESS"}, "snippet": "Spanish police say they have arrested 24 members of a Colombian drug ring seeking to establish a network for the wholesale distribution of cocaine....", "web_url": "https://www.nytimes.com/aponline/2017/03/04/world/europe/ap-eu-spain-drug-bust.html", "news_desk": "None"}, {"lead_paragraph": "Fabio Capello was always confident his fellow Italian Antonio Conte would be a success as Chelsea manager.    Ahead of the Premier League leaders&#8217; trip to West Ham United on Monday, the former England manager says Conte showed signs during his coaching career in Italy that suggested he was capable of winning the English title.", "section_name": "Sports", "slideshow_credits": null, "print_page": 0, "subsection_name": "Soccer", "pub_date": "2017-03-04T15:09:28+0000", "type_of_material": "News", "multimedia": [], "_id": "58bad8b795d0e024902fd871", "blog": [], "document_type": "article", "headline": {"print_headline": "Capello Not Surprised by Conte's Chelsea Success", "main": "Capello Not Surprised by Conte's Chelsea Success"}, "source": "Reuters", "word_count": 387, "abstract": null, "keywords": [], "byline": {"person": [], "organization": "REUTERS", "original": "By REUTERS"}, "snippet": "Fabio Capello was always confident his fellow Italian Antonio Conte would be a success as Chelsea manager.    Ahead of the Premier League leaders&#8217; trip to West Ham United on Monday, the former England manager says Conte showed signs during h...", "web_url": "https://www.nytimes.com/reuters/2017/03/04/sports/soccer/04reuters-soccer-england-whu-che-capello.html", "news_desk": "None"}, {"lead_paragraph": "Nigeria has filed criminal charges of corruption against oil multinationals Royal Dutch Shell and Eni over the $1.1 billion sale of one of Africa's richest oil blocks.", "section_name": "World", "slideshow_credits": null, "print_page": 0, "subsection_name": "Africa", "pub_date": "2017-03-04T15:06:36+0000", "type_of_material": "News", "multimedia": [], "_id": "58bad80195d0e024902fd870", "blog": [], "document_type": "article", "headline": {"print_headline": "Nigeria Charges Shell, Eni With Corruption in Oil Bloc Sale", "main": "Nigeria Charges Shell, Eni With Corruption in Oil Bloc Sale"}, "source": "AP", "word_count": 495, "abstract": null, "keywords": [], "byline": {"person": [], "organization": "THE ASSOCIATED PRESS", "original": "By THE ASSOCIATED PRESS"}, "snippet": "Nigeria has filed criminal charges of corruption against oil multinationals Royal Dutch Shell and Eni over the $1.1 billion sale of one of Africa's richest oil blocks....", "web_url": "https://www.nytimes.com/aponline/2017/03/04/world/africa/ap-af-nigeria-oil-corruption.html", "news_desk": "None"}, {"lead_paragraph": "- MANCHESTER UNITED 1 BOURNEMOUTH 1 ", "section_name": "Sports", "slideshow_credits": null, "print_page": 0, "subsection_name": "Soccer", "pub_date": "2017-03-04T15:06:29+0000", "type_of_material": "News", "multimedia": [], "_id": "58bad7fd95d0e024902fd86f", "blog": [], "document_type": "article", "headline": {"print_headline": "Wasteful Man United Held to 1-1 Draw by 10-Man Bournemouth", "main": "Wasteful Man United Held to 1-1 Draw by 10-Man Bournemouth"}, "source": "Reuters", "word_count": 406, "abstract": null, "keywords": [], "byline": {"person": [], "organization": "REUTERS", "original": "By REUTERS"}, "snippet": "- MANCHESTER UNITED 1 BOURNEMOUTH 1...", "web_url": "https://www.nytimes.com/reuters/2017/03/04/sports/soccer/04reuters-soccer-england-mun-bou.html", "news_desk": "None"}, {"lead_paragraph": "North Carolina's new Democratic governor and majority Republican legislature are charging at each other in a constitutional game of chicken over their powers, a confrontation that could shape the recent conservative direction of state policies and spending.", "section_name": "U.S.", "slideshow_credits": null, "print_page": 0, "subsection_name": null, "pub_date": "2017-03-04T15:03:37+0000", "type_of_material": "News", "multimedia": [], "_id": "58bad74e95d0e024902fd86e", "blog": [], "document_type": "article", "headline": {"print_headline": "NC Governor, Legislature Head to Court in Power Showdown", "main": "NC Governor, Legislature Head to Court in Power Showdown"}, "source": "AP", "word_count": 543, "abstract": null, "keywords": [], "byline": {"person": [], "organization": "THE ASSOCIATED PRESS", "original": "By THE ASSOCIATED PRESS"}, "snippet": "North Carolina's new Democratic governor and majority Republican legislature are charging at each other in a constitutional game of chicken over their powers, a confrontation that could shape the recent conservative direction of state policies and...", "web_url": "https://www.nytimes.com/aponline/2017/03/04/us/ap-us-north-carolina-governor-.html", "news_desk": "None"}]}}