{"status": "OK", "response": {"docs": [{"subsection_name": "Soccer", "byline": {"organization": "REUTERS", "person": [], "original": "By REUTERS"}, "source": "Reuters", "slideshow_credits": null, "keywords": [], "print_page": 0, "document_type": "article", "multimedia": [], "blog": [], "section_name": "Sports", "word_count": 235, "web_url": "https://www.nytimes.com/reuters/2017/03/04/sports/soccer/04reuters-soccer-africa-fifa.html", "pub_date": "2017-03-04T09:33:29+0000", "lead_paragraph": "Zambia's former African Footballer of the Year Kalusha Bwalya has withdrawn from the race for a place on the FIFA Council less than two weeks before the elections for African representatives.", "type_of_material": "News", "news_desk": "None", "snippet": "Zambia's former African Footballer of the Year Kalusha Bwalya has withdrawn from the race for a place on the FIFA Council less than two weeks before the elections for African representatives....", "_id": "58ba89ef95d0e024902fd81d", "abstract": null, "headline": {"main": "Zambia's Bwalya Pulls Out of FIFA Council Race", "print_headline": "Zambia's Bwalya Pulls Out of FIFA Council Race"}}, {"subsection_name": "Politics", "byline": {"organization": "REUTERS", "person": [], "original": "By REUTERS"}, "source": "Reuters", "slideshow_credits": null, "keywords": [], "print_page": 0, "document_type": "article", "multimedia": [], "blog": [], "section_name": "U.S.", "word_count": 258, "web_url": "https://www.nytimes.com/reuters/2017/03/04/us/politics/04reuters-usa-pence-email-clinton.html", "pub_date": "2017-03-04T09:15:28+0000", "lead_paragraph": "A photo of former presidential candidate Hillary Clinton glancing at a newspaper headline about U.S. Vice President Mike Pence using private email has gone viral on social media, with thousands of people commenting on it.", "type_of_material": "News", "news_desk": "None", "snippet": "A photo of former presidential candidate Hillary Clinton glancing at a newspaper headline about U.S. Vice President Mike Pence using private email has gone viral on social media, with thousands of people commenting on it....", "_id": "58ba85b695d0e024902fd81c", "abstract": null, "headline": {"main": "Snap of Clinton Reading Pence Email Headline Goes Viral", "print_headline": "Snap of Clinton Reading Pence Email Headline Goes Viral"}}, {"subsection_name": null, "byline": {"organization": "REUTERS", "person": [], "original": "By REUTERS"}, "source": "Reuters", "slideshow_credits": null, "keywords": [], "print_page": 0, "document_type": "article", "multimedia": [], "blog": [], "section_name": "Business Day", "word_count": 560, "web_url": "https://www.nytimes.com/reuters/2017/03/04/business/04reuters-opel-m-a-psa.html", "pub_date": "2017-03-04T09:12:29+0000", "lead_paragraph": "France's PSA Group is set to announce a deal to buy Opel from General Motors on Monday after striking an agreement with the U.S. carmaker and winning the blessing of its board for the acquisition.    The maker of Peugeot, Citroen and DS cars said on Saturday it would hold an early Monday press conference with GM, at which the transaction is expected to be presented after Reuters reported that a deal had been struck between the two automakers.", "type_of_material": "News", "news_desk": "None", "snippet": "France's PSA Group is set to announce a deal to buy Opel from General Motors on Monday after striking an agreement with the U.S. carmaker and winning the blessing of its board for the acquisition.    The maker of Peugeot, Citroen and DS cars said ...", "_id": "58ba850195d0e024902fd81b", "abstract": null, "headline": {"main": "Peugeot Poised to Buy GM's Opel, Creating European Car Giant", "print_headline": "Peugeot Poised to Buy GM's Opel, Creating European Car Giant"}}, {"subsection_name": "Golf", "byline": {"organization": "THE ASSOCIATED PRESS", "person": [], "original": "By THE ASSOCIATED PRESS"}, "source": "AP", "slideshow_credits": null, "keywords": [], "print_page": 0, "document_type": "article", "multimedia": [], "blog": [], "section_name": "Sports", "word_count": 404, "web_url": "https://www.nytimes.com/aponline/2017/03/04/sports/golf/ap-glf-lpga-singapore.html", "pub_date": "2017-03-04T09:03:38+0000", "lead_paragraph": "Michelle Wie shot a 5-under 67 Saturday to lead the HSBC Women's Champions tournament by two strokes after the third round.", "type_of_material": "News", "news_desk": "None", "snippet": "Michelle Wie shot a 5-under 67 Saturday to lead the HSBC Women's Champions tournament by two strokes after the third round....", "_id": "58ba82ee95d0e024902fd81a", "abstract": null, "headline": {"main": "Michelle Wie Shoots 67, Takes 2-Shot Lead in Singapore", "print_headline": "Michelle Wie Shoots 67, Takes 2-Shot Lead in Singapore"}}, {"subsection_name": "Middle East", "byline": {"organization": "THE ASSOCIATED PRESS", "person": [], "original": "By THE ASSOCIATED PRESS"}, "source": "AP", "slideshow_credits": null, "keywords": [], "print_page": 0, "document_type": "article", "multimedia": [], "blog": [], "section_name": "World", "word_count": 177, "web_url": "https://www.nytimes.com/aponline/2017/03/04/world/middleeast/ap-ml-iran-air-defense-test.html", "pub_date": "2017-03-04T09:03:36+0000", "lead_paragraph": "Iran successfully test-fired a sophisticated Russian-made air defense system, the official IRNA news agency reported on Saturday.", "type_of_material": "News", "news_desk": "None", "snippet": "Iran successfully test-fired a sophisticated Russian-made air defense system, the official IRNA news agency reported on Saturday....", "_id": "58ba82ed95d0e024902fd819", "abstract": null, "headline": {"main": "Iran Tests Sophisticated Russian-Made Air Defense System", "print_headline": "Iran Tests Sophisticated Russian-Made Air Defense System"}}, {"subsection_name": "Middle East", "byline": {"organization": "REUTERS", "person": [], "original": "By REUTERS"}, "source": "Reuters", "slideshow_credits": null, "keywords": [], "print_page": 0, "document_type": "article", "multimedia": [], "blog": [], "section_name": "World", "word_count": 317, "web_url": "https://www.nytimes.com/reuters/2017/03/04/world/middleeast/04reuters-mideast-crisis-mosul-chemical.html", "pub_date": "2017-03-04T09:00:28+0000", "lead_paragraph": "Twelve people, including women and children, are being treated for possible exposure to chemical weapons agents in Mosul, where Islamic State is fighting off an offensive by U.S.-backed Iraqi forces, the United Nations said on Saturday.", "type_of_material": "News", "news_desk": "None", "snippet": "Twelve people, including women and children, are being treated for possible exposure to chemical weapons agents in Mosul, where Islamic State is fighting off an offensive by U.S.-backed Iraqi forces, the United Nations said on Saturday....", "_id": "58ba823095d0e024902fd818", "abstract": null, "headline": {"main": "Twelve Treated for Chemical Weapons Agents in Mosul Since March 1: U.N.", "print_headline": "Twelve Treated for Chemical Weapons Agents in Mosul Since March 1: U.N."}}, {"subsection_name": null, "byline": {"organization": "THE ASSOCIATED PRESS", "person": [], "original": "By THE ASSOCIATED PRESS"}, "source": "AP", "slideshow_credits": null, "keywords": [], "print_page": 0, "document_type": "article", "multimedia": [], "blog": [], "section_name": "Arts", "word_count": 110, "web_url": "https://www.nytimes.com/aponline/2017/03/04/arts/ap-us-news-shows.html", "pub_date": "2017-03-04T08:39:36+0000", "lead_paragraph": "Guest lineups for the Sunday TV news shows:", "type_of_material": "News", "news_desk": "None", "snippet": "Guest lineups for the Sunday TV news shows:...", "_id": "58ba7d4c95d0e024902fd816", "abstract": null, "headline": {"main": "Guest Lineups for the Sunday News Shows", "print_headline": "Guest Lineups for the Sunday News Shows"}}, {"subsection_name": "Middle East", "byline": {"organization": "THE ASSOCIATED PRESS", "person": [], "original": "By THE ASSOCIATED PRESS"}, "source": "AP", "slideshow_credits": null, "keywords": [], "print_page": 0, "document_type": "article", "multimedia": [], "blog": [], "section_name": "World", "word_count": 519, "web_url": "https://www.nytimes.com/aponline/2017/03/04/world/middleeast/ap-ml-iraq.html", "pub_date": "2017-03-04T08:39:34+0000", "lead_paragraph": "The United Nations warned that the alleged use of chemical weapons in Mosul, if confirmed, would be a war crime and a serious violation of international humanitarian law, according to a statement released Saturday.", "type_of_material": "News", "news_desk": "None", "snippet": "The United Nations warned that the alleged use of chemical weapons in Mosul, if confirmed, would be a war crime and a serious violation of international humanitarian law, according to a statement released Saturday....", "_id": "58ba7d4d95d0e024902fd817", "abstract": null, "headline": {"main": "UN: If Confirmed, Chemical Attacks in Mosul a War Crime", "print_headline": "UN: If Confirmed, Chemical Attacks in Mosul a War Crime"}}, {"subsection_name": "Politics", "byline": {"organization": "THE ASSOCIATED PRESS", "person": [], "original": "By THE ASSOCIATED PRESS"}, "source": "AP", "slideshow_credits": null, "keywords": [], "print_page": 0, "document_type": "article", "multimedia": [], "blog": [], "section_name": "U.S.", "word_count": 488, "web_url": "https://www.nytimes.com/aponline/2017/03/04/us/politics/ap-us-attorney-general-civil-rights.html", "pub_date": "2017-03-04T08:36:40+0000", "lead_paragraph": "Attorney General Jeff Sessions has been on the job less than a month but has already made some civil rights groups nervous by indicating the Justice Department will likely soften its focus on protecting voter rights and monitoring troubled police departments.", "type_of_material": "News", "news_desk": "None", "snippet": "Attorney General Jeff Sessions has been on the job less than a month but has already made some civil rights groups nervous by indicating the Justice Department will likely soften its focus on protecting voter rights and monitoring troubled police ...", "_id": "58ba7c9f95d0e024902fd815", "abstract": null, "headline": {"main": "NAACP Head: Sessions Pledges to Enforce Civil Rights Laws", "print_headline": "NAACP Head: Sessions Pledges to Enforce Civil Rights Laws"}}, {"subsection_name": null, "byline": {"organization": "THE ASSOCIATED PRESS", "person": [], "original": "By THE ASSOCIATED PRESS"}, "source": "AP", "slideshow_credits": null, "keywords": [], "print_page": 0, "document_type": "article", "multimedia": [], "blog": [], "section_name": "U.S.", "word_count": 133, "web_url": "https://www.nytimes.com/aponline/2017/03/04/us/ap-us-trump.html", "pub_date": "2017-03-04T08:36:39+0000", "lead_paragraph": "President Donald Trump is accusing former President Barack Obama of having Trump's telephones \"wire tapped\" during last year's election, but Trump isn't offering any evidence or saying what prompted the allegation.", "type_of_material": "News", "news_desk": "None", "snippet": "President Donald Trump is accusing former President Barack Obama of having Trump's telephones \"wire tapped\" during last year's election, but Trump isn't offering any evidence or saying what prompted the allegation....", "_id": "58ba7c9f95d0e024902fd814", "abstract": null, "headline": {"main": "Trump Alleges Obama Had Trump Phones Wiretapped During Race", "print_headline": "Trump Alleges Obama Had Trump Phones Wiretapped During Race"}}], "meta": {"time": 222, "offset": 1160, "hits": 16085368}}, "copyright": "Copyright (c) 2013 The New York Times Company.  All Rights Reserved."}