{"copyright": "Copyright (c) 2013 The New York Times Company.  All Rights Reserved.", "status": "OK", "response": {"meta": {"offset": 500, "time": 184, "hits": 16085757}, "docs": [{"abstract": null, "pub_date": "2017-03-06T14:30:43+0000", "snippet": "An Ohio community is trying to fight the heroin epidemic by bringing a misdemeanor charge against drug users who are revived by emergency responders using an overdose antidote....", "web_url": "https://www.nytimes.com/aponline/2017/03/06/us/ap-us-charging-overdose-survivors.html", "document_type": "article", "headline": {"print_headline": "Overdose Survivors in This Ohio City Face Misdemeanor Charge", "main": "Overdose Survivors in This Ohio City Face Misdemeanor Charge"}, "subsection_name": null, "byline": {"organization": "THE ASSOCIATED PRESS", "person": [], "original": "By THE ASSOCIATED PRESS"}, "section_name": "U.S.", "print_page": 0, "keywords": [], "news_desk": "None", "blog": [], "_id": "58bd729895d0e024902fdc3c", "multimedia": [], "source": "AP", "word_count": 227, "lead_paragraph": "An Ohio community is trying to fight the heroin epidemic by bringing a misdemeanor charge against drug users who are revived by emergency responders using an overdose antidote.", "type_of_material": "News", "slideshow_credits": null}, {"abstract": null, "pub_date": "2017-03-06T14:30:43+0000", "snippet": "The head of the U.N. agency monitoring the Iran nuclear deal says he emphasized the benefits of the pact in a meeting with U.S. Secretary of State Rex Tillerson and says he is confident his message was heard....", "web_url": "https://www.nytimes.com/aponline/2017/03/06/world/middleeast/ap-iran-nuclear-.html", "document_type": "article", "headline": {"print_headline": "UN Atomic Chief Expects US Cooperation on Iran Nuke Pact", "main": "UN Atomic Chief Expects US Cooperation on Iran Nuke Pact"}, "subsection_name": "Middle East", "byline": {"organization": "THE ASSOCIATED PRESS", "person": [], "original": "By THE ASSOCIATED PRESS"}, "section_name": "World", "print_page": 0, "keywords": [], "news_desk": "None", "blog": [], "_id": "58bd729895d0e024902fdc3d", "multimedia": [], "source": "AP", "word_count": 132, "lead_paragraph": "The head of the U.N. agency monitoring the Iran nuclear deal says he emphasized the benefits of the pact in a meeting with U.S. Secretary of State Rex Tillerson and says he is confident his message was heard.", "type_of_material": "News", "slideshow_credits": null}, {"abstract": null, "pub_date": "2017-03-06T14:30:39+0000", "snippet": "Authorities in New York say a man threw gasoline on his wife and set her on fire during an argument, killing her....", "web_url": "https://www.nytimes.com/aponline/2017/03/06/us/ap-us-wife-set-on-fire.html", "document_type": "article", "headline": {"print_headline": "Cops: Man Threw Gas on Wife and Set Her on Fire, Killing Her", "main": "Cops: Man Threw Gas on Wife and Set Her on Fire, Killing Her"}, "subsection_name": null, "byline": {"organization": "THE ASSOCIATED PRESS", "person": [], "original": "By THE ASSOCIATED PRESS"}, "section_name": "U.S.", "print_page": 0, "keywords": [], "news_desk": "None", "blog": [], "_id": "58bd729795d0e024902fdc3b", "multimedia": [], "source": "AP", "word_count": 131, "lead_paragraph": "Authorities in New York say a man threw gasoline on his wife and set her on fire during an argument, killing her.", "type_of_material": "News", "slideshow_credits": null}, {"abstract": null, "pub_date": "2017-03-06T14:30:37+0000", "snippet": "Authorities say nine children who were left unattended in a dirty Chicago home have been taken to a hospital to be evaluated as a precaution....", "web_url": "https://www.nytimes.com/aponline/2017/03/06/us/ap-us-unattended-children-chicago.html", "document_type": "article", "headline": {"print_headline": "Authorities Remove 9 Unattended Children From Chicago Home", "main": "Authorities Remove 9 Unattended Children From Chicago Home"}, "subsection_name": null, "byline": {"organization": "THE ASSOCIATED PRESS", "person": [], "original": "By THE ASSOCIATED PRESS"}, "section_name": "U.S.", "print_page": 0, "keywords": [], "news_desk": "None", "blog": [], "_id": "58bd729295d0e024902fdc3a", "multimedia": [], "source": "AP", "word_count": 132, "lead_paragraph": "Authorities say nine children who were left unattended in a dirty Chicago home have been taken to a hospital to be evaluated as a precaution.", "type_of_material": "News", "slideshow_credits": null}, {"abstract": null, "pub_date": "2017-03-06T14:30:27+0000", "snippet": "Hotels group Marriott International is planning to speed up the expansion of brands acquired in the takeover of rival Starwood, and is not ruling out further additions to its portfolio, its chief executive said on Monday....", "web_url": "https://www.nytimes.com/reuters/2017/03/06/business/06reuters-europe-tourism-marriott-intnl.html", "document_type": "article", "headline": {"print_headline": "Marriott to Speed Up Expansion of Starwood Brands: CEO", "main": "Marriott to Speed Up Expansion of Starwood Brands: CEO"}, "subsection_name": null, "byline": {"organization": "REUTERS", "person": [], "original": "By REUTERS"}, "section_name": "Business Day", "print_page": 0, "keywords": [], "news_desk": "None", "blog": [], "_id": "58bd728a95d0e024902fdc39", "multimedia": [], "source": "Reuters", "word_count": 395, "lead_paragraph": "Hotels group Marriott International is planning to speed up the expansion of brands acquired in the takeover of rival Starwood, and is not ruling out further additions to its portfolio, its chief executive said on Monday. ", "type_of_material": "News", "slideshow_credits": null}, {"abstract": null, "pub_date": "2017-03-06T14:27:29+0000", "snippet": "Workers at Venezuelan steelmaker Sidor are planting sunflowers and vegetables on company premises to ease a national food deficit as steel output has almost ground to a halt nine years after the company was taken over by the government....", "web_url": "https://www.nytimes.com/reuters/2017/03/06/world/americas/06reuters-venezuela-steel.html", "document_type": "article", "headline": {"print_headline": "Struggling to Smelt, Venezuela State-Run Steelmaker Grows Sunflowers, Crops", "main": "Struggling to Smelt, Venezuela State-Run Steelmaker Grows Sunflowers, Crops"}, "subsection_name": "Americas", "byline": {"organization": "REUTERS", "person": [], "original": "By REUTERS"}, "section_name": "World", "print_page": 0, "keywords": [], "news_desk": "None", "blog": [], "_id": "58bd71d795d0e024902fdc38", "multimedia": [], "source": "Reuters", "word_count": 369, "lead_paragraph": "Workers at Venezuelan steelmaker Sidor are planting sunflowers and vegetables on company premises to ease a national food deficit as steel output has almost ground to a halt nine years after the company was taken over by the government.", "type_of_material": "News", "slideshow_credits": null}, {"abstract": null, "pub_date": "2017-03-06T14:27:27+0000", "snippet": "EFG Hermes expects a deal for its renewable energy platform Vortex to buy a portfolio of solar power assets in Britain for 470 million pounds from Sun Edison's Terraforma (TERP.O) to close in May or June, a senior executive said on Monday....", "web_url": "https://www.nytimes.com/reuters/2017/03/06/business/06reuters-efg-hermes-uk-renewables.html", "document_type": "article", "headline": {"print_headline": "EFG Hermes Expects to Seal 470 Million Pounds Deal to Buy UK Solar Assets by June", "main": "EFG Hermes Expects to Seal 470 Million Pounds Deal to Buy UK Solar Assets by June"}, "subsection_name": null, "byline": {"organization": "REUTERS", "person": [], "original": "By REUTERS"}, "section_name": "Business Day", "print_page": 0, "keywords": [], "news_desk": "None", "blog": [], "_id": "58bd71d495d0e024902fdc37", "multimedia": [], "source": "Reuters", "word_count": 251, "lead_paragraph": "EFG Hermes expects a deal for its renewable energy platform Vortex to buy a portfolio of solar power assets in Britain for 470 million pounds from Sun Edison's Terraforma (TERP.O) to close in May or June, a senior executive said on Monday.", "type_of_material": "News", "slideshow_credits": null}, {"abstract": null, "pub_date": "2017-03-06T14:24:38+0000", "snippet": "Magical adventure \"Harry Potter and the Cursed Child\" leads the race for British theater's Olivier Awards , with nominations in 11 categories including best new play....", "web_url": "https://www.nytimes.com/aponline/2017/03/06/arts/ap-eu-britain-theater-awards.html", "document_type": "article", "headline": {"print_headline": "Harry Potter Play Gets 11 Olivier Awards Nominations", "main": "Harry Potter Play Gets 11 Olivier Awards Nominations"}, "subsection_name": null, "byline": {"organization": "THE ASSOCIATED PRESS", "person": [], "original": "By THE ASSOCIATED PRESS"}, "section_name": "Arts", "print_page": 0, "keywords": [], "news_desk": "None", "blog": [], "_id": "58bd712d95d0e024902fdc36", "multimedia": [], "source": "AP", "word_count": 182, "lead_paragraph": "Magical adventure \"Harry Potter and the Cursed Child\" leads the race for British theater's Olivier Awards , with nominations in 11 categories including best new play.", "type_of_material": "News", "slideshow_credits": null}, {"abstract": null, "pub_date": "2017-03-06T14:24:35+0000", "snippet": "Local officials in Britain have refused to renew the license of a zoo where nearly 500 animals have died in the last four years....", "web_url": "https://www.nytimes.com/aponline/2017/03/06/world/europe/ap-eu-britain-zoo-rejected.html", "document_type": "article", "headline": {"print_headline": "UK Zoo Gets License Rejected After Hundreds of Animal Deaths", "main": "UK Zoo Gets License Rejected After Hundreds of Animal Deaths"}, "subsection_name": "Europe", "byline": {"organization": "THE ASSOCIATED PRESS", "person": [], "original": "By THE ASSOCIATED PRESS"}, "section_name": "World", "print_page": 0, "keywords": [], "news_desk": "None", "blog": [], "_id": "58bd712795d0e024902fdc35", "multimedia": [], "source": "AP", "word_count": 108, "lead_paragraph": "Local officials in Britain have refused to renew the license of a zoo where nearly 500 animals have died in the last four years.", "type_of_material": "News", "slideshow_credits": null}, {"abstract": null, "pub_date": "2017-03-06T14:24:29+0000", "snippet": "Talks to save Northern Ireland's devolved government ran straight into an obstacle on Monday as Democratic Unionist Party (DUP) leader Arlene Foster resisted renewed demands by Irish nationalist party Sinn Fein not to return as first minister....", "web_url": "https://www.nytimes.com/reuters/2017/03/06/world/europe/06reuters-nireland-politics.html", "document_type": "article", "headline": {"print_headline": "DUP's Foster Resists Sinn Fein Calls to Go as Northern Ireland Talks Begin", "main": "DUP's Foster Resists Sinn Fein Calls to Go as Northern Ireland Talks Begin"}, "subsection_name": "Europe", "byline": {"organization": "REUTERS", "person": [], "original": "By REUTERS"}, "section_name": "World", "print_page": 0, "keywords": [], "news_desk": "None", "blog": [], "_id": "58bd712495d0e024902fdc34", "multimedia": [], "source": "Reuters", "word_count": 506, "lead_paragraph": "Talks to save Northern Ireland's devolved government ran straight into an obstacle on Monday as Democratic Unionist Party (DUP) leader Arlene Foster resisted renewed demands by Irish nationalist party Sinn Fein not to return as first minister.", "type_of_material": "News", "slideshow_credits": null}]}}