{"status": "OK", "copyright": "Copyright (c) 2013 The New York Times Company.  All Rights Reserved.", "response": {"meta": {"hits": 16084808, "time": 159, "offset": 290}, "docs": [{"lead_paragraph": "John Klingberg scored the winning goal with 1:07 left and the Dallas Stars beat the Florida Panthers 2-1 on Saturday night.", "section_name": "Sports", "slideshow_credits": null, "print_page": 0, "subsection_name": "Hockey", "pub_date": "2017-03-05T02:45:45+0000", "type_of_material": "News", "multimedia": [], "_id": "58bb7bde95d0e024902fd957", "blog": [], "document_type": "article", "headline": {"print_headline": "Klingberg's Late Goal Lifts Stars Over Panthers 2-1", "main": "Klingberg's Late Goal Lifts Stars Over Panthers 2-1"}, "source": "AP", "word_count": 305, "abstract": null, "keywords": [], "byline": {"person": [], "organization": "THE ASSOCIATED PRESS", "original": "By THE ASSOCIATED PRESS"}, "snippet": "John Klingberg scored the winning goal with 1:07 left and the Dallas Stars beat the Florida Panthers 2-1 on Saturday night....", "web_url": "https://www.nytimes.com/aponline/2017/03/04/sports/hockey/ap-hkn-stars-panthers.html", "news_desk": "None"}, {"lead_paragraph": "Carey Price and the Montreal Canadiens showed off their resurgent form under coach Claude Julien with a big Eastern Conference win.", "section_name": "Sports", "slideshow_credits": null, "print_page": 0, "subsection_name": "Hockey", "pub_date": "2017-03-05T02:45:43+0000", "type_of_material": "News", "multimedia": [], "_id": "58bb7bde95d0e024902fd958", "blog": [], "document_type": "article", "headline": {"print_headline": "Canadiens Pound Rangers 4-1, Extend Winning Streak to 5", "main": "Canadiens Pound Rangers 4-1, Extend Winning Streak to 5"}, "source": "AP", "word_count": 719, "abstract": null, "keywords": [], "byline": {"person": [], "organization": "THE ASSOCIATED PRESS", "original": "By THE ASSOCIATED PRESS"}, "snippet": "Carey Price and the Montreal Canadiens showed off their resurgent form under coach Claude Julien with a big Eastern Conference win....", "web_url": "https://www.nytimes.com/aponline/2017/03/04/sports/hockey/ap-hkn-canadiens-rangers.html", "news_desk": "None"}, {"lead_paragraph": "Sushi in Pyongyang? At a restaurant run by a Japanese sushi chef famous for working for North Korea's late leader Kim Jong Il?", "section_name": "World", "slideshow_credits": null, "print_page": 0, "subsection_name": "Asia Pacific", "pub_date": "2017-03-05T02:42:56+0000", "type_of_material": "News", "multimedia": [], "_id": "58bb7b3b95d0e024902fd956", "blog": [], "document_type": "article", "headline": {"print_headline": "Sushi in Pyongyang: Japanese Chef Opens Rare Restaurant", "main": "Sushi in Pyongyang: Japanese Chef Opens Rare Restaurant"}, "source": "AP", "word_count": 428, "abstract": null, "keywords": [], "byline": {"person": [], "organization": "THE ASSOCIATED PRESS", "original": "By THE ASSOCIATED PRESS"}, "snippet": "Sushi in Pyongyang? At a restaurant run by a Japanese sushi chef famous for working for North Korea's late leader Kim Jong Il?...", "web_url": "https://www.nytimes.com/aponline/2017/03/04/world/asia/ap-as-nkorea-sushi-restaurant.html", "news_desk": "None"}, {"lead_paragraph": "No. 6 Mississippi State seems to break new ground each time it steps on the court. It gets another chance to accomplish that Sunday.", "section_name": "Sports", "slideshow_credits": null, "print_page": 0, "subsection_name": "College Basketball", "pub_date": "2017-03-05T02:36:56+0000", "type_of_material": "News", "multimedia": [], "_id": "58bb79cd95d0e024902fd955", "blog": [], "document_type": "article", "headline": {"print_headline": "Dillingham Leads No. 6 Mississippi State Past Texas A&M", "main": "Dillingham Leads No. 6 Mississippi State Past Texas A&M"}, "source": "AP", "word_count": 689, "abstract": null, "keywords": [], "byline": {"person": [], "organization": "THE ASSOCIATED PRESS", "original": "By THE ASSOCIATED PRESS"}, "snippet": "No. 6 Mississippi State seems to break new ground each time it steps on the court. It gets another chance to accomplish that Sunday....", "web_url": "https://www.nytimes.com/aponline/2017/03/04/sports/ncaabasketball/ap-bkw-t25-sec-texas-am-mississippi-st.html", "news_desk": "None"}, {"lead_paragraph": "Philippine soldiers have found the remains of a German man who was beheaded by Islamic State-linked Abu Sayyaf militants last week, a military official said late on Saturday, ", "section_name": "World", "slideshow_credits": null, "print_page": 0, "subsection_name": "Europe", "pub_date": "2017-03-05T02:33:28+0000", "type_of_material": "News", "multimedia": [], "_id": "58bb78fd95d0e024902fd954", "blog": [], "document_type": "article", "headline": {"print_headline": "Philippine Troops Recover Remains of Beheaded German Hostage", "main": "Philippine Troops Recover Remains of Beheaded German Hostage"}, "source": "Reuters", "word_count": 254, "abstract": null, "keywords": [], "byline": {"person": [], "organization": "REUTERS", "original": "By REUTERS"}, "snippet": "Philippine soldiers have found the remains of a German man who was beheaded by Islamic State-linked Abu Sayyaf militants last week, a military official said late on Saturday,...", "web_url": "https://www.nytimes.com/reuters/2017/03/04/world/europe/04reuters-philippines-militants-german.html", "news_desk": "None"}, {"lead_paragraph": "Duke guard Grayson Allen has received a technical foul for elbowing North Carolina guard Brandon Robinson in the face late in the first half of Saturday night's rivalry game.", "section_name": "Sports", "slideshow_credits": null, "print_page": 0, "subsection_name": "College Basketball", "pub_date": "2017-03-05T02:27:46+0000", "type_of_material": "News", "multimedia": [], "_id": "58bb77ac95d0e024902fd953", "blog": [], "document_type": "article", "headline": {"print_headline": "Duke's Allen Receives T for Elbowing UNC's Robinson in Face", "main": "Duke's Allen Receives T for Elbowing UNC's Robinson in Face"}, "source": "AP", "word_count": 131, "abstract": null, "keywords": [], "byline": {"person": [], "organization": "THE ASSOCIATED PRESS", "original": "By THE ASSOCIATED PRESS"}, "snippet": "Duke guard Grayson Allen has received a technical foul for elbowing North Carolina guard Brandon Robinson in the face late in the first half of Saturday night's rivalry game....", "web_url": "https://www.nytimes.com/aponline/2017/03/04/sports/ncaabasketball/ap-bkc-t25-duke-allens-technical.html", "news_desk": "None"}, {"lead_paragraph": "Bill Hamid made five saves, including one late against Dom Dwyer, to help D.C. United tie Sporting Kansas City 0-0 on Saturday night in team's last Major League Soccer home opener at RFK Stadium.", "section_name": "Sports", "slideshow_credits": null, "print_page": 0, "subsection_name": "Soccer", "pub_date": "2017-03-05T02:24:46+0000", "type_of_material": "News", "multimedia": [], "_id": "58bb76f795d0e024902fd952", "blog": [], "document_type": "article", "headline": {"print_headline": "DC United Ties Sporting Kansas City 0-0 in Last RFK Opener", "main": "DC United Ties Sporting Kansas City 0-0 in Last RFK Opener"}, "source": "AP", "word_count": 159, "abstract": null, "keywords": [], "byline": {"person": [], "organization": "THE ASSOCIATED PRESS", "original": "By THE ASSOCIATED PRESS"}, "snippet": "Bill Hamid made five saves, including one late against Dom Dwyer, to help D.C. United tie Sporting Kansas City 0-0 on Saturday night in team's last Major League Soccer home opener at RFK Stadium....", "web_url": "https://www.nytimes.com/aponline/2017/03/04/sports/soccer/bc-soc-mls-sporting-kc-dc-united.html", "news_desk": "None"}, {"lead_paragraph": "Corrections appearing in print on Sunday, March 5, 2017.", "section_name": "Corrections", "slideshow_credits": null, "print_page": 4, "subsection_name": null, "pub_date": "2017-03-05T02:14:35+0000", "type_of_material": "Correction", "multimedia": [], "_id": "58bb749095d0e024902fd951", "blog": [], "document_type": "article", "headline": {"print_headline": "Corrections", "main": "Corrections: March 5, 2017"}, "source": "The New York Times", "word_count": 385, "abstract": null, "keywords": [], "byline": [], "snippet": "Corrections appearing in print on Sunday, March 5, 2017....", "web_url": "https://www.nytimes.com/2017/03/04/pageoneplus/corrections-march-5-2017.html", "news_desk": "Corrections"}, {"lead_paragraph": "South Korea's trade minister said on Sunday the government's responses against discriminating action by China towards South Korean companies will be strengthened and he feels \"deep concern\" over recent measures taken by Beijing.", "section_name": "Business Day", "slideshow_credits": null, "print_page": 0, "subsection_name": null, "pub_date": "2017-03-05T02:06:29+0000", "type_of_material": "News", "multimedia": [], "_id": "58bb72ac95d0e024902fd950", "blog": [], "document_type": "article", "headline": {"print_headline": "South Korea Says to Act Against China's Discrimination Against South Korean Firms", "main": "South Korea Says to Act Against China's Discrimination Against South Korean Firms"}, "source": "Reuters", "word_count": 335, "abstract": null, "keywords": [], "byline": {"person": [], "organization": "REUTERS", "original": "By REUTERS"}, "snippet": "South Korea's trade minister said on Sunday the government's responses against discriminating action by China towards South Korean companies will be strengthened and he feels \"deep concern\" over recent measures taken by Beijing....", "web_url": "https://www.nytimes.com/reuters/2017/03/04/business/04reuters-southkorea-china.html", "news_desk": "None"}, {"lead_paragraph": "Dominique Badji scored, Zac McMath made three saves and the Colorado Rapids beat the New England Revolution 1-0 on Saturday night in the season opener for both teams.", "section_name": "Sports", "slideshow_credits": null, "print_page": 0, "subsection_name": "Soccer", "pub_date": "2017-03-05T02:03:39+0000", "type_of_material": "News", "multimedia": [], "_id": "58bb720195d0e024902fd94f", "blog": [], "document_type": "article", "headline": {"print_headline": "Badji, McMath Lead Rapids to 1-0 Win Over Revolution", "main": "Badji, McMath Lead Rapids to 1-0 Win Over Revolution"}, "source": "AP", "word_count": 161, "abstract": null, "keywords": [], "byline": {"person": [], "organization": "THE ASSOCIATED PRESS", "original": "By THE ASSOCIATED PRESS"}, "snippet": "Dominique Badji scored, Zac McMath made three saves and the Colorado Rapids beat the New England Revolution 1-0 on Saturday night in the season opener for both teams....", "web_url": "https://www.nytimes.com/aponline/2017/03/04/sports/soccer/bc-soc-mls-revolution-rapids.html", "news_desk": "None"}]}}