{"status": "OK", "copyright": "Copyright (c) 2013 The New York Times Company.  All Rights Reserved.", "response": {"meta": {"hits": 16084813, "time": 194, "offset": 290}, "docs": [{"lead_paragraph": "Austrian Chancellor Christian Kern on Sunday called for a European Union-wide ban on campaign appearances by Turkish politicians to avoid having individual member countries like Germany come under pressure from Ankara.", "section_name": "World", "slideshow_credits": null, "print_page": 0, "subsection_name": "Europe", "pub_date": "2017-03-05T03:09:27+0000", "type_of_material": "News", "multimedia": [], "_id": "58bb816c95d0e024902fd95d", "blog": [], "document_type": "article", "headline": {"print_headline": "Austrian Chancellor Calls for EU-Wide Ban on Turkish Campaigning", "main": "Austrian Chancellor Calls for EU-Wide Ban on Turkish Campaigning"}, "source": "Reuters", "word_count": 284, "abstract": null, "keywords": [], "byline": {"person": [], "organization": "REUTERS", "original": "By REUTERS"}, "snippet": "Austrian Chancellor Christian Kern on Sunday called for a European Union-wide ban on campaign appearances by Turkish politicians to avoid having individual member countries like Germany come under pressure from Ankara....", "web_url": "https://www.nytimes.com/reuters/2017/03/04/world/europe/04reuters-turkey-security-austria.html", "news_desk": "None"}, {"lead_paragraph": "The Ottawa Senators got a tough contest from one of the league's best teams and had enough to come out the winners.", "section_name": "Sports", "slideshow_credits": null, "print_page": 0, "subsection_name": "Hockey", "pub_date": "2017-03-05T03:06:38+0000", "type_of_material": "News", "multimedia": [], "_id": "58bb80c295d0e024902fd95c", "blog": [], "document_type": "article", "headline": {"print_headline": "Smith Scores Short-Handed to Lift Senators Over Jackets 3-2", "main": "Smith Scores Short-Handed to Lift Senators Over Jackets 3-2"}, "source": "AP", "word_count": 498, "abstract": null, "keywords": [], "byline": {"person": [], "organization": "THE ASSOCIATED PRESS", "original": "By THE ASSOCIATED PRESS"}, "snippet": "The Ottawa Senators got a tough contest from one of the league's best teams and had enough to come out the winners....", "web_url": "https://www.nytimes.com/aponline/2017/03/04/sports/hockey/ap-hkn-blue-jackets-senators.html", "news_desk": "None"}, {"lead_paragraph": "The Boston Bruins had a goal pulled off the board and allowed a tying one seconds after a weird stoppage.", "section_name": "Sports", "slideshow_credits": null, "print_page": 0, "subsection_name": "Hockey", "pub_date": "2017-03-05T02:54:43+0000", "type_of_material": "News", "multimedia": [], "_id": "58bb7df995d0e024902fd95b", "blog": [], "document_type": "article", "headline": {"print_headline": "Surging Bruins Edge Devils 3-2 on Spooner's Goal", "main": "Surging Bruins Edge Devils 3-2 on Spooner's Goal"}, "source": "AP", "word_count": 622, "abstract": null, "keywords": [], "byline": {"person": [], "organization": "THE ASSOCIATED PRESS", "original": "By THE ASSOCIATED PRESS"}, "snippet": "The Boston Bruins had a goal pulled off the board and allowed a tying one seconds after a weird stoppage....", "web_url": "https://www.nytimes.com/aponline/2017/03/04/sports/hockey/ap-hkn-devils-bruins.html", "news_desk": "None"}, {"lead_paragraph": "Myles Garrett might be a nice guy off the football field.", "section_name": "Sports", "slideshow_credits": null, "print_page": 0, "subsection_name": "Pro Football", "pub_date": "2017-03-05T02:51:42+0000", "type_of_material": "News", "multimedia": [], "_id": "58bb7d4495d0e024902fd95a", "blog": [], "document_type": "article", "headline": {"print_headline": "Strong Class of Pass Rushers Could Go Quickly in NFL Draft", "main": "Strong Class of Pass Rushers Could Go Quickly in NFL Draft"}, "source": "AP", "word_count": 765, "abstract": null, "keywords": [], "byline": {"person": [], "organization": "THE ASSOCIATED PRESS", "original": "By THE ASSOCIATED PRESS"}, "snippet": "Myles Garrett might be a nice guy off the football field....", "web_url": "https://www.nytimes.com/aponline/2017/03/04/sports/football/ap-fbn-nfl-combine-pass-rushing-run.html", "news_desk": "None"}, {"lead_paragraph": "This is why they call Erickson Lubin \"Hammer Time.\"", "section_name": "Sports", "slideshow_credits": null, "print_page": 0, "subsection_name": null, "pub_date": "2017-03-05T02:48:49+0000", "type_of_material": "News", "multimedia": [], "_id": "58bb7c9a95d0e024902fd959", "blog": [], "document_type": "article", "headline": {"print_headline": "Hammer Time: Lubin Remains Unbeaten With KO of Cota", "main": "Hammer Time: Lubin Remains Unbeaten With KO of Cota"}, "source": "AP", "word_count": 349, "abstract": null, "keywords": [], "byline": {"person": [], "organization": "THE ASSOCIATED PRESS", "original": "By THE ASSOCIATED PRESS"}, "snippet": "This is why they call Erickson Lubin \"Hammer Time.\"...", "web_url": "https://www.nytimes.com/aponline/2017/03/04/sports/ap-box-thurman-garcia-undercard.html", "news_desk": "None"}, {"lead_paragraph": "John Klingberg scored the winning goal with 1:07 left and the Dallas Stars beat the Florida Panthers 2-1 on Saturday night.", "section_name": "Sports", "slideshow_credits": null, "print_page": 0, "subsection_name": "Hockey", "pub_date": "2017-03-05T02:45:45+0000", "type_of_material": "News", "multimedia": [], "_id": "58bb7bde95d0e024902fd957", "blog": [], "document_type": "article", "headline": {"print_headline": "Klingberg's Late Goal Lifts Stars Over Panthers 2-1", "main": "Klingberg's Late Goal Lifts Stars Over Panthers 2-1"}, "source": "AP", "word_count": 305, "abstract": null, "keywords": [], "byline": {"person": [], "organization": "THE ASSOCIATED PRESS", "original": "By THE ASSOCIATED PRESS"}, "snippet": "John Klingberg scored the winning goal with 1:07 left and the Dallas Stars beat the Florida Panthers 2-1 on Saturday night....", "web_url": "https://www.nytimes.com/aponline/2017/03/04/sports/hockey/ap-hkn-stars-panthers.html", "news_desk": "None"}, {"lead_paragraph": "Carey Price and the Montreal Canadiens showed off their resurgent form under coach Claude Julien with a big Eastern Conference win.", "section_name": "Sports", "slideshow_credits": null, "print_page": 0, "subsection_name": "Hockey", "pub_date": "2017-03-05T02:45:43+0000", "type_of_material": "News", "multimedia": [], "_id": "58bb7bde95d0e024902fd958", "blog": [], "document_type": "article", "headline": {"print_headline": "Canadiens Pound Rangers 4-1, Extend Winning Streak to 5", "main": "Canadiens Pound Rangers 4-1, Extend Winning Streak to 5"}, "source": "AP", "word_count": 719, "abstract": null, "keywords": [], "byline": {"person": [], "organization": "THE ASSOCIATED PRESS", "original": "By THE ASSOCIATED PRESS"}, "snippet": "Carey Price and the Montreal Canadiens showed off their resurgent form under coach Claude Julien with a big Eastern Conference win....", "web_url": "https://www.nytimes.com/aponline/2017/03/04/sports/hockey/ap-hkn-canadiens-rangers.html", "news_desk": "None"}, {"lead_paragraph": "Sushi in Pyongyang? At a restaurant run by a Japanese sushi chef famous for working for North Korea's late leader Kim Jong Il?", "section_name": "World", "slideshow_credits": null, "print_page": 0, "subsection_name": "Asia Pacific", "pub_date": "2017-03-05T02:42:56+0000", "type_of_material": "News", "multimedia": [], "_id": "58bb7b3b95d0e024902fd956", "blog": [], "document_type": "article", "headline": {"print_headline": "Sushi in Pyongyang: Japanese Chef Opens Rare Restaurant", "main": "Sushi in Pyongyang: Japanese Chef Opens Rare Restaurant"}, "source": "AP", "word_count": 428, "abstract": null, "keywords": [], "byline": {"person": [], "organization": "THE ASSOCIATED PRESS", "original": "By THE ASSOCIATED PRESS"}, "snippet": "Sushi in Pyongyang? At a restaurant run by a Japanese sushi chef famous for working for North Korea's late leader Kim Jong Il?...", "web_url": "https://www.nytimes.com/aponline/2017/03/04/world/asia/ap-as-nkorea-sushi-restaurant.html", "news_desk": "None"}, {"lead_paragraph": "No. 6 Mississippi State seems to break new ground each time it steps on the court. It gets another chance to accomplish that Sunday.", "section_name": "Sports", "slideshow_credits": null, "print_page": 0, "subsection_name": "College Basketball", "pub_date": "2017-03-05T02:36:56+0000", "type_of_material": "News", "multimedia": [], "_id": "58bb79cd95d0e024902fd955", "blog": [], "document_type": "article", "headline": {"print_headline": "Dillingham Leads No. 6 Mississippi State Past Texas A&M", "main": "Dillingham Leads No. 6 Mississippi State Past Texas A&M"}, "source": "AP", "word_count": 689, "abstract": null, "keywords": [], "byline": {"person": [], "organization": "THE ASSOCIATED PRESS", "original": "By THE ASSOCIATED PRESS"}, "snippet": "No. 6 Mississippi State seems to break new ground each time it steps on the court. It gets another chance to accomplish that Sunday....", "web_url": "https://www.nytimes.com/aponline/2017/03/04/sports/ncaabasketball/ap-bkw-t25-sec-texas-am-mississippi-st.html", "news_desk": "None"}, {"lead_paragraph": "Philippine soldiers have found the remains of a German man who was beheaded by Islamic State-linked Abu Sayyaf militants last week, a military official said late on Saturday, ", "section_name": "World", "slideshow_credits": null, "print_page": 0, "subsection_name": "Europe", "pub_date": "2017-03-05T02:33:28+0000", "type_of_material": "News", "multimedia": [], "_id": "58bb78fd95d0e024902fd954", "blog": [], "document_type": "article", "headline": {"print_headline": "Philippine Troops Recover Remains of Beheaded German Hostage", "main": "Philippine Troops Recover Remains of Beheaded German Hostage"}, "source": "Reuters", "word_count": 254, "abstract": null, "keywords": [], "byline": {"person": [], "organization": "REUTERS", "original": "By REUTERS"}, "snippet": "Philippine soldiers have found the remains of a German man who was beheaded by Islamic State-linked Abu Sayyaf militants last week, a military official said late on Saturday,...", "web_url": "https://www.nytimes.com/reuters/2017/03/04/world/europe/04reuters-philippines-militants-german.html", "news_desk": "None"}]}}