{"copyright": "Copyright (c) 2013 The New York Times Company.  All Rights Reserved.", "response": {"meta": {"time": 189, "hits": 16084461, "offset": 190}, "docs": [{"keywords": [], "word_count": 177, "web_url": "https://www.nytimes.com/reuters/2017/03/04/business/04reuters-aberdeen-asset-m-a-standard-life.html", "news_desk": "None", "slideshow_credits": null, "pub_date": "2017-03-04T14:42:27+0000", "subsection_name": null, "lead_paragraph": "Scottish fund manager Aberdeen Asset Management is exploring possible options for a tie-up with insurer Standard Life, Sky News reported on Saturday, in a deal which could total 11 billion pounds. ", "abstract": null, "headline": {"main": "Aberdeen Exploring Options for Tie-Up With Standard Life-Sky", "print_headline": "Aberdeen Exploring Options for Tie-Up With Standard Life-Sky"}, "type_of_material": "News", "blog": [], "document_type": "article", "source": "Reuters", "print_page": 0, "snippet": "Scottish fund manager Aberdeen Asset Management is exploring possible options for a tie-up with insurer Standard Life, Sky News reported on Saturday, in a deal which could total 11 billion pounds....", "byline": {"original": "By REUTERS", "person": [], "organization": "REUTERS"}, "section_name": "Business Day", "multimedia": [], "_id": "58bad26095d0e024902fd864"}, {"keywords": [], "word_count": 480, "web_url": "https://www.nytimes.com/aponline/2017/03/04/us/ap-us-tv-schwarzenegger-apprentice.html", "news_desk": "None", "slideshow_credits": null, "pub_date": "2017-03-04T14:36:36+0000", "subsection_name": null, "lead_paragraph": "In typical Donald Trump fashion, the president tweeted Saturday that his replacement at the \"The New Celebrity Apprentice\" reality television show is to blame for its poor ratings and not, as Arnold Schwarzenegger says, Trump's continued involvement with the show.", "abstract": null, "headline": {"main": "Trump: Not to Blame for 'Sad End' to 'Celebrity Apprentice'", "print_headline": "Trump: Not to Blame for 'Sad End' to 'Celebrity Apprentice'"}, "type_of_material": "News", "blog": [], "document_type": "article", "source": "AP", "print_page": 0, "snippet": "In typical Donald Trump fashion, the president tweeted Saturday that his replacement at the \"The New Celebrity Apprentice\" reality television show is to blame for its poor ratings and not, as Arnold Schwarzenegger says, Trump's continued involveme...", "byline": {"original": "By THE ASSOCIATED PRESS", "person": [], "organization": "THE ASSOCIATED PRESS"}, "section_name": "U.S.", "multimedia": [], "_id": "58bad0f995d0e024902fd863"}, {"keywords": [], "word_count": 986, "web_url": "https://www.nytimes.com/aponline/2017/03/04/us/ap-us-immigration-courts.html", "news_desk": "None", "slideshow_credits": null, "pub_date": "2017-03-04T14:33:35+0000", "subsection_name": null, "lead_paragraph": "Everyone was in place for the hearing in Atlanta immigration court: the Guinean man hoping to stay in the U.S., his attorney, a prosecutor, a translator and the judge. But because of some missing paperwork, it was all for nothing.", "abstract": null, "headline": {"main": "Immigration Courts: Record Number of Cases, Many Problems", "print_headline": "Immigration Courts: Record Number of Cases, Many Problems"}, "type_of_material": "News", "blog": [], "document_type": "article", "source": "AP", "print_page": 0, "snippet": "Everyone was in place for the hearing in Atlanta immigration court: the Guinean man hoping to stay in the U.S., his attorney, a prosecutor, a translator and the judge. But because of some missing paperwork, it was all for nothing....", "byline": {"original": "By THE ASSOCIATED PRESS", "person": [], "organization": "THE ASSOCIATED PRESS"}, "section_name": "U.S.", "multimedia": [], "_id": "58bad04395d0e024902fd862"}, {"keywords": [], "word_count": 805, "web_url": "https://www.nytimes.com/reuters/2017/03/04/world/europe/04reuters-nireland-politics.html", "news_desk": "None", "slideshow_credits": null, "pub_date": "2017-03-04T14:33:30+0000", "subsection_name": "Europe", "lead_paragraph": "Northern Irish leaders prepared on Saturday for three weeks of challenging talks to save their devolved government after a snap election that could have dramatic implications for the politics and constitutional status of the British province.", "abstract": null, "headline": {"main": "Tight Deadline for Talks After Nationalist Surge in Northern Ireland", "print_headline": "Tight Deadline for Talks After Nationalist Surge in Northern Ireland"}, "type_of_material": "News", "blog": [], "document_type": "article", "source": "Reuters", "print_page": 0, "snippet": "Northern Irish leaders prepared on Saturday for three weeks of challenging talks to save their devolved government after a snap election that could have dramatic implications for the politics and constitutional status of the British province....", "byline": {"original": "By REUTERS", "person": [], "organization": "REUTERS"}, "section_name": "World", "multimedia": [], "_id": "58bad04295d0e024902fd861"}, {"keywords": [], "word_count": 478, "web_url": "https://www.nytimes.com/aponline/2017/03/04/sports/basketball/ap-bkn-all-star-format-changes.html", "news_desk": "None", "slideshow_credits": null, "pub_date": "2017-03-04T14:30:35+0000", "subsection_name": "Pro Basketball", "lead_paragraph": "Change is coming to the defense-optional All-Star Game, and NBA Commissioner Adam Silver wants to hear ideas.", "abstract": null, "headline": {"main": "Adam Silver Says NBA All-Star Format Will Change for 2018", "print_headline": "Adam Silver Says NBA All-Star Format Will Change for 2018"}, "type_of_material": "News", "blog": [], "document_type": "article", "source": "AP", "print_page": 0, "snippet": "Change is coming to the defense-optional All-Star Game, and NBA Commissioner Adam Silver wants to hear ideas....", "byline": {"original": "By THE ASSOCIATED PRESS", "person": [], "organization": "THE ASSOCIATED PRESS"}, "section_name": "Sports", "multimedia": [], "_id": "58bacf9195d0e024902fd860"}, {"keywords": [], "word_count": 131, "web_url": "https://www.nytimes.com/aponline/2017/03/04/us/ap-us-dallas-condo-fire.html", "news_desk": "None", "slideshow_credits": null, "pub_date": "2017-03-04T14:27:37+0000", "subsection_name": null, "lead_paragraph": "Authorities say an elderly resident of a Dallas condominium complex is unaccounted for after a fire destroyed the four-story structure.", "abstract": null, "headline": {"main": "Elderly Resident Unaccounted for After Dallas Condo Fire", "print_headline": "Elderly Resident Unaccounted for After Dallas Condo Fire"}, "type_of_material": "News", "blog": [], "document_type": "article", "source": "AP", "print_page": 0, "snippet": "Authorities say an elderly resident of a Dallas condominium complex is unaccounted for after a fire destroyed the four-story structure....", "byline": {"original": "By THE ASSOCIATED PRESS", "person": [], "organization": "THE ASSOCIATED PRESS"}, "section_name": "U.S.", "multimedia": [], "_id": "58bacede95d0e024902fd85f"}, {"keywords": [], "word_count": 898, "web_url": "https://www.nytimes.com/aponline/2017/03/04/us/politics/ap-us-democrats-liberal-outcry.html", "news_desk": "None", "slideshow_credits": null, "pub_date": "2017-03-04T14:24:37+0000", "subsection_name": "Politics", "lead_paragraph": "Four days after Donald Trump's surprising White House victory, the liberal organization CREDO Action fired off a frantic warning to its 4.6 million anxious supporters.", "abstract": null, "headline": {"main": "Tea Party Parallel? Liberals Taking Aim at Their Own Party", "print_headline": "Tea Party Parallel? Liberals Taking Aim at Their Own Party"}, "type_of_material": "News", "blog": [], "document_type": "article", "source": "AP", "print_page": 0, "snippet": "Four days after Donald Trump's surprising White House victory, the liberal organization CREDO Action fired off a frantic warning to its 4.6 million anxious supporters....", "byline": {"original": "By THE ASSOCIATED PRESS", "person": [], "organization": "THE ASSOCIATED PRESS"}, "section_name": "U.S.", "multimedia": [], "_id": "58bace2b95d0e024902fd85e"}, {"keywords": [], "word_count": 1944, "web_url": "https://www.nytimes.com/aponline/2017/03/04/us/politics/ap-us-fact-check-week.html", "news_desk": "None", "slideshow_credits": null, "pub_date": "2017-03-04T14:21:36+0000", "subsection_name": "Politics", "lead_paragraph": "The start of a new administration is never a clean slate, even when parties flip. Day One is just another day for military operations, a budget that is still in place from the old crowd and a vast array of economic, social and law enforcement initiatives left over by the last president.", "abstract": null, "headline": {"main": "AP FACT CHECK: Trump's Skewed Ledger of Achievements", "print_headline": "AP FACT CHECK: Trump's Skewed Ledger of Achievements"}, "type_of_material": "News", "blog": [], "document_type": "article", "source": "AP", "print_page": 0, "snippet": "The start of a new administration is never a clean slate, even when parties flip. Day One is just another day for military operations, a budget that is still in place from the old crowd and a vast array of economic, social and law enforcement init...", "byline": {"original": "By THE ASSOCIATED PRESS", "person": [], "organization": "THE ASSOCIATED PRESS"}, "section_name": "U.S.", "multimedia": [], "_id": "58bacd7a95d0e024902fd85d"}, {"keywords": [], "word_count": 264, "web_url": "https://www.nytimes.com/reuters/2017/03/04/business/04reuters-eurozone-greece-stournaras.html", "news_desk": "None", "slideshow_credits": null, "pub_date": "2017-03-04T14:18:31+0000", "subsection_name": null, "lead_paragraph": "Greece's international lenders should lower the country's fiscal targets from 2021 onwards to help boost its growth potential, central bank governor Yannis Stournaras said on Saturday.", "abstract": null, "headline": {"main": "Greece's Fiscal Targets Should Be Eased to Help Growth, Central Bank Chief Says", "print_headline": "Greece's Fiscal Targets Should Be Eased to Help Growth, Central Bank Chief Says"}, "type_of_material": "News", "blog": [], "document_type": "article", "source": "Reuters", "print_page": 0, "snippet": "Greece's international lenders should lower the country's fiscal targets from 2021 onwards to help boost its growth potential, central bank governor Yannis Stournaras said on Saturday....", "byline": {"original": "By REUTERS", "person": [], "organization": "REUTERS"}, "section_name": "Business Day", "multimedia": [], "_id": "58baccbd95d0e024902fd85c"}, {"keywords": [], "word_count": 132, "web_url": "https://www.nytimes.com/aponline/2017/03/04/us/politics/ap-us-pivoting-justice-department.html", "news_desk": "None", "slideshow_credits": null, "pub_date": "2017-03-04T14:15:36+0000", "subsection_name": "Politics", "lead_paragraph": "There may be a silver lining to the political cloud over Attorney General Jeff Sessions after his decision to withdraw from any investigation touching the Trump campaign.", "abstract": null, "headline": {"main": "Sessions' Path to Remake Justice Department May Be Clearer", "print_headline": "Sessions' Path to Remake Justice Department May Be Clearer"}, "type_of_material": "News", "blog": [], "document_type": "article", "source": "AP", "print_page": 0, "snippet": "There may be a silver lining to the political cloud over Attorney General Jeff Sessions after his decision to withdraw from any investigation touching the Trump campaign....", "byline": {"original": "By THE ASSOCIATED PRESS", "person": [], "organization": "THE ASSOCIATED PRESS"}, "section_name": "U.S.", "multimedia": [], "_id": "58bacc1195d0e024902fd85b"}]}, "status": "OK"}