{"status": "OK", "response": {"docs": [{"subsection_name": null, "byline": {"organization": "REUTERS", "person": [], "original": "By REUTERS"}, "source": "Reuters", "slideshow_credits": null, "keywords": [], "print_page": 0, "document_type": "article", "multimedia": [], "blog": [], "section_name": "Business Day", "word_count": 381, "web_url": "https://www.nytimes.com/reuters/2017/03/06/business/06reuters-britain-homecare-technology.html", "pub_date": "2017-03-06T15:30:30+0000", "lead_paragraph": "A British online service that matches elderly and disabled patients with home carers is expanding nationwide by adding another 25,000 care professionals to its database, founder Jamie Wilson said on Monday.", "type_of_material": "News", "news_desk": "None", "snippet": "A British online service that matches elderly and disabled patients with home carers is expanding nationwide by adding another 25,000 care professionals to its database, founder Jamie Wilson said on Monday....", "_id": "58bd80a095d0e024902fdc70", "abstract": null, "headline": {"main": "UK Online Carer-Patient Matchmaker HomeTouch Expands Nationwide", "print_headline": "UK Online Carer-Patient Matchmaker HomeTouch Expands Nationwide"}}, {"subsection_name": "Europe", "byline": {"organization": "REUTERS", "person": [], "original": "By REUTERS"}, "source": "Reuters", "slideshow_credits": null, "keywords": [], "print_page": 0, "document_type": "article", "multimedia": [], "blog": [], "section_name": "World", "word_count": 547, "web_url": "https://www.nytimes.com/reuters/2017/03/06/world/europe/06reuters-britain-eu-article50-factbox.html", "pub_date": "2017-03-06T15:27:36+0000", "lead_paragraph": "The British parliament's upper house will on Tuesday try to force the government to give lawmakers a greater say over the terms of Britain's exit from the European Union and final approval of an eventual deal with the bloc.", "type_of_material": "News", "news_desk": "None", "snippet": "The British parliament's upper house will on Tuesday try to force the government to give lawmakers a greater say over the terms of Britain's exit from the European Union and final approval of an eventual deal with the bloc....", "_id": "58bd7fec95d0e024902fdc6f", "abstract": null, "headline": {"main": "Factbox: Ping Pong? Lords to Vote on UK PM May's Brexit Bill", "print_headline": "Factbox: Ping Pong? Lords to Vote on UK PM May's Brexit Bill"}}, {"subsection_name": "Soccer", "byline": {"organization": "REUTERS", "person": [], "original": "By REUTERS"}, "source": "Reuters", "slideshow_credits": null, "keywords": [], "print_page": 0, "document_type": "article", "multimedia": [], "blog": [], "section_name": "Sports", "word_count": 310, "web_url": "https://www.nytimes.com/reuters/2017/03/06/sports/soccer/06reuters-soccer-champions-nap-mad-sarri.html", "pub_date": "2017-03-06T15:27:30+0000", "lead_paragraph": "Napoli coach Maurizio Sarri has broken a frosty three-week silence with club president Aurelio Di Laurentiis, but said the pair discussed cinema rather than Tuesday's Champions League clash with Real Madrid.", "type_of_material": "News", "news_desk": "None", "snippet": "Napoli coach Maurizio Sarri has broken a frosty three-week silence with club president Aurelio Di Laurentiis, but said the pair discussed cinema rather than Tuesday's Champions League clash with Real Madrid....", "_id": "58bd7fe795d0e024902fdc6e", "abstract": null, "headline": {"main": "Napoli Coach, Club President Break Ice With Cinema Talk", "print_headline": "Napoli Coach, Club President Break Ice With Cinema Talk"}}, {"subsection_name": "Pro Football", "byline": {"organization": "THE ASSOCIATED PRESS", "person": [], "original": "By THE ASSOCIATED PRESS"}, "source": "AP", "slideshow_credits": null, "keywords": [], "print_page": 0, "document_type": "article", "multimedia": [], "blog": [], "section_name": "Sports", "word_count": 318, "web_url": "https://www.nytimes.com/aponline/2017/03/06/sports/football/ap-fbn-redskins-gruden.html", "pub_date": "2017-03-06T15:24:47+0000", "lead_paragraph": "The Washington Redskins signed coach Jay Gruden on Monday to a multi-year contract extension.", "type_of_material": "News", "news_desk": "None", "snippet": "The Washington Redskins signed coach Jay Gruden on Monday to a multi-year contract extension....", "_id": "58bd7f4495d0e024902fdc6c", "abstract": null, "headline": {"main": "Redskins Sign Coach Jay Gruden to Contract Extension", "print_headline": "Redskins Sign Coach Jay Gruden to Contract Extension"}}, {"subsection_name": null, "byline": {"organization": "THE ASSOCIATED PRESS", "person": [], "original": "By THE ASSOCIATED PRESS"}, "source": "AP", "slideshow_credits": null, "keywords": [], "print_page": 0, "document_type": "article", "multimedia": [], "blog": [], "section_name": "U.S.", "word_count": 115, "web_url": "https://www.nytimes.com/aponline/2017/03/06/us/ap-us-police-chase-fatal-crash.html", "pub_date": "2017-03-06T15:24:45+0000", "lead_paragraph": "Police say a carjacking suspect is dead and two others injured after crashing into a utility pole during a police chase in Louisville.", "type_of_material": "News", "news_desk": "None", "snippet": "Police say a carjacking suspect is dead and two others injured after crashing into a utility pole during a police chase in Louisville....", "_id": "58bd7f4695d0e024902fdc6d", "abstract": null, "headline": {"main": "1 Dead, 2 Injured in Police Chase Following Carjacking", "print_headline": "1 Dead, 2 Injured in Police Chase Following Carjacking"}}, {"subsection_name": null, "byline": {"organization": "THE ASSOCIATED PRESS", "person": [], "original": "By THE ASSOCIATED PRESS"}, "source": "AP", "slideshow_credits": null, "keywords": [], "print_page": 0, "document_type": "article", "multimedia": [], "blog": [], "section_name": "U.S.", "word_count": 680, "web_url": "https://www.nytimes.com/aponline/2017/03/06/us/ap-financial-markets.html", "pub_date": "2017-03-06T15:24:44+0000", "lead_paragraph": "U.S. stocks are starting lower for the second time in three days as most parts of the market slip.", "type_of_material": "News", "news_desk": "None", "snippet": "U.S. stocks are starting lower for the second time in three days as most parts of the market slip....", "_id": "58bd7f4495d0e024902fdc6b", "abstract": null, "headline": {"main": "US Stocks Slip Further From Record Highs as Banks Decline", "print_headline": "US Stocks Slip Further From Record Highs as Banks Decline"}}, {"subsection_name": "Middle East", "byline": {"organization": "THE ASSOCIATED PRESS", "person": [], "original": "By THE ASSOCIATED PRESS"}, "source": "AP", "slideshow_credits": null, "keywords": [], "print_page": 0, "document_type": "article", "multimedia": [], "blog": [], "section_name": "World", "word_count": 396, "web_url": "https://www.nytimes.com/aponline/2017/03/06/world/middleeast/ap-ml-syria-the-latest.html", "pub_date": "2017-03-06T15:21:39+0000", "lead_paragraph": "The Latest on Syria developments (all times local):", "type_of_material": "News", "news_desk": "None", "snippet": "The Latest on Syria developments (all times local):...", "_id": "58bd7e8e95d0e024902fdc6a", "abstract": null, "headline": {"main": "The Latest: Russian Military Says Soldier Killed in Syria", "print_headline": "The Latest: Russian Military Says Soldier Killed in Syria"}}, {"subsection_name": "Politics", "byline": {"organization": "THE ASSOCIATED PRESS", "person": [], "original": "By THE ASSOCIATED PRESS"}, "source": "AP", "slideshow_credits": null, "keywords": [], "print_page": 0, "document_type": "article", "multimedia": [], "blog": [], "section_name": "U.S.", "word_count": 274, "web_url": "https://www.nytimes.com/aponline/2017/03/06/us/politics/ap-us-supreme-court-repeat-offenders.html", "pub_date": "2017-03-06T15:18:43+0000", "lead_paragraph": "The Supreme Court on Monday declined to give some inmates convicted of repeated violent crimes a chance to reduce their prison terms.", "type_of_material": "News", "news_desk": "None", "snippet": "The Supreme Court on Monday declined to give some inmates convicted of repeated violent crimes a chance to reduce their prison terms....", "_id": "58bd7dda95d0e024902fdc68", "abstract": null, "headline": {"main": "Justices Decline to Extend Ruling on Repeat Offenders", "print_headline": "Justices Decline to Extend Ruling on Repeat Offenders"}}, {"subsection_name": null, "byline": {"organization": "THE ASSOCIATED PRESS", "person": [], "original": "By THE ASSOCIATED PRESS"}, "source": "AP", "slideshow_credits": null, "keywords": [], "print_page": 0, "document_type": "article", "multimedia": [], "blog": [], "section_name": "U.S.", "word_count": 872, "web_url": "https://www.nytimes.com/aponline/2017/03/06/us/ap-us-nerdwallet-liz-weston-9-bills-where-you-can-cut-a-better-d.html", "pub_date": "2017-03-06T15:18:37+0000", "lead_paragraph": "The word \"bills\" used to be synonymous with \"fixed expenses.\" But there's nothing fixed about many of the bills a typical household pays today.", "type_of_material": "News", "news_desk": "None", "snippet": "The word \"bills\" used to be synonymous with \"fixed expenses.\" But there's nothing fixed about many of the bills a typical household pays today....", "_id": "58bd7ddb95d0e024902fdc69", "abstract": null, "headline": {"main": "Liz Weston: 9 Bills Where You Can Cut a Better Deal", "print_headline": "Liz Weston: 9 Bills Where You Can Cut a Better Deal"}}, {"subsection_name": "Politics", "byline": {"organization": "THE ASSOCIATED PRESS", "person": [], "original": "By THE ASSOCIATED PRESS"}, "source": "AP", "slideshow_credits": null, "keywords": [], "print_page": 0, "document_type": "article", "multimedia": [], "blog": [], "section_name": "U.S.", "word_count": 388, "web_url": "https://www.nytimes.com/aponline/2017/03/06/us/politics/ap-us-supreme-court-jury-secrecy.html", "pub_date": "2017-03-06T15:15:41+0000", "lead_paragraph": "The Supreme Court ruled Monday that racial bias in the jury room can be a reason for breaching the centuries-old legal principle of secrecy in jury deliberations.", "type_of_material": "News", "news_desk": "None", "snippet": "The Supreme Court ruled Monday that racial bias in the jury room can be a reason for breaching the centuries-old legal principle of secrecy in jury deliberations....", "_id": "58bd7d2195d0e024902fdc66", "abstract": null, "headline": {"main": "Supreme Court Sides With Defendant Claiming Jury Race Bias", "print_headline": "Supreme Court Sides With Defendant Claiming Jury Race Bias"}}], "meta": {"time": 162, "offset": 50, "hits": 16085356}}, "copyright": "Copyright (c) 2013 The New York Times Company.  All Rights Reserved."}