{"status": "OK", "copyright": "Copyright (c) 2013 The New York Times Company.  All Rights Reserved.", "response": {"docs": [{"document_type": "article", "snippet": "Demand for gasoline in the United States, which accounts for a tenth of global oil consumption, is expected to peak next year as engines become more efficient, WoodMackenzie analysts said....", "abstract": null, "news_desk": "None", "subsection_name": null, "keywords": [], "lead_paragraph": "Demand for gasoline in the United States, which accounts for a tenth of global oil consumption, is expected to peak next year as engines become more efficient, WoodMackenzie analysts said.", "multimedia": [], "byline": {"original": "By REUTERS", "person": [], "organization": "REUTERS"}, "_id": "58b9392395d0e024902fd4f4", "headline": {"main": "Peak Gasoline Demand Looms With Engine Efficiency Gains", "print_headline": "Peak Gasoline Demand Looms With Engine Efficiency Gains"}, "type_of_material": "News", "word_count": 554, "source": "Reuters", "web_url": "https://www.nytimes.com/reuters/2017/03/03/business/03reuters-gasoline-demand.html", "section_name": "Business Day", "slideshow_credits": null, "blog": [], "pub_date": "2017-03-03T09:36:28+0000", "print_page": 0}, {"document_type": "article", "snippet": "Police in Bangladesh's capital have arrested the spiritual leader of a banned militant group that is responsible for a series of attacks in the South Asian country, an official said Friday....", "abstract": null, "news_desk": "None", "subsection_name": "Asia Pacific", "keywords": [], "lead_paragraph": "Police in Bangladesh's capital have arrested the spiritual leader of a banned militant group that is responsible for a series of attacks in the South Asian country, an official said Friday.", "multimedia": [], "byline": {"original": "By THE ASSOCIATED PRESS", "person": [], "organization": "THE ASSOCIATED PRESS"}, "_id": "58b9388495d0e024902fd4f3", "headline": {"main": "Bangladesh Arrests Spiritual Leader of Militant Group", "print_headline": "Bangladesh Arrests Spiritual Leader of Militant Group"}, "type_of_material": "News", "word_count": 196, "source": "AP", "web_url": "https://www.nytimes.com/aponline/2017/03/03/world/asia/ap-as-bangladesh-militants-.html", "section_name": "World", "slideshow_credits": null, "blog": [], "pub_date": "2017-03-03T09:33:42+0000", "print_page": 0}, {"document_type": "article", "snippet": "Australia named an unchanged squad for the second test against India on Friday with skipper Steve Smith stressing on the need to post a big first innings total to strengthen their position in the four-match series....", "abstract": null, "news_desk": "None", "subsection_name": "Cricket", "keywords": [], "lead_paragraph": "Australia named an unchanged squad for the second test against India on Friday with skipper Steve Smith stressing on the need to post a big first innings total to strengthen their position in the four-match series.", "multimedia": [], "byline": {"original": "By REUTERS", "person": [], "organization": "REUTERS"}, "_id": "58b9387695d0e024902fd4f2", "headline": {"main": "Smith Sets Unchanged Australia Big First Innings Total Target", "print_headline": "Smith Sets Unchanged Australia Big First Innings Total Target"}, "type_of_material": "News", "word_count": 424, "source": "Reuters", "web_url": "https://www.nytimes.com/reuters/2017/03/03/sports/cricket/03reuters-cricket-india-australia-smith.html", "section_name": "Sports", "slideshow_credits": null, "blog": [], "pub_date": "2017-03-03T09:33:32+0000", "print_page": 0}, {"document_type": "article", "snippet": "Audi Chief Executive Rupert Stadler has stepped down from leadership roles at the Piech family foundation, Austrian company filings showed....", "abstract": null, "news_desk": "None", "subsection_name": null, "keywords": [], "lead_paragraph": "Audi Chief Executive Rupert Stadler has stepped down from leadership roles at the Piech family foundation, Austrian company filings showed.", "multimedia": [], "byline": {"original": "By REUTERS", "person": [], "organization": "REUTERS"}, "_id": "58b9387695d0e024902fd4f1", "headline": {"main": "Audi CEO Steps Down From Piech Family Foundation", "print_headline": "Audi CEO Steps Down From Piech Family Foundation"}, "type_of_material": "News", "word_count": 102, "source": "Reuters", "web_url": "https://www.nytimes.com/reuters/2017/03/03/business/03reuters-volkswagen-emissions-audi-ceo.html", "section_name": "Business Day", "slideshow_credits": null, "blog": [], "pub_date": "2017-03-03T09:33:30+0000", "print_page": 0}, {"document_type": "article", "snippet": "Indian federal government representatives will meet the Dalai Lama when he visits a sensitive border region controlled by India but claimed by China, officials said, despite a warning from Beijing that it would damage ties....", "abstract": null, "news_desk": "None", "subsection_name": "Asia Pacific", "keywords": [], "lead_paragraph": "Indian federal government representatives will meet the Dalai Lama when he visits a sensitive border region controlled by India but claimed by China, officials said, despite a warning from Beijing that it would damage ties.", "multimedia": [], "byline": {"original": "By REUTERS", "person": [], "organization": "REUTERS"}, "_id": "58b9387195d0e024902fd4f0", "headline": {"main": "India to Host Dalai Lama in Disputed Territory, Defying China", "print_headline": "India to Host Dalai Lama in Disputed Territory, Defying China"}, "type_of_material": "News", "word_count": 922, "source": "Reuters", "web_url": "https://www.nytimes.com/reuters/2017/03/03/world/asia/03reuters-india-china-dalailama.html", "section_name": "World", "slideshow_credits": null, "blog": [], "pub_date": "2017-03-03T09:33:30+0000", "print_page": 0}, {"document_type": "article", "snippet": "Striker Fernando Torres has been released from hospital, his club Atletico Madrid said on Friday, after sustaining a head injury during Thursday's 1-1 draw at Deportivo La Coruna....", "abstract": null, "news_desk": "None", "subsection_name": "Soccer", "keywords": [], "lead_paragraph": "Striker Fernando Torres has been released from hospital, his club Atletico Madrid said on Friday, after sustaining a head injury during Thursday's 1-1 draw at Deportivo La Coruna.", "multimedia": [], "byline": {"original": "By REUTERS", "person": [], "organization": "REUTERS"}, "_id": "58b937be95d0e024902fd4ee", "headline": {"main": "Atletico's Torres Released From Hospital After Head Injury", "print_headline": "Atletico's Torres Released From Hospital After Head Injury"}, "type_of_material": "News", "word_count": 222, "source": "Reuters", "web_url": "https://www.nytimes.com/reuters/2017/03/03/sports/soccer/03reuters-soccer-spain-atm-torres.html", "section_name": "Sports", "slideshow_credits": null, "blog": [], "pub_date": "2017-03-03T09:30:31+0000", "print_page": 0}, {"document_type": "article", "snippet": "Mozambique's Renamo opposition party and rebel movement extended a ceasefire by two months on Friday to allow further peace talks with President Filipe Nyusi's government, raising hopes of an end to years of tit-for-tat violence....", "abstract": null, "news_desk": "None", "subsection_name": "Africa", "keywords": [], "lead_paragraph": "Mozambique's Renamo opposition party and rebel movement extended a ceasefire by two months on Friday to allow further peace talks with President Filipe Nyusi's government, raising hopes of an end to years of tit-for-tat violence.", "multimedia": [], "byline": {"original": "By REUTERS", "person": [], "organization": "REUTERS"}, "_id": "58b937be95d0e024902fd4ef", "headline": {"main": "Mozambique Truce Extended, Boosting Peace Deal Hopes", "print_headline": "Mozambique Truce Extended, Boosting Peace Deal Hopes"}, "type_of_material": "News", "word_count": 367, "source": "Reuters", "web_url": "https://www.nytimes.com/reuters/2017/03/03/world/africa/03reuters-mozambique-violence.html", "section_name": "World", "slideshow_credits": null, "blog": [], "pub_date": "2017-03-03T09:30:29+0000", "print_page": 0}, {"document_type": "article", "snippet": "Irish nationalists Sinn Fein and the pro-British Democratic Unionist Party were neck-and-neck on Friday almost halfway through the counting of votes in a snap election that could dramatically shift the balance of power in Northern Ireland....", "abstract": null, "news_desk": "None", "subsection_name": "Europe", "keywords": [], "lead_paragraph": "Irish nationalists Sinn Fein and the pro-British Democratic Unionist Party were neck-and-neck on Friday almost halfway through the counting of votes in a snap election that could dramatically shift the balance of power in Northern Ireland.", "multimedia": [], "byline": {"original": "By REUTERS", "person": [], "organization": "REUTERS"}, "_id": "58b9370695d0e024902fd4ed", "headline": {"main": "Sinn Fein, DUP Neck-And-Neck in Snap Northern Ireland Election", "print_headline": "Sinn Fein, DUP Neck-And-Neck in Snap Northern Ireland Election"}, "type_of_material": "News", "word_count": 586, "source": "Reuters", "web_url": "https://www.nytimes.com/reuters/2017/03/03/world/europe/03reuters-nireland-politics-election.html", "section_name": "World", "slideshow_credits": null, "blog": [], "pub_date": "2017-03-03T09:27:30+0000", "print_page": 0}, {"document_type": "article", "snippet": "A former Haitian coup leader who was recently elected to that country's Senate is seeking immunity from U.S. prosecution in a drug case....", "abstract": null, "news_desk": "None", "subsection_name": null, "keywords": [], "lead_paragraph": "A former Haitian coup leader who was recently elected to that country's Senate is seeking immunity from U.S. prosecution in a drug case.", "multimedia": [], "byline": {"original": "By THE ASSOCIATED PRESS", "person": [], "organization": "THE ASSOCIATED PRESS"}, "_id": "58b9365f95d0e024902fd4ec", "headline": {"main": "Haitian Politician, Coup Leader Seeks Immunity From US Case", "print_headline": "Haitian Politician, Coup Leader Seeks Immunity From US Case"}, "type_of_material": "News", "word_count": 131, "source": "AP", "web_url": "https://www.nytimes.com/aponline/2017/03/03/us/ap-us-haiti-ex-rebel-leader.html", "section_name": "U.S.", "slideshow_credits": null, "blog": [], "pub_date": "2017-03-03T09:24:40+0000", "print_page": 0}, {"document_type": "article", "snippet": "Malaysia released on Friday a North Korean suspect in the murder of the estranged half-brother of North Korea's leader and prepared to deport him, while police issued an arrest warrant for another North Korean wanted in connection with the killing...", "abstract": null, "news_desk": "None", "subsection_name": "Asia Pacific", "keywords": [], "lead_paragraph": "Malaysia released on Friday a North Korean suspect in the murder of the estranged half-brother of North Korea's leader and prepared to deport him, while police issued an arrest warrant for another North Korean wanted in connection with the killing.", "multimedia": [], "byline": {"original": "By REUTERS", "person": [], "organization": "REUTERS"}, "_id": "58b9365995d0e024902fd4ea", "headline": {"main": "Malaysia Prepares to Deport North Korean Linked to Murder; Condemns Attack", "print_headline": "Malaysia Prepares to Deport North Korean Linked to Murder; Condemns Attack"}, "type_of_material": "News", "word_count": 607, "source": "Reuters", "web_url": "https://www.nytimes.com/reuters/2017/03/03/world/asia/03reuters-northkorea-malaysia-kim.html", "section_name": "World", "slideshow_credits": null, "blog": [], "pub_date": "2017-03-03T09:24:33+0000", "print_page": 0}], "meta": {"offset": 510, "hits": 16083917, "time": 206}}}