{"copyright": "Copyright (c) 2013 The New York Times Company.  All Rights Reserved.", "response": {"meta": {"time": 180, "hits": 16084460, "offset": 20}, "docs": [{"keywords": [], "word_count": 437, "web_url": "https://www.nytimes.com/reuters/2017/03/04/business/04reuters-toronto-hydro-m-a-hydro-one.html", "news_desk": "None", "slideshow_credits": null, "pub_date": "2017-03-04T22:18:27+0000", "subsection_name": null, "lead_paragraph": "Canada's Hydro One Ltd is in talks to buy municipal electricity distributor Toronto Hydro Corp for about C$3 billion (1.82 billion pounds) as the city of Toronto explores options to finance various infrastructure projects, people with knowledge of the matter told Reuters.", "abstract": null, "headline": {"main": "Canada's Hydro One in Talks to Buy Toronto Hydro-Sources", "print_headline": "Canada's Hydro One in Talks to Buy Toronto Hydro-Sources"}, "type_of_material": "News", "blog": [], "document_type": "article", "source": "Reuters", "print_page": 0, "snippet": "Canada's Hydro One Ltd is in talks to buy municipal electricity distributor Toronto Hydro Corp for about C$3 billion (1.82 billion pounds) as the city of Toronto explores options to finance various infrastructure projects, people with knowledge of...", "byline": {"original": "By REUTERS", "person": [], "organization": "REUTERS"}, "section_name": "Business Day", "multimedia": [], "_id": "58bb3d3995d0e024902fd90d"}, {"keywords": [], "word_count": 311, "web_url": "https://www.nytimes.com/aponline/2017/03/04/us/ap-us-college-hawaiian-language.html", "news_desk": "None", "slideshow_credits": null, "pub_date": "2017-03-04T22:15:44+0000", "subsection_name": null, "lead_paragraph": "A University of Hawaii professor is working to get an entire curriculum at the university taught in Hawaiian to supplement the language courses taught to children across the state.", "abstract": null, "headline": {"main": "Professor Wants More College Classes Taught in Hawaiian", "print_headline": "Professor Wants More College Classes Taught in Hawaiian"}, "type_of_material": "News", "blog": [], "document_type": "article", "source": "AP", "print_page": 0, "snippet": "A University of Hawaii professor is working to get an entire curriculum at the university taught in Hawaiian to supplement the language courses taught to children across the state....", "byline": {"original": "By THE ASSOCIATED PRESS", "person": [], "organization": "THE ASSOCIATED PRESS"}, "section_name": "U.S.", "multimedia": [], "_id": "58bb3c9895d0e024902fd90c"}, {"keywords": [], "word_count": 428, "web_url": "https://www.nytimes.com/aponline/2017/03/04/sports/ap-car-nascar-xfinity-atlanta.html", "news_desk": "None", "slideshow_credits": null, "pub_date": "2017-03-04T22:07:00+0000", "subsection_name": null, "lead_paragraph": "After a bunch of close calls at Atlanta Motor Speedway, Kyle Busch has found the winning touch in the NASCAR Xfinity Series.", "abstract": null, "headline": {"main": "Kyle Busch Wins Atlanta Xfinity Race for 2nd Year in a Row", "print_headline": "Kyle Busch Wins Atlanta Xfinity Race for 2nd Year in a Row"}, "type_of_material": "News", "blog": [], "document_type": "article", "source": "AP", "print_page": 0, "snippet": "After a bunch of close calls at Atlanta Motor Speedway, Kyle Busch has found the winning touch in the NASCAR Xfinity Series....", "byline": {"original": "By THE ASSOCIATED PRESS", "person": [], "organization": "THE ASSOCIATED PRESS"}, "section_name": "Sports", "multimedia": [], "_id": "58bb3a8995d0e024902fd90b"}, {"keywords": [], "word_count": 537, "web_url": "https://www.nytimes.com/aponline/2017/03/04/sports/ap-hkw-us-women-no-coach.html", "news_desk": "None", "slideshow_credits": null, "pub_date": "2017-03-04T22:06:56+0000", "subsection_name": null, "lead_paragraph": "Longtime NHL defenseman Ken Klee is out as the coach of the U.S. women's hockey team after leading the Americans to gold medals at the last two world championships.", "abstract": null, "headline": {"main": "US Women's Hockey Team Lacks Coach With Olympics 1 Year Out", "print_headline": "US Women's Hockey Team Lacks Coach With Olympics 1 Year Out"}, "type_of_material": "News", "blog": [], "document_type": "article", "source": "AP", "print_page": 0, "snippet": "Longtime NHL defenseman Ken Klee is out as the coach of the U.S. women's hockey team after leading the Americans to gold medals at the last two world championships....", "byline": {"original": "By THE ASSOCIATED PRESS", "person": [], "organization": "THE ASSOCIATED PRESS"}, "section_name": "Sports", "multimedia": [], "_id": "58bb3a8995d0e024902fd90a"}, {"keywords": [], "word_count": 252, "web_url": "https://www.nytimes.com/aponline/2017/03/04/sports/ncaabasketball/ap-bkc-t25-seton-hall-butler.html", "news_desk": "None", "slideshow_credits": null, "pub_date": "2017-03-04T22:03:44+0000", "subsection_name": "College Basketball", "lead_paragraph": "Desi Rodriguez scored 21 points, and Angel Delgado added 20 points and 16 rebounds Saturday, helping Seton Hall rally from a 10-point, second-half deficit to upset No. 13 Butler 70-64.", "abstract": null, "headline": {"main": "Delgado, Rodriguez Lead Seton Hall Past No. 13 Butler", "print_headline": "Delgado, Rodriguez Lead Seton Hall Past No. 13 Butler"}, "type_of_material": "News", "blog": [], "document_type": "article", "source": "AP", "print_page": 0, "snippet": "Desi Rodriguez scored 21 points, and Angel Delgado added 20 points and 16 rebounds Saturday, helping Seton Hall rally from a 10-point, second-half deficit to upset No. 13 Butler 70-64....", "byline": {"original": "By THE ASSOCIATED PRESS", "person": [], "organization": "THE ASSOCIATED PRESS"}, "section_name": "Sports", "multimedia": [], "_id": "58bb39c595d0e024902fd909"}, {"keywords": [], "word_count": 224, "web_url": "https://www.nytimes.com/aponline/2017/03/04/us/ap-us-church-sues-railroad.html", "news_desk": "None", "slideshow_credits": null, "pub_date": "2017-03-04T22:00:36+0000", "subsection_name": null, "lead_paragraph": "An Iowa church has sued a railway company, alleging it built a rail line on its property without permission.", "abstract": null, "headline": {"main": "Iowa Church Sues Company Over Railroad Track on Its Property", "print_headline": "Iowa Church Sues Company Over Railroad Track on Its Property"}, "type_of_material": "News", "blog": [], "document_type": "article", "source": "AP", "print_page": 0, "snippet": "An Iowa church has sued a railway company, alleging it built a rail line on its property without permission....", "byline": {"original": "By THE ASSOCIATED PRESS", "person": [], "organization": "THE ASSOCIATED PRESS"}, "section_name": "U.S.", "multimedia": [], "_id": "58bb390a95d0e024902fd908"}, {"keywords": [], "word_count": 120, "web_url": "https://www.nytimes.com/aponline/2017/03/04/sports/football/ap-fbn-nfl-combine-record-run.html", "news_desk": "None", "slideshow_credits": null, "pub_date": "2017-03-04T21:54:42+0000", "subsection_name": "Pro Football", "lead_paragraph": "Washington receiver John Ross III has run the 40-yard dash in a record-setting 4.22 seconds at the NFL scouting combine.", "abstract": null, "headline": {"main": "Washington Receiver John Ross Breaks NFL Combine's 40 Record", "print_headline": "Washington Receiver John Ross Breaks NFL Combine's 40 Record"}, "type_of_material": "News", "blog": [], "document_type": "article", "source": "AP", "print_page": 0, "snippet": "Washington receiver John Ross III has run the 40-yard dash in a record-setting 4.22 seconds at the NFL scouting combine....", "byline": {"original": "By THE ASSOCIATED PRESS", "person": [], "organization": "THE ASSOCIATED PRESS"}, "section_name": "Sports", "multimedia": [], "_id": "58bb37ac95d0e024902fd907"}, {"keywords": [], "word_count": 134, "web_url": "https://www.nytimes.com/aponline/2017/03/04/nyregion/ap-us-nyc-homeless.html", "news_desk": "None", "slideshow_credits": null, "pub_date": "2017-03-04T21:48:35+0000", "subsection_name": null, "lead_paragraph": "New York City's latest attempt to tackle its chronic homelessness problem comes with a decidedly modest goal.", "abstract": null, "headline": {"main": "NYC's Latest Homelessness Strategy: Major Work, Modest Goal", "print_headline": "NYC's Latest Homelessness Strategy: Major Work, Modest Goal"}, "type_of_material": "News", "blog": [], "document_type": "article", "source": "AP", "print_page": 0, "snippet": "New York City's latest attempt to tackle its chronic homelessness problem comes with a decidedly modest goal....", "byline": {"original": "By THE ASSOCIATED PRESS", "person": [], "organization": "THE ASSOCIATED PRESS"}, "section_name": "N.Y. / Region", "multimedia": [], "_id": "58bb363d95d0e024902fd906"}, {"keywords": [], "word_count": 321, "web_url": "https://www.nytimes.com/aponline/2017/03/04/sports/ncaabasketball/ap-bkw-t25-b12-texas-tech-baylor.html", "news_desk": "None", "slideshow_credits": null, "pub_date": "2017-03-04T21:45:40+0000", "subsection_name": "College Basketball", "lead_paragraph": "Alexis Prince scored 22 points to help No. 2 Baylor coast to a 95-63 victory over Texas Tech on Saturday in the quarterfinals of the Big 12 Tournament.", "abstract": null, "headline": {"main": "No. 2 Baylor Rolls Into Women's Big 12 Tournament Semifinals", "print_headline": "No. 2 Baylor Rolls Into Women's Big 12 Tournament Semifinals"}, "type_of_material": "News", "blog": [], "document_type": "article", "source": "AP", "print_page": 0, "snippet": "Alexis Prince scored 22 points to help No. 2 Baylor coast to a 95-63 victory over Texas Tech on Saturday in the quarterfinals of the Big 12 Tournament....", "byline": {"original": "By THE ASSOCIATED PRESS", "person": [], "organization": "THE ASSOCIATED PRESS"}, "section_name": "Sports", "multimedia": [], "_id": "58bb358b95d0e024902fd905"}, {"keywords": [], "word_count": 319, "web_url": "https://www.nytimes.com/reuters/2017/03/04/world/europe/04reuters-mideast-crisis-syria-palmyra.html", "news_desk": "None", "slideshow_credits": null, "pub_date": "2017-03-04T21:45:29+0000", "subsection_name": "Europe", "lead_paragraph": "Islamic State militants have severely damaged a major Roman monument in the ancient Syrian city of Palmyra, an antiquities official said after visiting the site on Saturday.", "abstract": null, "headline": {"main": "Expert Says Islamic State Has Badly Damaged Major Palmyra Monument", "print_headline": "Expert Says Islamic State Has Badly Damaged Major Palmyra Monument"}, "type_of_material": "News", "blog": [], "document_type": "article", "source": "Reuters", "print_page": 0, "snippet": "Islamic State militants have severely damaged a major Roman monument in the ancient Syrian city of Palmyra, an antiquities official said after visiting the site on Saturday....", "byline": {"original": "By REUTERS", "person": [], "organization": "REUTERS"}, "section_name": "World", "multimedia": [], "_id": "58bb358095d0e024902fd904"}]}, "status": "OK"}