{"copyright": "Copyright (c) 2013 The New York Times Company.  All Rights Reserved.", "status": "OK", "response": {"meta": {"offset": 300, "time": 169, "hits": 16085757}, "docs": [{"abstract": null, "pub_date": "2017-03-06T19:06:52+0000", "snippet": "Two children suffered burn-type injuries to their mouths and throats after drinking what they believed to be apple juice at a Chinese buffet in Pennsylvania, and authorities said Monday they are investigating the cause....", "web_url": "https://www.nytimes.com/aponline/2017/03/06/us/ap-us-restaurant-kids-burned-throats.html", "document_type": "article", "headline": {"print_headline": "Juice Order at Chinese Buffet Causes Children Throat Burns", "main": "Juice Order at Chinese Buffet Causes Children Throat Burns"}, "subsection_name": null, "byline": {"organization": "THE ASSOCIATED PRESS", "person": [], "original": "By THE ASSOCIATED PRESS"}, "section_name": "U.S.", "print_page": 0, "keywords": [], "news_desk": "None", "blog": [], "_id": "58bdb35595d0e024902fdd06", "multimedia": [], "source": "AP", "word_count": 309, "lead_paragraph": "Two children suffered burn-type injuries to their mouths and throats after drinking what they believed to be apple juice at a Chinese buffet in Pennsylvania, and authorities said Monday they are investigating the cause.", "type_of_material": "News", "slideshow_credits": null}, {"abstract": null, "pub_date": "2017-03-06T19:06:32+0000", "snippet": "Private investment firm Aquind is confident of raising the cash needed to build its planned 1.1 billion pound ($1.4 billion) power link between Britain and France, despite Britain's move to leave the European Union, a board member told Reuters....", "web_url": "https://www.nytimes.com/reuters/2017/03/06/business/06reuters-britain-electricity-interconnector.html", "document_type": "article", "headline": {"print_headline": "Aquind Confident on $1.4 Billion France-UK Power Link Despite Brexit", "main": "Aquind Confident on $1.4 Billion France-UK Power Link Despite Brexit"}, "subsection_name": null, "byline": {"organization": "REUTERS", "person": [], "original": "By REUTERS"}, "section_name": "Business Day", "print_page": 0, "keywords": [], "news_desk": "None", "blog": [], "_id": "58bdb33d95d0e024902fdd05", "multimedia": [], "source": "Reuters", "word_count": 383, "lead_paragraph": "Private investment firm Aquind is confident of raising the cash needed to build its planned 1.1 billion pound ($1.4 billion) power link between Britain and France, despite Britain's move to leave the European Union, a board member told Reuters. ", "type_of_material": "News", "slideshow_credits": null}, {"abstract": null, "pub_date": "2017-03-06T19:04:02+0000", "snippet": "Texas has benefited from the North American Free Trade Agreement more than anywhere else in the U.S. and should defend the pact against attempts by Donald Trump's administration to undermine it, officials from the state and Mexico said Monday....", "web_url": "https://www.nytimes.com/aponline/2017/03/06/us/ap-us-nafta-texas.html", "document_type": "article", "headline": {"print_headline": "Officials From Mexico and Texas Urge State to Defend NAFTA", "main": "Officials From Mexico and Texas Urge State to Defend NAFTA"}, "subsection_name": null, "byline": {"organization": "THE ASSOCIATED PRESS", "person": [], "original": "By THE ASSOCIATED PRESS"}, "section_name": "U.S.", "print_page": 0, "keywords": [], "news_desk": "None", "blog": [], "_id": "58bdb2a895d0e024902fdd04", "multimedia": [], "source": "AP", "word_count": 611, "lead_paragraph": "Texas has benefited from the North American Free Trade Agreement more than anywhere else in the U.S. and should defend the pact against attempts by Donald Trump's administration to undermine it, officials from the state and Mexico said Monday.", "type_of_material": "News", "slideshow_credits": null}, {"abstract": null, "pub_date": "2017-03-06T19:03:29+0000", "snippet": "An emergency meeting of the French conservative party's leadership unanimously backed Francois Fillon as candidate for the presidential election, Senate leader Gerard Larcher said, despite a scandal over alleged misuse of public funds....", "web_url": "https://www.nytimes.com/reuters/2017/03/06/world/europe/06reuters-france-election-fillon-party.html", "document_type": "article", "headline": {"print_headline": "Top French Party Officials 'Unanimously Back' Fillon Candidacy", "main": "Top French Party Officials 'Unanimously Back' Fillon Candidacy"}, "subsection_name": "Europe", "byline": {"organization": "REUTERS", "person": [], "original": "By REUTERS"}, "section_name": "World", "print_page": 0, "keywords": [], "news_desk": "None", "blog": [], "_id": "58bdb28795d0e024902fdd03", "multimedia": [], "source": "Reuters", "word_count": 95, "lead_paragraph": "An emergency meeting of the French conservative party's leadership unanimously backed Francois Fillon as candidate for the presidential election, Senate leader Gerard Larcher said, despite a scandal over alleged misuse of public funds.", "type_of_material": "News", "slideshow_credits": null}, {"abstract": null, "pub_date": "2017-03-06T19:01:17+0000", "snippet": "A linguist takes issue with the overall negative framing of the behavior....", "web_url": "https://www.nytimes.com/2017/03/06/opinion/like-those-filler-words.html", "document_type": "article", "headline": {"content_kicker": "Letter", "print_headline": "Like, Those Filler Words", "main": "Like, Those Filler Words", "kicker": "Letter"}, "subsection_name": null, "byline": [], "section_name": "Opinion", "print_page": 0, "keywords": [{"isMajor": "N", "rank": 1, "name": "subject", "value": "Voice and Speech"}], "news_desk": "Letters", "blog": [], "_id": "58bdb20495d0e024902fdd02", "multimedia": [], "source": "The New York Times", "word_count": 107, "lead_paragraph": "A linguist takes issue with the overall negative framing of the behavior.", "type_of_material": "Letter", "slideshow_credits": null}, {"abstract": null, "pub_date": "2017-03-06T18:57:55+0000", "snippet": "Colombian singers Shakira and Carlos Vives on Monday rejected allegations made by a Cuban-born singer and producer that they had plagiarized his work in their award-winning music hit \"La Bicicleta\"....", "web_url": "https://www.nytimes.com/aponline/2017/03/06/arts/ap-eur-spain-la-bicicleta-lawsuit.html", "document_type": "article", "headline": {"print_headline": "'La Bicicleta' Is Original, Say Carlos Vives and Shakira", "main": "'La Bicicleta' Is Original, Say Carlos Vives and Shakira"}, "subsection_name": null, "byline": {"organization": "THE ASSOCIATED PRESS", "person": [], "original": "By THE ASSOCIATED PRESS"}, "section_name": "Arts", "print_page": 0, "keywords": [], "news_desk": "None", "blog": [], "_id": "58bdb13b95d0e024902fdd01", "multimedia": [], "source": "AP", "word_count": 221, "lead_paragraph": "Colombian singers Shakira and Carlos Vives on Monday rejected allegations made by a Cuban-born singer and producer that they had plagiarized his work in their award-winning music hit \"La Bicicleta\".", "type_of_material": "News", "slideshow_credits": null}, {"abstract": null, "pub_date": "2017-03-06T18:57:43+0000", "snippet": "North Korea warned Monday that U.S.-South Korean military exercises, which it called \"the most undisguised nuclear war maneuvers,\" are driving the Korean Peninsula and northeast Asia toward \"nuclear disaster.\"...", "web_url": "https://www.nytimes.com/aponline/2017/03/06/world/asia/ap-un-united-nations-north-korea.html", "document_type": "article", "headline": {"print_headline": "NKorea: US-SKorea Exercises Leading to 'Nuclear Disaster'", "main": "NKorea: US-SKorea Exercises Leading to 'Nuclear Disaster'"}, "subsection_name": "Asia Pacific", "byline": {"organization": "THE ASSOCIATED PRESS", "person": [], "original": "By THE ASSOCIATED PRESS"}, "section_name": "World", "print_page": 0, "keywords": [], "news_desk": "None", "blog": [], "_id": "58bdb12a95d0e024902fdd00", "multimedia": [], "source": "AP", "word_count": 812, "lead_paragraph": "North Korea warned Monday that U.S.-South Korean military exercises, which it called \"the most undisguised nuclear war maneuvers,\" are driving the Korean Peninsula and northeast Asia toward \"nuclear disaster.\"", "type_of_material": "News", "slideshow_credits": null}, {"abstract": null, "pub_date": "2017-03-06T18:57:30+0000", "snippet": "German Chancellor Angela Merkel on Monday said the European Union risked running into trouble unless it allowed members to participate at varying levels of intensity....", "web_url": "https://www.nytimes.com/reuters/2017/03/06/business/06reuters-france-summit-merkel.html", "document_type": "article", "headline": {"print_headline": "European Union Should Be Multi-Speed or We Might Get Stuck-Merkel", "main": "European Union Should Be Multi-Speed or We Might Get Stuck-Merkel"}, "subsection_name": null, "byline": {"organization": "REUTERS", "person": [], "original": "By REUTERS"}, "section_name": "Business Day", "print_page": 0, "keywords": [], "news_desk": "None", "blog": [], "_id": "58bdb12195d0e024902fdcff", "multimedia": [], "source": "Reuters", "word_count": 136, "lead_paragraph": "German Chancellor Angela Merkel on Monday said the European Union risked running into trouble unless it allowed members to participate at varying levels of intensity.", "type_of_material": "News", "slideshow_credits": null}, {"abstract": null, "pub_date": "2017-03-06T18:54:46+0000", "snippet": "Online retail giant Amazon will soon begin collecting taxes on purchases being sent to New Mexico addresses....", "web_url": "https://www.nytimes.com/aponline/2017/03/06/us/ap-us-amazon-sales-tax.html", "document_type": "article", "headline": {"print_headline": "Amazon to Collect Sales Tax in New Mexico Starting in April", "main": "Amazon to Collect Sales Tax in New Mexico Starting in April"}, "subsection_name": null, "byline": {"organization": "THE ASSOCIATED PRESS", "person": [], "original": "By THE ASSOCIATED PRESS"}, "section_name": "U.S.", "print_page": 0, "keywords": [], "news_desk": "None", "blog": [], "_id": "58bdb07b95d0e024902fdcfe", "multimedia": [], "source": "AP", "word_count": 144, "lead_paragraph": "Online retail giant Amazon will soon begin collecting taxes on purchases being sent to New Mexico addresses.", "type_of_material": "News", "slideshow_credits": null}, {"abstract": null, "pub_date": "2017-03-06T18:54:28+0000", "snippet": "Airbus expects the jetliner industry to book almost 30 percent fewer net orders in 2017, but to maintain a slow increase in deliveries, its sales chief said on Monday....", "web_url": "https://www.nytimes.com/reuters/2017/03/06/business/06reuters-aircraft-finance-airbus.html", "document_type": "article", "headline": {"print_headline": "Airbus Sees About 30 Percent Fewer Orders for Jet Industry in 2017", "main": "Airbus Sees About 30 Percent Fewer Orders for Jet Industry in 2017"}, "subsection_name": null, "byline": {"organization": "REUTERS", "person": [], "original": "By REUTERS"}, "section_name": "Business Day", "print_page": 0, "keywords": [], "news_desk": "None", "blog": [], "_id": "58bdb06795d0e024902fdcfd", "multimedia": [], "source": "Reuters", "word_count": 142, "lead_paragraph": "Airbus expects the jetliner industry to book almost 30 percent fewer net orders in 2017, but to maintain a slow increase in deliveries, its sales chief said on Monday.", "type_of_material": "News", "slideshow_credits": null}]}}