{"copyright": "Copyright (c) 2013 The New York Times Company.  All Rights Reserved.", "status": "OK", "response": {"meta": {"offset": 590, "time": 261, "hits": 16085757}, "docs": [{"abstract": null, "pub_date": "2017-03-06T11:42:33+0000", "snippet": "North Korea said on Monday it has designated the Malaysian ambassador to the country as \"persona non grata\" and demanded the envoy leave the country within 48 hours from 10 a.m. on Sunday, its official KCNA news agency said....", "web_url": "https://www.nytimes.com/reuters/2017/03/06/world/asia/06reuters-northkorea-malaysia-kim-diplomacy.html", "document_type": "article", "headline": {"print_headline": "North Korea to Expel Malaysian Envoy in Row Over Bizarre Airport Killing", "main": "North Korea to Expel Malaysian Envoy in Row Over Bizarre Airport Killing"}, "subsection_name": "Asia Pacific", "byline": {"organization": "REUTERS", "person": [], "original": "By REUTERS"}, "section_name": "World", "print_page": 0, "keywords": [], "news_desk": "None", "blog": [], "_id": "58bd4b3895d0e024902fdbe3", "multimedia": [], "source": "Reuters", "word_count": 92, "lead_paragraph": "North Korea said on Monday it has designated the Malaysian ambassador to the country as \"persona non grata\" and demanded the envoy leave the country within 48 hours from 10 a.m. on Sunday, its official KCNA news agency said.", "type_of_material": "News", "slideshow_credits": null}, {"abstract": null, "pub_date": "2017-03-06T11:42:33+0000", "snippet": "Tata Steel Ltd is still in talks with Germany's ThyssenKrupp AG about a potential merger of their European steel assets, the Indian company said on Monday....", "web_url": "https://www.nytimes.com/reuters/2017/03/06/business/06reuters-tata-steel-m-a-thyssenkrupp.html", "document_type": "article", "headline": {"print_headline": "India's Tata Steel Says in 'Constructive Discussions' With ThyssenKrupp", "main": "India's Tata Steel Says in 'Constructive Discussions' With ThyssenKrupp"}, "subsection_name": null, "byline": {"organization": "REUTERS", "person": [], "original": "By REUTERS"}, "section_name": "Business Day", "print_page": 0, "keywords": [], "news_desk": "None", "blog": [], "_id": "58bd4b3195d0e024902fdbe1", "multimedia": [], "source": "Reuters", "word_count": 274, "lead_paragraph": "Tata Steel Ltd is still in talks with Germany's ThyssenKrupp AG about a potential merger of their European steel assets, the Indian company said on Monday.", "type_of_material": "News", "slideshow_credits": null}, {"abstract": null, "pub_date": "2017-03-06T11:39:33+0000", "snippet": "A judge says an Atlanta man accused of threatening the staff of U.S. Rep. John Lewis must undergo a mental health evaluation before the judge will consider releasing him from custody....", "web_url": "https://www.nytimes.com/aponline/2017/03/06/us/ap-us-john-lewis-threats.html", "document_type": "article", "headline": {"print_headline": "Man Accused of Threats to Congressman's Staff Denied Bond", "main": "Man Accused of Threats to Congressman's Staff Denied Bond"}, "subsection_name": null, "byline": {"organization": "THE ASSOCIATED PRESS", "person": [], "original": "By THE ASSOCIATED PRESS"}, "section_name": "U.S.", "print_page": 0, "keywords": [], "news_desk": "None", "blog": [], "_id": "58bd4a7995d0e024902fdbe0", "multimedia": [], "source": "AP", "word_count": 133, "lead_paragraph": "A judge says an Atlanta man accused of threatening the staff of U.S. Rep. John Lewis must undergo a mental health evaluation before the judge will consider releasing him from custody.", "type_of_material": "News", "slideshow_credits": null}, {"abstract": null, "pub_date": "2017-03-06T11:39:29+0000", "snippet": "Britain on Monday urged Kenya to restore law and order in the north of the country after a British rancher was shot dead there....", "web_url": "https://www.nytimes.com/reuters/2017/03/06/world/africa/06reuters-kenya-violence-britain.html", "document_type": "article", "headline": {"print_headline": "Britain Urges Kenya to Restore Order After Rancher Killed", "main": "Britain Urges Kenya to Restore Order After Rancher Killed"}, "subsection_name": "Africa", "byline": {"organization": "REUTERS", "person": [], "original": "By REUTERS"}, "section_name": "World", "print_page": 0, "keywords": [], "news_desk": "None", "blog": [], "_id": "58bd4a7895d0e024902fdbdf", "multimedia": [], "source": "Reuters", "word_count": 289, "lead_paragraph": "Britain on Monday urged Kenya to restore law and order in the north of the country after a British rancher was shot dead there.", "type_of_material": "News", "slideshow_credits": null}, {"abstract": null, "pub_date": "2017-03-06T11:36:33+0000", "snippet": "Chelsea's plans for a new 60,000-capacity stadium at their historic Stamford Bridge home have been approved by Mayor of London Sadiq Khan....", "web_url": "https://www.nytimes.com/reuters/2017/03/06/sports/soccer/06reuters-soccer-england-che-stadium.html", "document_type": "article", "headline": {"print_headline": "Soccer: London Mayor Approves Chelsea's New 'Jewel' of a Stadium", "main": "Soccer: London Mayor Approves Chelsea's New 'Jewel' of a Stadium"}, "subsection_name": "Soccer", "byline": {"organization": "REUTERS", "person": [], "original": "By REUTERS"}, "section_name": "Sports", "print_page": 0, "keywords": [], "news_desk": "None", "blog": [], "_id": "58bd49c595d0e024902fdbdd", "multimedia": [], "source": "Reuters", "word_count": 270, "lead_paragraph": "Chelsea's plans for a new 60,000-capacity stadium at their historic Stamford Bridge home have been approved by Mayor of London Sadiq Khan.", "type_of_material": "News", "slideshow_credits": null}, {"abstract": null, "pub_date": "2017-03-06T11:36:32+0000", "snippet": "Investment firm Standard Life agreed Monday to buy Aberdeen Asset Management for 3.8 billion pounds ($4.7 billion) to create Britain's largest asset management company....", "web_url": "https://www.nytimes.com/aponline/2017/03/06/business/ap-eu-britain-standard-life-aberdeen.html", "document_type": "article", "headline": {"print_headline": "Standard Life and Aberdeen Agree on Terms for Merger", "main": "Standard Life and Aberdeen Agree on Terms for Merger"}, "subsection_name": null, "byline": {"organization": "THE ASSOCIATED PRESS", "person": [], "original": "By THE ASSOCIATED PRESS"}, "section_name": "Business Day", "print_page": 0, "keywords": [], "news_desk": "None", "blog": [], "_id": "58bd49c995d0e024902fdbde", "multimedia": [], "source": "AP", "word_count": 355, "lead_paragraph": "Investment firm Standard Life agreed Monday to buy Aberdeen Asset Management for 3.8 billion pounds ($4.7 billion) to create Britain's largest asset management company.", "type_of_material": "News", "slideshow_credits": null}, {"abstract": null, "pub_date": "2017-03-06T11:30:31+0000", "snippet": "The leader of Germany's Turkish community on Monday accused President Tayyip Erdogan of damaging ties between the two NATO allies by likening bans on political rallies by Turks in Germany  to \"fascist actions\" reminiscent of Nazi times....", "web_url": "https://www.nytimes.com/reuters/2017/03/06/world/europe/06reuters-turkey-security-germany.html", "document_type": "article", "headline": {"print_headline": "Germany's Turkish Community Say Erdogan Went Too Far With Nazi Comments", "main": "Germany's Turkish Community Say Erdogan Went Too Far With Nazi Comments"}, "subsection_name": "Europe", "byline": {"organization": "REUTERS", "person": [], "original": "By REUTERS"}, "section_name": "World", "print_page": 0, "keywords": [], "news_desk": "None", "blog": [], "_id": "58bd485d95d0e024902fdbdc", "multimedia": [], "source": "Reuters", "word_count": 440, "lead_paragraph": "The leader of Germany's Turkish community on Monday accused President Tayyip Erdogan of damaging ties between the two NATO allies by likening bans on political rallies by Turks in Germany  to \"fascist actions\" reminiscent of Nazi times.", "type_of_material": "News", "slideshow_credits": null}, {"abstract": null, "pub_date": "2017-03-06T11:27:30+0000", "snippet": "Two days before Nigeria shuts down Abuja's airport for repairs to its dilapidated runway, workers still need to fit electrics, seating and toilets to a new terminal at Kaduna, which will handle the capital's air traffic but lacks capacity....", "web_url": "https://www.nytimes.com/reuters/2017/03/06/world/africa/06reuters-nigeria-airport.html", "document_type": "article", "headline": {"print_headline": "Nigeria Racing to Add Capacity to Provincial Airport Before Abuja Closure", "main": "Nigeria Racing to Add Capacity to Provincial Airport Before Abuja Closure"}, "subsection_name": "Africa", "byline": {"organization": "REUTERS", "person": [], "original": "By REUTERS"}, "section_name": "World", "print_page": 0, "keywords": [], "news_desk": "None", "blog": [], "_id": "58bd47a995d0e024902fdbda", "multimedia": [], "source": "Reuters", "word_count": 404, "lead_paragraph": "Two days before Nigeria shuts down Abuja's airport for repairs to its dilapidated runway, workers still need to fit electrics, seating and toilets to a new terminal at Kaduna, which will handle the capital's air traffic but lacks capacity.", "type_of_material": "News", "slideshow_credits": null}, {"abstract": null, "pub_date": "2017-03-06T11:27:28+0000", "snippet": "Troubled platinum miner Lonmin said on Monday its chief operating officer (COO) has resigned for personal reasons....", "web_url": "https://www.nytimes.com/reuters/2017/03/06/business/06reuters-lonmin-moves.html", "document_type": "article", "headline": {"print_headline": "Lonmin's Chief Operating Officer to Step Down Next Month", "main": "Lonmin's Chief Operating Officer to Step Down Next Month"}, "subsection_name": null, "byline": {"organization": "REUTERS", "person": [], "original": "By REUTERS"}, "section_name": "Business Day", "print_page": 0, "keywords": [], "news_desk": "None", "blog": [], "_id": "58bd47ac95d0e024902fdbdb", "multimedia": [], "source": "Reuters", "word_count": 339, "lead_paragraph": "Troubled platinum miner Lonmin said on Monday its chief operating officer (COO) has resigned for personal reasons.", "type_of_material": "News", "slideshow_credits": null}, {"abstract": null, "pub_date": "2017-03-06T11:25:55+0000", "snippet": "Ms. McCartney presents her fall designs....", "web_url": "https://www.nytimes.com/slideshow/2017/03/06/fashion/runway-womens/stella-mccartney-fall-2017.html", "document_type": "multimedia", "headline": {"main": "Stella McCartney: Fall 2017"}, "subsection_name": "Women's Runway", "byline": [], "section_name": "Fashion & Style", "print_page": 0, "keywords": [{"isMajor": "N", "rank": 1, "name": "persons", "value": "McCartney, Stella"}], "news_desk": "Fashion & Style", "blog": [], "_id": "58bd475595d0e024902fdbd9", "multimedia": [{"rank": 0, "url": "images/2017/03/06/fashion/runway-womens/smccartney-fall-2017-rtw-slide-EJ93/smccartney-fall-2017-rtw-slide-EJ93-thumbStandard.jpg", "width": 75, "height": 75, "type": "image", "legacy": {"thumbnailwidth": 75, "thumbnail": "images/2017/03/06/fashion/runway-womens/smccartney-fall-2017-rtw-slide-EJ93/smccartney-fall-2017-rtw-slide-EJ93-thumbStandard.jpg", "thumbnailheight": 75}, "subtype": "thumbnail"}, {"rank": 0, "url": "images/2017/03/06/fashion/runway-womens/smccartney-fall-2017-rtw-slide-EJ93/smccartney-fall-2017-rtw-slide-EJ93-thumbWide.jpg", "width": 190, "height": 126, "type": "image", "legacy": {"wideheight": 126, "wide": "images/2017/03/06/fashion/runway-womens/smccartney-fall-2017-rtw-slide-EJ93/smccartney-fall-2017-rtw-slide-EJ93-thumbWide.jpg", "widewidth": 190}, "subtype": "wide"}, {"rank": 0, "url": "images/2017/03/06/fashion/runway-womens/smccartney-fall-2017-rtw-slide-EJ93/smccartney-fall-2017-rtw-slide-EJ93-articleLarge.jpg", "width": 600, "height": 900, "type": "image", "legacy": {"xlarge": "images/2017/03/06/fashion/runway-womens/smccartney-fall-2017-rtw-slide-EJ93/smccartney-fall-2017-rtw-slide-EJ93-articleLarge.jpg", "xlargeheight": 900, "xlargewidth": 600}, "subtype": "xlarge"}], "source": "The New York Times", "word_count": 6, "lead_paragraph": "Ms. McCartney presents her fall designs.", "type_of_material": "Slideshow", "slideshow_credits": "Guillaume Roujas/Nowfashion"}]}}