{"status": "OK", "copyright": "Copyright (c) 2013 The New York Times Company.  All Rights Reserved.", "response": {"meta": {"hits": 16084808, "time": 177, "offset": 280}, "docs": [{"lead_paragraph": "The Capitals and Flyers tried to pummel each other out of the gate Saturday night, then Washington settled things on special teams.", "section_name": "Sports", "slideshow_credits": null, "print_page": 0, "subsection_name": "Hockey", "pub_date": "2017-03-05T03:21:37+0000", "type_of_material": "News", "multimedia": [], "_id": "58bb844695d0e024902fd962", "blog": [], "document_type": "article", "headline": {"print_headline": "Backstrom Scores in OT as Capitals Beat Flyers", "main": "Backstrom Scores in OT as Capitals Beat Flyers"}, "source": "AP", "word_count": 643, "abstract": null, "keywords": [], "byline": {"person": [], "organization": "THE ASSOCIATED PRESS", "original": "By THE ASSOCIATED PRESS"}, "snippet": "The Capitals and Flyers tried to pummel each other out of the gate Saturday night, then Washington settled things on special teams....", "web_url": "https://www.nytimes.com/aponline/2017/03/04/sports/hockey/ap-hkn-flyers-capitals.html", "news_desk": "None"}, {"lead_paragraph": "First-year coach Ray Harper wants Jacksonville State to be as successful in basketball as the school is in football.", "section_name": "Sports", "slideshow_credits": null, "print_page": 0, "subsection_name": "College Basketball", "pub_date": "2017-03-05T03:18:42+0000", "type_of_material": "News", "multimedia": [], "_id": "58bb839895d0e024902fd961", "blog": [], "document_type": "article", "headline": {"print_headline": "NCAA Newcomer! Jacksonville State Wins Ohio Valley Crown", "main": "NCAA Newcomer! Jacksonville State Wins Ohio Valley Crown"}, "source": "AP", "word_count": 709, "abstract": null, "keywords": [], "byline": {"person": [], "organization": "THE ASSOCIATED PRESS", "original": "By THE ASSOCIATED PRESS"}, "snippet": "First-year coach Ray Harper wants Jacksonville State to be as successful in basketball as the school is in football....", "web_url": "https://www.nytimes.com/aponline/2017/03/04/sports/ncaabasketball/ap-bkc-ovc-jacksonville-state-ut-martin.html", "news_desk": "None"}, {"lead_paragraph": "Connor Hellebuyck was kicking himself a little bit &#8212; even though his Winnipeg Jets won.", "section_name": "Sports", "slideshow_credits": null, "print_page": 0, "subsection_name": "Hockey", "pub_date": "2017-03-05T03:18:41+0000", "type_of_material": "News", "multimedia": [], "_id": "58bb839895d0e024902fd960", "blog": [], "document_type": "article", "headline": {"print_headline": "Wheeler, Ehlers Lead Jets to 6-1 Rout of Avalanche", "main": "Wheeler, Ehlers Lead Jets to 6-1 Rout of Avalanche"}, "source": "AP", "word_count": 641, "abstract": null, "keywords": [], "byline": {"person": [], "organization": "THE ASSOCIATED PRESS", "original": "By THE ASSOCIATED PRESS"}, "snippet": "Connor Hellebuyck was kicking himself a little bit &#8212; even though his Winnipeg Jets won....", "web_url": "https://www.nytimes.com/aponline/2017/03/04/sports/hockey/ap-hkn-avalanche-jets.html", "news_desk": "None"}, {"lead_paragraph": "The Tampa Bay Lightning had seen Nikita Kucherov try the move in practice before, but never in an NHL game.", "section_name": "Sports", "slideshow_credits": null, "print_page": 0, "subsection_name": "Hockey", "pub_date": "2017-03-05T03:18:39+0000", "type_of_material": "News", "multimedia": [], "_id": "58bb839295d0e024902fd95f", "blog": [], "document_type": "article", "headline": {"print_headline": "Point, Kucherov Score in SO, Lead Lightning Past Sabres 2-1", "main": "Point, Kucherov Score in SO, Lead Lightning Past Sabres 2-1"}, "source": "AP", "word_count": 743, "abstract": null, "keywords": [], "byline": {"person": [], "organization": "THE ASSOCIATED PRESS", "original": "By THE ASSOCIATED PRESS"}, "snippet": "The Tampa Bay Lightning had seen Nikita Kucherov try the move in practice before, but never in an NHL game....", "web_url": "https://www.nytimes.com/aponline/2017/03/04/sports/hockey/ap-hkn-lightning-sabres.html", "news_desk": "None"}, {"lead_paragraph": "Barb Moxness shot a 5-under 67 on Saturday to take a one-stroke lead after the first round of The Legends Tour's Walgreens Charity Classic.", "section_name": "Sports", "slideshow_credits": null, "print_page": 0, "subsection_name": "Golf", "pub_date": "2017-03-05T03:12:49+0000", "type_of_material": "News", "multimedia": [], "_id": "58bb823d95d0e024902fd95e", "blog": [], "document_type": "article", "headline": {"print_headline": "Barb Moxness Leads Legends Tour's Walgreens Charity Classic.", "main": "Barb Moxness Leads Legends Tour's Walgreens Charity Classic."}, "source": "AP", "word_count": 101, "abstract": null, "keywords": [], "byline": {"person": [], "organization": "THE ASSOCIATED PRESS", "original": "By THE ASSOCIATED PRESS"}, "snippet": "Barb Moxness shot a 5-under 67 on Saturday to take a one-stroke lead after the first round of The Legends Tour's Walgreens Charity Classic....", "web_url": "https://www.nytimes.com/aponline/2017/03/04/sports/golf/ap-glf-legends-tour.html", "news_desk": "None"}, {"lead_paragraph": "Austrian Chancellor Christian Kern on Sunday called for a European Union-wide ban on campaign appearances by Turkish politicians to avoid having individual member countries like Germany come under pressure from Ankara.", "section_name": "World", "slideshow_credits": null, "print_page": 0, "subsection_name": "Europe", "pub_date": "2017-03-05T03:09:27+0000", "type_of_material": "News", "multimedia": [], "_id": "58bb816c95d0e024902fd95d", "blog": [], "document_type": "article", "headline": {"print_headline": "Austrian Chancellor Calls for EU-Wide Ban on Turkish Campaigning", "main": "Austrian Chancellor Calls for EU-Wide Ban on Turkish Campaigning"}, "source": "Reuters", "word_count": 284, "abstract": null, "keywords": [], "byline": {"person": [], "organization": "REUTERS", "original": "By REUTERS"}, "snippet": "Austrian Chancellor Christian Kern on Sunday called for a European Union-wide ban on campaign appearances by Turkish politicians to avoid having individual member countries like Germany come under pressure from Ankara....", "web_url": "https://www.nytimes.com/reuters/2017/03/04/world/europe/04reuters-turkey-security-austria.html", "news_desk": "None"}, {"lead_paragraph": "The Ottawa Senators got a tough contest from one of the league's best teams and had enough to come out the winners.", "section_name": "Sports", "slideshow_credits": null, "print_page": 0, "subsection_name": "Hockey", "pub_date": "2017-03-05T03:06:38+0000", "type_of_material": "News", "multimedia": [], "_id": "58bb80c295d0e024902fd95c", "blog": [], "document_type": "article", "headline": {"print_headline": "Smith Scores Short-Handed to Lift Senators Over Jackets 3-2", "main": "Smith Scores Short-Handed to Lift Senators Over Jackets 3-2"}, "source": "AP", "word_count": 498, "abstract": null, "keywords": [], "byline": {"person": [], "organization": "THE ASSOCIATED PRESS", "original": "By THE ASSOCIATED PRESS"}, "snippet": "The Ottawa Senators got a tough contest from one of the league's best teams and had enough to come out the winners....", "web_url": "https://www.nytimes.com/aponline/2017/03/04/sports/hockey/ap-hkn-blue-jackets-senators.html", "news_desk": "None"}, {"lead_paragraph": "The Boston Bruins had a goal pulled off the board and allowed a tying one seconds after a weird stoppage.", "section_name": "Sports", "slideshow_credits": null, "print_page": 0, "subsection_name": "Hockey", "pub_date": "2017-03-05T02:54:43+0000", "type_of_material": "News", "multimedia": [], "_id": "58bb7df995d0e024902fd95b", "blog": [], "document_type": "article", "headline": {"print_headline": "Surging Bruins Edge Devils 3-2 on Spooner's Goal", "main": "Surging Bruins Edge Devils 3-2 on Spooner's Goal"}, "source": "AP", "word_count": 622, "abstract": null, "keywords": [], "byline": {"person": [], "organization": "THE ASSOCIATED PRESS", "original": "By THE ASSOCIATED PRESS"}, "snippet": "The Boston Bruins had a goal pulled off the board and allowed a tying one seconds after a weird stoppage....", "web_url": "https://www.nytimes.com/aponline/2017/03/04/sports/hockey/ap-hkn-devils-bruins.html", "news_desk": "None"}, {"lead_paragraph": "Myles Garrett might be a nice guy off the football field.", "section_name": "Sports", "slideshow_credits": null, "print_page": 0, "subsection_name": "Pro Football", "pub_date": "2017-03-05T02:51:42+0000", "type_of_material": "News", "multimedia": [], "_id": "58bb7d4495d0e024902fd95a", "blog": [], "document_type": "article", "headline": {"print_headline": "Strong Class of Pass Rushers Could Go Quickly in NFL Draft", "main": "Strong Class of Pass Rushers Could Go Quickly in NFL Draft"}, "source": "AP", "word_count": 765, "abstract": null, "keywords": [], "byline": {"person": [], "organization": "THE ASSOCIATED PRESS", "original": "By THE ASSOCIATED PRESS"}, "snippet": "Myles Garrett might be a nice guy off the football field....", "web_url": "https://www.nytimes.com/aponline/2017/03/04/sports/football/ap-fbn-nfl-combine-pass-rushing-run.html", "news_desk": "None"}, {"lead_paragraph": "This is why they call Erickson Lubin \"Hammer Time.\"", "section_name": "Sports", "slideshow_credits": null, "print_page": 0, "subsection_name": null, "pub_date": "2017-03-05T02:48:49+0000", "type_of_material": "News", "multimedia": [], "_id": "58bb7c9a95d0e024902fd959", "blog": [], "document_type": "article", "headline": {"print_headline": "Hammer Time: Lubin Remains Unbeaten With KO of Cota", "main": "Hammer Time: Lubin Remains Unbeaten With KO of Cota"}, "source": "AP", "word_count": 349, "abstract": null, "keywords": [], "byline": {"person": [], "organization": "THE ASSOCIATED PRESS", "original": "By THE ASSOCIATED PRESS"}, "snippet": "This is why they call Erickson Lubin \"Hammer Time.\"...", "web_url": "https://www.nytimes.com/aponline/2017/03/04/sports/ap-box-thurman-garcia-undercard.html", "news_desk": "None"}]}}