{"copyright": "Copyright (c) 2013 The New York Times Company.  All Rights Reserved.", "response": {"meta": {"time": 206, "hits": 16084464, "offset": 1110}, "docs": [{"keywords": [], "word_count": 924, "web_url": "https://www.nytimes.com/aponline/2017/03/03/us/ap-us-atlanta-jewish-community-hate.html", "news_desk": "None", "slideshow_credits": null, "pub_date": "2017-03-03T08:09:33+0000", "subsection_name": null, "lead_paragraph": "Amid a surge of bomb threats and vandalism at Jewish institutions nationwide, members of Atlanta's Jewish community have felt a familiar wave of apprehension about what may come next.", "abstract": null, "headline": {"main": "In Atlanta, Anti-Semitism Is Viewed Through Lens of History", "print_headline": "In Atlanta, Anti-Semitism Is Viewed Through Lens of History"}, "type_of_material": "News", "blog": [], "document_type": "article", "source": "AP", "print_page": 0, "snippet": "Amid a surge of bomb threats and vandalism at Jewish institutions nationwide, members of Atlanta's Jewish community have felt a familiar wave of apprehension about what may come next....", "byline": {"original": "By THE ASSOCIATED PRESS", "person": [], "organization": "THE ASSOCIATED PRESS"}, "section_name": "U.S.", "multimedia": [], "_id": "58b924c195d0e024902fd4ba"}, {"keywords": [], "word_count": 793, "web_url": "https://www.nytimes.com/aponline/2017/03/03/world/africa/ap-af-somalia-us-military.html", "news_desk": "None", "slideshow_credits": null, "pub_date": "2017-03-03T08:06:38+0000", "subsection_name": "Africa", "lead_paragraph": "With frequent suicide bombings and assaults on Somalia's hotels and military targets, the Islamic extremist group al-Shabab has proved more resilient than expected, leading President Donald Trump's administration to pursue wider military involvement here as current strategies, including drone attacks, are not enough, security experts say.", "abstract": null, "headline": {"main": "US Steps Up in Somalia as Al-Shabab Proves a Stubborn Foe", "print_headline": "US Steps Up in Somalia as Al-Shabab Proves a Stubborn Foe"}, "type_of_material": "News", "blog": [], "document_type": "article", "source": "AP", "print_page": 0, "snippet": "With frequent suicide bombings and assaults on Somalia's hotels and military targets, the Islamic extremist group al-Shabab has proved more resilient than expected, leading President Donald Trump's administration to pursue wider military involveme...", "byline": {"original": "By THE ASSOCIATED PRESS", "person": [], "organization": "THE ASSOCIATED PRESS"}, "section_name": "World", "multimedia": [], "_id": "58b9241795d0e024902fd4b9"}, {"keywords": [], "word_count": 211, "web_url": "https://www.nytimes.com/reuters/2017/03/03/business/03reuters-soccer-england-mid-karanka.html", "news_desk": "None", "slideshow_credits": null, "pub_date": "2017-03-03T08:06:29+0000", "subsection_name": null, "lead_paragraph": "Middlesbrough manager Aitor Karanka is not worried about the possibility of losing his job and the Spaniard is fully focussed on keeping his struggling team in the Premier League.", "abstract": null, "headline": {"main": "Karanka Does Not Fear Sack, Focussed on Middlesbrough Survival", "print_headline": "Karanka Does Not Fear Sack, Focussed on Middlesbrough Survival"}, "type_of_material": "News", "blog": [], "document_type": "article", "source": "Reuters", "print_page": 0, "snippet": "Middlesbrough manager Aitor Karanka is not worried about the possibility of losing his job and the Spaniard is fully focussed on keeping his struggling team in the Premier League....", "byline": {"original": "By REUTERS", "person": [], "organization": "REUTERS"}, "section_name": "Business Day", "multimedia": [], "_id": "58b9240b95d0e024902fd4b8"}, {"keywords": [], "word_count": 951, "web_url": "https://www.nytimes.com/aponline/2017/03/03/technology/ap-us-tec-nintendo-switch.html", "news_desk": "None", "slideshow_credits": null, "pub_date": "2017-03-03T08:03:50+0000", "subsection_name": null, "lead_paragraph": "With three kids and constant travel for work, John Hussey jumped at the chance to play an open-world adventure game like \"The Legend of Zelda: Breath of the Wild\" anywhere, anytime.", "abstract": null, "headline": {"main": "Nintendo Switch's Big Challenge: Luring Casual Gamers", "print_headline": "Nintendo Switch's Big Challenge: Luring Casual Gamers"}, "type_of_material": "News", "blog": [], "document_type": "article", "source": "AP", "print_page": 0, "snippet": "With three kids and constant travel for work, John Hussey jumped at the chance to play an open-world adventure game like \"The Legend of Zelda: Breath of the Wild\" anywhere, anytime....", "byline": {"original": "By THE ASSOCIATED PRESS", "person": [], "organization": "THE ASSOCIATED PRESS"}, "section_name": "Technology", "multimedia": [], "_id": "58b9236d95d0e024902fd4b7"}, {"keywords": [], "word_count": 734, "web_url": "https://www.nytimes.com/aponline/2017/03/03/sports/baseball/ap-bbn-rockies-ardent-arenado.html", "news_desk": "None", "slideshow_credits": null, "pub_date": "2017-03-03T08:03:47+0000", "subsection_name": "Baseball", "lead_paragraph": "Every once in a while, Nolan Arenado runs across a story that mentions his name and makes him shake his head.", "abstract": null, "headline": {"main": "Fact: Rockies 3B Nolan Arenado Stacks Up With Best in Majors", "print_headline": "Fact: Rockies 3B Nolan Arenado Stacks Up With Best in Majors"}, "type_of_material": "News", "blog": [], "document_type": "article", "source": "AP", "print_page": 0, "snippet": "Every once in a while, Nolan Arenado runs across a story that mentions his name and makes him shake his head....", "byline": {"original": "By THE ASSOCIATED PRESS", "person": [], "organization": "THE ASSOCIATED PRESS"}, "section_name": "Sports", "multimedia": [], "_id": "58b9236995d0e024902fd4b6"}, {"keywords": [], "word_count": 800, "web_url": "https://www.nytimes.com/aponline/2017/03/03/us/politics/ap-us-yellen-.html", "news_desk": "None", "slideshow_credits": null, "pub_date": "2017-03-03T08:03:42+0000", "subsection_name": "Politics", "lead_paragraph": "One by one, several Federal Reserve officials have signaled in recent days that the Fed is ready to resume raising interest rates as soon as this month. The question is whether the official who matters most &#8212; Chair Janet Yellen &#8212; will add her own voice to that impression.", "abstract": null, "headline": {"main": "Yellen to Speak After Fed Officials Hint Rate Hike Is Near", "print_headline": "Yellen to Speak After Fed Officials Hint Rate Hike Is Near"}, "type_of_material": "News", "blog": [], "document_type": "article", "source": "AP", "print_page": 0, "snippet": "One by one, several Federal Reserve officials have signaled in recent days that the Fed is ready to resume raising interest rates as soon as this month. The question is whether the official who matters most &#8212; Chair Janet Yellen &#8212; will ...", "byline": {"original": "By THE ASSOCIATED PRESS", "person": [], "organization": "THE ASSOCIATED PRESS"}, "section_name": "U.S.", "multimedia": [], "_id": "58b9236295d0e024902fd4b5"}, {"keywords": [], "word_count": 804, "web_url": "https://www.nytimes.com/reuters/2017/03/03/business/03reuters-southkorea-china-tourism.html", "news_desk": "None", "slideshow_credits": null, "pub_date": "2017-03-03T08:03:30+0000", "subsection_name": null, "lead_paragraph": "South Korean companies on Friday bore the brunt of a perceived backlash from China over the deployment of a U.S. missile system outside Seoul, with shares tumbling on media reports of Beijing telling tour operators to stop selling trips to the country.", "abstract": null, "headline": {"main": "Fears of Chinese Backlash Over Missile Defence Hit South Korean Firms", "print_headline": "Fears of Chinese Backlash Over Missile Defence Hit South Korean Firms"}, "type_of_material": "News", "blog": [], "document_type": "article", "source": "Reuters", "print_page": 0, "snippet": "South Korean companies on Friday bore the brunt of a perceived backlash from China over the deployment of a U.S. missile system outside Seoul, with shares tumbling on media reports of Beijing telling tour operators to stop selling trips to the cou...", "byline": {"original": "By REUTERS", "person": [], "organization": "REUTERS"}, "section_name": "Business Day", "multimedia": [], "_id": "58b9235795d0e024902fd4b4"}, {"keywords": [{"value": "Photography", "isMajor": "N", "rank": 1, "name": "subject"}, {"value": "Facebook Inc", "isMajor": "N", "rank": 1, "name": "organizations"}, {"value": "Instagram Inc", "isMajor": "N", "rank": 2, "name": "organizations"}, {"value": "New York Times", "isMajor": "N", "rank": 3, "name": "organizations"}], "word_count": 26, "web_url": "http://lens.blogs.nytimes.com/2017/03/03/the-week-in-pictures-march-3-2017/", "news_desk": null, "slideshow_credits": null, "pub_date": "2017-03-03T08:00:18+0000", "subsection_name": null, "lead_paragraph": null, "abstract": "Photos by The New York Times and by photographers from around the world.", "headline": {"kicker": "Lens", "main": "The Week in Pictures: March 3, 2017"}, "type_of_material": "Blog", "blog": [], "document_type": "blogpost", "source": "The New York Times", "print_page": 0, "snippet": "Photos by The New York Times and by photographers from around the world....", "byline": {"original": "By THE NEW YORK TIMES", "person": [], "organization": "The New York Times"}, "section_name": "Multimedia/Photos", "multimedia": [], "_id": "58b9232695d0e024902fd4b3"}, {"keywords": [], "word_count": 878, "web_url": "https://www.nytimes.com/aponline/2017/03/03/sports/golf/ap-glf-on-the-tee.html", "news_desk": "None", "slideshow_credits": null, "pub_date": "2017-03-03T07:57:30+0000", "subsection_name": "Golf", "lead_paragraph": "Dustin Johnson thought he had the altitude figured out.", "abstract": null, "headline": {"main": "Chapultepec Golf Club No Pushover at Mexico Championship", "print_headline": "Chapultepec Golf Club No Pushover at Mexico Championship"}, "type_of_material": "News", "blog": [], "document_type": "article", "source": "AP", "print_page": 0, "snippet": "Dustin Johnson thought he had the altitude figured out....", "byline": {"original": "By THE ASSOCIATED PRESS", "person": [], "organization": "THE ASSOCIATED PRESS"}, "section_name": "Sports", "multimedia": [], "_id": "58b921f195d0e024902fd4b2"}, {"keywords": [], "word_count": 519, "web_url": "https://www.nytimes.com/reuters/2017/03/03/world/europe/03reuters-ukraine-crisis-corruption.html", "news_desk": "None", "slideshow_credits": null, "pub_date": "2017-03-03T07:54:28+0000", "subsection_name": "Europe", "lead_paragraph": "Ukrainian state agencies sought to detain the head of the tax and customs service on Friday over the alleged embezzlement of around $75 million - a potentially landmark case after patchy anti-graft efforts from the Western-backed authorities. ", "abstract": null, "headline": {"main": "Ukraine Tax Chief Falls Ill as Police Close in Over $75 Million Graft", "print_headline": "Ukraine Tax Chief Falls Ill as Police Close in Over $75 Million Graft"}, "type_of_material": "News", "blog": [], "document_type": "article", "source": "Reuters", "print_page": 0, "snippet": "Ukrainian state agencies sought to detain the head of the tax and customs service on Friday over the alleged embezzlement of around $75 million - a potentially landmark case after patchy anti-graft efforts from the Western-backed authorities....", "byline": {"original": "By REUTERS", "person": [], "organization": "REUTERS"}, "section_name": "World", "multimedia": [], "_id": "58b9213995d0e024902fd4b1"}]}, "status": "OK"}