{"status": "OK", "response": {"docs": [{"subsection_name": "Africa", "byline": {"organization": "THE ASSOCIATED PRESS", "person": [], "original": "By THE ASSOCIATED PRESS"}, "source": "AP", "slideshow_credits": null, "keywords": [], "print_page": 0, "document_type": "article", "multimedia": [], "blog": [], "section_name": "World", "word_count": 129, "web_url": "https://www.nytimes.com/aponline/2017/03/06/world/africa/ap-af-mali-violence.html", "pub_date": "2017-03-06T08:51:41+0000", "lead_paragraph": "Suspected jihadists from Burkina Faso have attacked a Malian military post across the border, killing at least a dozen Malian soldiers.", "type_of_material": "News", "news_desk": "None", "snippet": "Suspected jihadists from Burkina Faso have attacked a Malian military post across the border, killing at least a dozen Malian soldiers....", "_id": "58bd232395d0e024902fdb7c", "abstract": null, "headline": {"main": "Suspected Jihadists Attack Mali Military Position; 12 Dead", "print_headline": "Suspected Jihadists Attack Mali Military Position; 12 Dead"}}, {"subsection_name": "Europe", "byline": {"organization": "REUTERS", "person": [], "original": "By REUTERS"}, "source": "Reuters", "slideshow_credits": null, "keywords": [], "print_page": 0, "document_type": "article", "multimedia": [], "blog": [], "section_name": "World", "word_count": 626, "web_url": "https://www.nytimes.com/reuters/2017/03/06/world/europe/06reuters-france-election.html", "pub_date": "2017-03-06T08:51:29+0000", "lead_paragraph": "Former prime minister Alain Juppe said on Monday he had decided \"once and for all\" not to stand in France's presidential election, dashing the hopes of many in his conservative party whose scandal-hit candidate faces defeat.", "type_of_material": "News", "news_desk": "None", "snippet": "Former prime minister Alain Juppe said on Monday he had decided \"once and for all\" not to stand in France's presidential election, dashing the hopes of many in his conservative party whose scandal-hit candidate faces defeat....", "_id": "58bd231495d0e024902fdb7b", "abstract": null, "headline": {"main": "Juppe Says No to French Presidential Bid but Slams Candidate Fillon", "print_headline": "Juppe Says No to French Presidential Bid but Slams Candidate Fillon"}}, {"subsection_name": null, "byline": {"organization": "THE ASSOCIATED PRESS", "person": [], "original": "By THE ASSOCIATED PRESS"}, "source": "AP", "slideshow_credits": null, "keywords": [], "print_page": 0, "document_type": "article", "multimedia": [], "blog": [], "section_name": "U.S.", "word_count": 203, "web_url": "https://www.nytimes.com/aponline/2017/03/06/us/ap-us-ap-poll-american-identity-method.html", "pub_date": "2017-03-06T08:48:49+0000", "lead_paragraph": "The Associated Press-NORC Center for Public Affairs Research poll on the national identity of the United States was conducted by NORC on Feb. 16-20. It is based on online and telephone interviews of 1,004 adults who are members of NORC's nationally representative AmeriSpeak panel.", "type_of_material": "News", "news_desk": "None", "snippet": "The Associated Press-NORC Center for Public Affairs Research poll on the national identity of the United States was conducted by NORC on Feb. 16-20. It is based on online and telephone interviews of 1,004 adults who are members of NORC's nationall...", "_id": "58bd227995d0e024902fdb7a", "abstract": null, "headline": {"main": "How the AP-NORC Poll on American Identity Was Conducted", "print_headline": "How the AP-NORC Poll on American Identity Was Conducted"}}, {"subsection_name": "Middle East", "byline": {"organization": "REUTERS", "person": [], "original": "By REUTERS"}, "source": "Reuters", "slideshow_credits": null, "keywords": [], "print_page": 0, "document_type": "article", "multimedia": [], "blog": [], "section_name": "World", "word_count": 168, "web_url": "https://www.nytimes.com/reuters/2017/03/06/world/middleeast/06reuters-yemen-security.html", "pub_date": "2017-03-06T08:48:28+0000", "lead_paragraph": "Suspected U.S. drones fired missiles at al Qaeda targets in two separate attacks in Yemen on Monday, residents said, extending several days of U.S. strikes against the militants.", "type_of_material": "News", "news_desk": "None", "snippet": "Suspected U.S. drones fired missiles at al Qaeda targets in two separate attacks in Yemen on Monday, residents said, extending several days of U.S. strikes against the militants....", "_id": "58bd226195d0e024902fdb79", "abstract": null, "headline": {"main": "Suspected U.S. Drones Hit Al Qaeda Targets in Yemen: Residents", "print_headline": "Suspected U.S. Drones Hit Al Qaeda Targets in Yemen: Residents"}}, {"subsection_name": null, "byline": {"organization": "THE ASSOCIATED PRESS", "person": [], "original": "By THE ASSOCIATED PRESS"}, "source": "AP", "slideshow_credits": null, "keywords": [], "print_page": 0, "document_type": "article", "multimedia": [], "blog": [], "section_name": "U.S.", "word_count": 941, "web_url": "https://www.nytimes.com/aponline/2017/03/06/us/ap-us-ap-poll-american-identity.html", "pub_date": "2017-03-06T08:45:43+0000", "lead_paragraph": "Add one more to the list of things dividing left and right in this country: We can't even agree what it means to be an American.", "type_of_material": "News", "news_desk": "None", "snippet": "Add one more to the list of things dividing left and right in this country: We can't even agree what it means to be an American....", "_id": "58bd21bc95d0e024902fdb78", "abstract": null, "headline": {"main": "AP-NORC Poll: Political Divide Over American Identity", "print_headline": "AP-NORC Poll: Political Divide Over American Identity"}}, {"subsection_name": "Politics", "byline": {"organization": "THE ASSOCIATED PRESS", "person": [], "original": "By THE ASSOCIATED PRESS"}, "source": "AP", "slideshow_credits": null, "keywords": [], "print_page": 0, "document_type": "article", "multimedia": [], "blog": [], "section_name": "U.S.", "word_count": 898, "web_url": "https://www.nytimes.com/aponline/2017/03/06/us/politics/ap-us-democrats-liberal-outcry.html", "pub_date": "2017-03-06T08:42:41+0000", "lead_paragraph": "Four days after Donald Trump's surprising White House victory, the liberal organization CREDO Action fired off a frantic warning to its 4.6 million anxious supporters.", "type_of_material": "News", "news_desk": "None", "snippet": "Four days after Donald Trump's surprising White House victory, the liberal organization CREDO Action fired off a frantic warning to its 4.6 million anxious supporters....", "_id": "58bd210995d0e024902fdb77", "abstract": null, "headline": {"main": "Liberals Seeking a Comeback Take Aim at Their Own Party", "print_headline": "Liberals Seeking a Comeback Take Aim at Their Own Party"}}, {"subsection_name": "Politics", "byline": {"organization": "THE ASSOCIATED PRESS", "person": [], "original": "By THE ASSOCIATED PRESS"}, "source": "AP", "slideshow_credits": null, "keywords": [], "print_page": 0, "document_type": "article", "multimedia": [], "blog": [], "section_name": "U.S.", "word_count": 1167, "web_url": "https://www.nytimes.com/aponline/2017/03/06/us/politics/ap-us-trump-hotel.html", "pub_date": "2017-03-06T08:42:39+0000", "lead_paragraph": "At a circular booth in the middle of the Trump International Hotel's balcony restaurant, President Donald Trump dined on his steak &#8212; well-done, with ketchup &#8212; while chatting with British Brexit politician Nigel Farage.", "type_of_material": "News", "news_desk": "None", "snippet": "At a circular booth in the middle of the Trump International Hotel's balcony restaurant, President Donald Trump dined on his steak &#8212; well-done, with ketchup &#8212; while chatting with British Brexit politician Nigel Farage....", "_id": "58bd210995d0e024902fdb76", "abstract": null, "headline": {"main": "Trump Hotel Is the Place to Be in the Nation's Capital", "print_headline": "Trump Hotel Is the Place to Be in the Nation's Capital"}}, {"subsection_name": "Politics", "byline": {"organization": "THE ASSOCIATED PRESS", "person": [], "original": "By THE ASSOCIATED PRESS"}, "source": "AP", "slideshow_credits": null, "keywords": [], "print_page": 0, "document_type": "article", "multimedia": [], "blog": [], "section_name": "U.S.", "word_count": 564, "web_url": "https://www.nytimes.com/aponline/2017/03/06/us/politics/ap-us-marines-nude-photos.html", "pub_date": "2017-03-06T08:39:38+0000", "lead_paragraph": "The Defense Department is investigating reports that some Marines shared naked photographs of female Marines, veterans and other women on a secret Facebook page, some of which were taken without their knowledge.", "type_of_material": "News", "news_desk": "None", "snippet": "The Defense Department is investigating reports that some Marines shared naked photographs of female Marines, veterans and other women on a secret Facebook page, some of which were taken without their knowledge....", "_id": "58bd205895d0e024902fdb75", "abstract": null, "headline": {"main": "NCIS Investigating Posting of Nude Photos of Female Marines", "print_headline": "NCIS Investigating Posting of Nude Photos of Female Marines"}}, {"subsection_name": "Politics", "byline": {"organization": "THE ASSOCIATED PRESS", "person": [], "original": "By THE ASSOCIATED PRESS"}, "source": "AP", "slideshow_credits": null, "keywords": [], "print_page": 0, "document_type": "article", "multimedia": [], "blog": [], "section_name": "U.S.", "word_count": 1944, "web_url": "https://www.nytimes.com/aponline/2017/03/06/us/politics/ap-us-fact-check-week.html", "pub_date": "2017-03-06T08:39:36+0000", "lead_paragraph": "The start of a new administration is never a clean slate, even when parties flip. Day One is just another day for military operations, a budget that is still in place from the old crowd and a vast array of economic, social and law enforcement initiatives left over from the last president.", "type_of_material": "News", "news_desk": "None", "snippet": "The start of a new administration is never a clean slate, even when parties flip. Day One is just another day for military operations, a budget that is still in place from the old crowd and a vast array of economic, social and law enforcement init...", "_id": "58bd205395d0e024902fdb74", "abstract": null, "headline": {"main": "AP FACT CHECK: Trump Takes Credit Where It's Not Deserved", "print_headline": "AP FACT CHECK: Trump Takes Credit Where It's Not Deserved"}}, {"subsection_name": "Europe", "byline": {"organization": "THE ASSOCIATED PRESS", "person": [], "original": "By THE ASSOCIATED PRESS"}, "source": "AP", "slideshow_credits": null, "keywords": [], "print_page": 0, "document_type": "article", "multimedia": [], "blog": [], "section_name": "World", "word_count": 567, "web_url": "https://www.nytimes.com/aponline/2017/03/06/world/europe/ap-eu-europe-turkey.html", "pub_date": "2017-03-06T08:39:35+0000", "lead_paragraph": "German Chancellor Angela Merkel on Monday rejected remarks by Turkey's president accusing officials of \"Nazi practices,\" days after a local authority in Germany prevented a Turkish minister from addressing a rally.", "type_of_material": "News", "news_desk": "None", "snippet": "German Chancellor Angela Merkel on Monday rejected remarks by Turkey's president accusing officials of \"Nazi practices,\" days after a local authority in Germany prevented a Turkish minister from addressing a rally....", "_id": "58bd204c95d0e024902fdb73", "abstract": null, "headline": {"main": "German Chancellor Merkel Rejects Erdogan's Nazi Remarks", "print_headline": "German Chancellor Merkel Rejects Erdogan's Nazi Remarks"}}], "meta": {"time": 191, "offset": 300, "hits": 16085363}}, "copyright": "Copyright (c) 2013 The New York Times Company.  All Rights Reserved."}