{"status": "OK", "copyright": "Copyright (c) 2013 The New York Times Company.  All Rights Reserved.", "response": {"meta": {"hits": 16084808, "time": 184, "offset": 310}, "docs": [{"lead_paragraph": "Oregon coach Dana Altman figures it could be decades before his players truly appreciate what it means to win consecutive Pac-12 championships.", "section_name": "Sports", "slideshow_credits": null, "print_page": 0, "subsection_name": "College Basketball", "pub_date": "2017-03-05T01:18:44+0000", "type_of_material": "News", "multimedia": [], "_id": "58bb677995d0e024902fd944", "blog": [], "document_type": "article", "headline": {"print_headline": "No. 6 Oregon Downs Oregon State 80-59, Wins Share of Pac-12", "main": "No. 6 Oregon Downs Oregon State 80-59, Wins Share of Pac-12"}, "source": "AP", "word_count": 791, "abstract": null, "keywords": [], "byline": {"person": [], "organization": "THE ASSOCIATED PRESS", "original": "By THE ASSOCIATED PRESS"}, "snippet": "Oregon coach Dana Altman figures it could be decades before his players truly appreciate what it means to win consecutive Pac-12 championships....", "web_url": "https://www.nytimes.com/aponline/2017/03/04/sports/ncaabasketball/ap-bkc-t25-oregon-oregon-st.html", "news_desk": "None"}, {"lead_paragraph": "Japan's ruling party approved a change in party rules Sunday that could pave the way for Prime Minister Shinzo Abe to become the country's longest-serving leader in the post-World War II era.", "section_name": "World", "slideshow_credits": null, "print_page": 0, "subsection_name": "Asia Pacific", "pub_date": "2017-03-05T01:18:39+0000", "type_of_material": "News", "multimedia": [], "_id": "58bb677395d0e024902fd943", "blog": [], "document_type": "article", "headline": {"print_headline": "Rule Change Could Make Abe Longest-Serving Leader in Japan", "main": "Rule Change Could Make Abe Longest-Serving Leader in Japan"}, "source": "AP", "word_count": 597, "abstract": null, "keywords": [], "byline": {"person": [], "organization": "THE ASSOCIATED PRESS", "original": "By THE ASSOCIATED PRESS"}, "snippet": "Japan's ruling party approved a change in party rules Sunday that could pave the way for Prime Minister Shinzo Abe to become the country's longest-serving leader in the post-World War II era....", "web_url": "https://www.nytimes.com/aponline/2017/03/04/world/asia/ap-as-japan-politics-abe.html", "news_desk": "None"}, {"lead_paragraph": "Vice President Mike Pence is criticizing The Associated Press for listing his wife's email address in a story about his frequent resistance to public records requests while Indiana's governor.", "section_name": "U.S.", "slideshow_credits": null, "print_page": 0, "subsection_name": null, "pub_date": "2017-03-05T01:03:41+0000", "type_of_material": "News", "multimedia": [], "_id": "58bb63f795d0e024902fd942", "blog": [], "document_type": "article", "headline": {"print_headline": "Pence Criticizes AP for Publishing His Wife's Email Address", "main": "Pence Criticizes AP for Publishing His Wife's Email Address"}, "source": "AP", "word_count": 131, "abstract": null, "keywords": [], "byline": {"person": [], "organization": "THE ASSOCIATED PRESS", "original": "By THE ASSOCIATED PRESS"}, "snippet": "Vice President Mike Pence is criticizing The Associated Press for listing his wife's email address in a story about his frequent resistance to public records requests while Indiana's governor....", "web_url": "https://www.nytimes.com/aponline/2017/03/04/us/ap-us-pence-email-ap.html", "news_desk": "None"}, {"lead_paragraph": "Patience will be a virtue for Rory McIlroy on Sunday as he seeks to win the WGC-Mexico Championship and possibly regain the world number one ranking.", "section_name": "Sports", "slideshow_credits": null, "print_page": 0, "subsection_name": "Golf", "pub_date": "2017-03-05T01:03:31+0000", "type_of_material": "News", "multimedia": [], "_id": "58bb63eb95d0e024902fd941", "blog": [], "document_type": "article", "headline": {"print_headline": "McIlroy Eyes Regaining Number One World Ranking", "main": "McIlroy Eyes Regaining Number One World Ranking"}, "source": "Reuters", "word_count": 364, "abstract": null, "keywords": [], "byline": {"person": [], "organization": "REUTERS", "original": "By REUTERS"}, "snippet": "Patience will be a virtue for Rory McIlroy on Sunday as he seeks to win the WGC-Mexico Championship and possibly regain the world number one ranking....", "web_url": "https://www.nytimes.com/reuters/2017/03/04/sports/golf/04reuters-golf-pga-mcilroy-mickelson.html", "news_desk": "None"}, {"lead_paragraph": "China's top economic official trimmed its growth target and warned Sunday of dangers from global pressure for trade controls, as Beijing tries to build a consumer-driven economy and reduce reliance on exports and investment.", "section_name": "World", "slideshow_credits": null, "print_page": 0, "subsection_name": "Asia Pacific", "pub_date": "2017-03-05T00:51:42+0000", "type_of_material": "News", "multimedia": [], "_id": "58bb612395d0e024902fd940", "blog": [], "document_type": "article", "headline": {"print_headline": "China Trims 2017 Growth Target, Warns Against Trade Controls", "main": "China Trims 2017 Growth Target, Warns Against Trade Controls"}, "source": "AP", "word_count": 925, "abstract": null, "keywords": [], "byline": {"person": [], "organization": "THE ASSOCIATED PRESS", "original": "By THE ASSOCIATED PRESS"}, "snippet": "China's top economic official trimmed its growth target and warned Sunday of dangers from global pressure for trade controls, as Beijing tries to build a consumer-driven economy and reduce reliance on exports and investment....", "web_url": "https://www.nytimes.com/aponline/2017/03/04/world/asia/ap-as-china-economy.html", "news_desk": "None"}, {"lead_paragraph": "The next time Francisco Rodriguez pitches in a game, he figures to be a little more fired up.", "section_name": "Sports", "slideshow_credits": null, "print_page": 0, "subsection_name": "Baseball", "pub_date": "2017-03-05T00:42:58+0000", "type_of_material": "News", "multimedia": [], "_id": "58bb5f1695d0e024902fd93f", "blog": [], "document_type": "article", "headline": {"print_headline": "Tigers Closer Rodriguez Makes Lone Appearance Before WBC", "main": "Tigers Closer Rodriguez Makes Lone Appearance Before WBC"}, "source": "AP", "word_count": 1213, "abstract": null, "keywords": [], "byline": {"person": [], "organization": "THE ASSOCIATED PRESS", "original": "By THE ASSOCIATED PRESS"}, "snippet": "The next time Francisco Rodriguez pitches in a game, he figures to be a little more fired up....", "web_url": "https://www.nytimes.com/aponline/2017/03/04/sports/baseball/ap-bbo-spring-training.html", "news_desk": "None"}, {"lead_paragraph": "While Jill Ellis never wants to see the United States women's soccer team lose a game, the coach believes good things can come out of a setback, especially in an event without a major prize.", "section_name": "Sports", "slideshow_credits": null, "print_page": 0, "subsection_name": "Soccer", "pub_date": "2017-03-05T00:39:43+0000", "type_of_material": "News", "multimedia": [], "_id": "58bb5e5695d0e024902fd93e", "blog": [], "document_type": "article", "headline": {"print_headline": "England Stuns US Women 1-0 in SheBelieves Cup Soccer", "main": "England Stuns US Women 1-0 in SheBelieves Cup Soccer"}, "source": "AP", "word_count": 595, "abstract": null, "keywords": [], "byline": {"person": [], "organization": "THE ASSOCIATED PRESS", "original": "By THE ASSOCIATED PRESS"}, "snippet": "While Jill Ellis never wants to see the United States women's soccer team lose a game, the coach believes good things can come out of a setback, especially in an event without a major prize....", "web_url": "https://www.nytimes.com/aponline/2017/03/04/sports/soccer/ap-soc-us-england.html", "news_desk": "None"}, {"lead_paragraph": "Jose Alguacil, the first-base coach, sustained a broken nose, a deep laceration and small fractures in his eye socket.", "section_name": "Sports", "slideshow_credits": null, "print_page": 0, "subsection_name": "Baseball", "pub_date": "2017-03-05T00:39:28+0000", "type_of_material": "News", "multimedia": [{"url": "images/2017/03/05/sports/05giants-web/05giants-web-thumbStandard.jpg", "legacy": {"thumbnail": "images/2017/03/05/sports/05giants-web/05giants-web-thumbStandard.jpg", "thumbnailheight": 75, "thumbnailwidth": 75}, "subtype": "thumbnail", "rank": 0, "height": 75, "width": 75, "type": "image"}, {"url": "images/2017/03/05/sports/05giants-web/05giants-web-articleLarge.jpg", "legacy": {"xlarge": "images/2017/03/05/sports/05giants-web/05giants-web-articleLarge.jpg", "xlargewidth": 600, "xlargeheight": 439}, "subtype": "xlarge", "rank": 0, "height": 439, "width": 600, "type": "image"}, {"url": "images/2017/03/05/sports/05giants-web/05giants-web-thumbWide.jpg", "legacy": {"wide": "images/2017/03/05/sports/05giants-web/05giants-web-thumbWide.jpg", "widewidth": 190, "wideheight": 126}, "subtype": "wide", "rank": 0, "height": 126, "width": 190, "type": "image"}], "_id": "58bb5e4895d0e024902fd93d", "blog": [], "document_type": "article", "headline": {"print_headline": "Giants Coach Sent to Hospital After Being Struck by a Foul Ball", "main": "Giants Coach Sent to Hospital After Being Struck by a Foul Ball"}, "source": "The New York Times", "word_count": 191, "abstract": null, "keywords": [{"value": "Baseball", "isMajor": "N", "rank": 1, "name": "subject"}, {"value": "San Francisco Giants", "isMajor": "N", "rank": 2, "name": "organizations"}, {"value": "Alguacil, Jose (1972- )", "isMajor": "N", "rank": 3, "name": "persons"}, {"value": "Sports Injuries", "isMajor": "N", "rank": 4, "name": "subject"}], "byline": {"person": [], "organization": "THE ASSOCIATED PRESS", "original": "By THE ASSOCIATED PRESS"}, "snippet": "Jose Alguacil, the first-base coach, sustained a broken nose, a deep laceration and small fractures in his eye socket....", "web_url": "https://www.nytimes.com/2017/03/04/sports/baseball/san-francisco-giants-jose-alguacil-coach-foul-ball.html", "news_desk": "Sports"}, {"lead_paragraph": "China will encourage foreign-invested firms to list and issue bonds in the country, state news agency Xinhua reported on Sunday, citing a government work report.", "section_name": "Business Day", "slideshow_credits": null, "print_page": 0, "subsection_name": null, "pub_date": "2017-03-05T00:39:28+0000", "type_of_material": "News", "multimedia": [], "_id": "58bb5e4895d0e024902fd93c", "blog": [], "document_type": "article", "headline": {"print_headline": "China to Encourage Foreign-Invested Firms to List, Issue Bonds: Xinhua", "main": "China to Encourage Foreign-Invested Firms to List, Issue Bonds: Xinhua"}, "source": "Reuters", "word_count": 32, "abstract": null, "keywords": [], "byline": {"person": [], "organization": "REUTERS", "original": "By REUTERS"}, "snippet": "China will encourage foreign-invested firms to list and issue bonds in the country, state news agency Xinhua reported on Sunday, citing a government work report....", "web_url": "https://www.nytimes.com/reuters/2017/03/04/business/04reuters-china-parliament-listings.html", "news_desk": "None"}, {"lead_paragraph": "China will cut steel capacity by 50 million tonnes and coal output by more than 150 million tonnes this year, its top economic planner said on Sunday as the world's No. 2 economy deepens efforts to tackle pollution and curb excess supply.", "section_name": "Business Day", "slideshow_credits": null, "print_page": 0, "subsection_name": null, "pub_date": "2017-03-05T00:36:31+0000", "type_of_material": "News", "multimedia": [], "_id": "58bb5d9695d0e024902fd93b", "blog": [], "document_type": "article", "headline": {"print_headline": "China Vows New Steel, Coal Capacity Cuts to Make Sky Blue", "main": "China Vows New Steel, Coal Capacity Cuts to Make Sky Blue"}, "source": "Reuters", "word_count": 448, "abstract": null, "keywords": [], "byline": {"person": [], "organization": "REUTERS", "original": "By REUTERS"}, "snippet": "China will cut steel capacity by 50 million tonnes and coal output by more than 150 million tonnes this year, its top economic planner said on Sunday as the world's No. 2 economy deepens efforts to tackle pollution and curb excess supply....", "web_url": "https://www.nytimes.com/reuters/2017/03/04/business/04reuters-china-parliament-steel-coal.html", "news_desk": "None"}]}}