{"status": "OK", "copyright": "Copyright (c) 2013 The New York Times Company.  All Rights Reserved.", "response": {"meta": {"hits": 16084813, "time": 182, "offset": 260}, "docs": [{"lead_paragraph": "She is a public interest lawyer, and he is a graphic designer for the Consumer Financial Protection Bureau in Washington.", "section_name": "Fashion & Style", "slideshow_credits": null, "print_page": 16, "subsection_name": "Weddings", "pub_date": "2017-03-05T05:00:01+0000", "type_of_material": "News", "multimedia": [{"url": "images/2017/03/05/fashion/weddings/05FRANKEL/05FRANKEL-thumbStandard.jpg", "legacy": {"thumbnail": "images/2017/03/05/fashion/weddings/05FRANKEL/05FRANKEL-thumbStandard.jpg", "thumbnailheight": 75, "thumbnailwidth": 75}, "subtype": "thumbnail", "rank": 0, "height": 75, "width": 75, "type": "image"}, {"url": "images/2017/03/05/fashion/weddings/05FRANKEL/05FRANKEL-articleLarge-v2.jpg", "legacy": {"xlarge": "images/2017/03/05/fashion/weddings/05FRANKEL/05FRANKEL-articleLarge-v2.jpg", "xlargewidth": 600, "xlargeheight": 354}, "subtype": "xlarge", "rank": 0, "height": 354, "width": 600, "type": "image"}, {"url": "images/2017/03/05/fashion/weddings/05FRANKEL/05FRANKEL-thumbWide-v2.jpg", "legacy": {"wide": "images/2017/03/05/fashion/weddings/05FRANKEL/05FRANKEL-thumbWide-v2.jpg", "widewidth": 190, "wideheight": 126}, "subtype": "wide", "rank": 0, "height": 126, "width": 190, "type": "image"}], "_id": "58bb9b5b95d0e024902fd981", "blog": [], "document_type": "article", "headline": {"print_headline": "Sara Franke,  George Kokkinidis", "main": "Sara Franke, George Kokkinidis"}, "source": "The New York Times", "word_count": 191, "abstract": null, "keywords": [{"value": "Weddings and Engagements", "isMajor": "N", "rank": 1, "name": "subject"}], "byline": [], "snippet": "She is a public interest lawyer, and he is a graphic designer for the Consumer Financial Protection Bureau in Washington....", "web_url": "https://www.nytimes.com/2017/03/05/fashion/weddings/sara-franke-george-kokkinidis.html", "news_desk": "Society"}, {"lead_paragraph": "The bride works for a company that produces narrative podcasts, and he is marketing director at a tech start-up.", "section_name": "Fashion & Style", "slideshow_credits": null, "print_page": 16, "subsection_name": "Weddings", "pub_date": "2017-03-05T05:00:01+0000", "type_of_material": "News", "multimedia": [{"url": "images/2017/03/05/fashion/weddings/05AMOROSE/05AMOROSE-thumbStandard.jpg", "legacy": {"thumbnail": "images/2017/03/05/fashion/weddings/05AMOROSE/05AMOROSE-thumbStandard.jpg", "thumbnailheight": 75, "thumbnailwidth": 75}, "subtype": "thumbnail", "rank": 0, "height": 75, "width": 75, "type": "image"}, {"url": "images/2017/03/05/fashion/weddings/05AMOROSE/05AMOROSE-articleLarge-v2.jpg", "legacy": {"xlarge": "images/2017/03/05/fashion/weddings/05AMOROSE/05AMOROSE-articleLarge-v2.jpg", "xlargewidth": 600, "xlargeheight": 354}, "subtype": "xlarge", "rank": 0, "height": 354, "width": 600, "type": "image"}, {"url": "images/2017/03/05/fashion/weddings/05AMOROSE/05AMOROSE-thumbWide-v2.jpg", "legacy": {"wide": "images/2017/03/05/fashion/weddings/05AMOROSE/05AMOROSE-thumbWide-v2.jpg", "widewidth": 190, "wideheight": 126}, "subtype": "wide", "rank": 0, "height": 126, "width": 190, "type": "image"}], "_id": "58bb9b5b95d0e024902fd97d", "blog": [], "document_type": "article", "headline": {"print_headline": "Christine Amorose,  David Merrill", "main": "Christine Amorose, David Merrill"}, "source": "The New York Times", "word_count": 150, "abstract": null, "keywords": [{"value": "Weddings and Engagements", "isMajor": "N", "rank": 1, "name": "subject"}], "byline": [], "snippet": "The bride works for a company that produces narrative podcasts, and he is marketing director at a tech start-up....", "web_url": "https://www.nytimes.com/2017/03/05/fashion/weddings/christine-amorose-david-merrill.html", "news_desk": "Society"}, {"lead_paragraph": "She designs commercial interiors, and he\u2019s an energy engineer. Their paths crossed as members of the Urban Green Council.", "section_name": "Fashion & Style", "slideshow_credits": null, "print_page": 16, "subsection_name": "Weddings", "pub_date": "2017-03-05T05:00:01+0000", "type_of_material": "News", "multimedia": [{"url": "images/2017/03/05/fashion/weddings/05GOLDFARB/05GOLDFARB-thumbStandard.jpg", "legacy": {"thumbnail": "images/2017/03/05/fashion/weddings/05GOLDFARB/05GOLDFARB-thumbStandard.jpg", "thumbnailheight": 75, "thumbnailwidth": 75}, "subtype": "thumbnail", "rank": 0, "height": 75, "width": 75, "type": "image"}, {"url": "images/2017/03/05/fashion/weddings/05GOLDFARB/05GOLDFARB-articleLarge-v2.jpg", "legacy": {"xlarge": "images/2017/03/05/fashion/weddings/05GOLDFARB/05GOLDFARB-articleLarge-v2.jpg", "xlargewidth": 600, "xlargeheight": 354}, "subtype": "xlarge", "rank": 0, "height": 354, "width": 600, "type": "image"}, {"url": "images/2017/03/05/fashion/weddings/05GOLDFARB/05GOLDFARB-thumbWide-v2.jpg", "legacy": {"wide": "images/2017/03/05/fashion/weddings/05GOLDFARB/05GOLDFARB-thumbWide-v2.jpg", "widewidth": 190, "wideheight": 126}, "subtype": "wide", "rank": 0, "height": 126, "width": 190, "type": "image"}], "_id": "58bb9b5695d0e024902fd97a", "blog": [], "document_type": "article", "headline": {"print_headline": "Rachel Goldfarb,  Roberto Talavera", "main": "Rachel Goldfarb, Roberto Talavera"}, "source": "The New York Times", "word_count": 201, "abstract": null, "keywords": [{"value": "Weddings and Engagements", "isMajor": "N", "rank": 1, "name": "subject"}], "byline": [], "snippet": "She designs commercial interiors, and he\u2019s an energy engineer. Their paths crossed as members of the Urban Green Council....", "web_url": "https://www.nytimes.com/2017/03/05/fashion/weddings/rachel-goldfarb-roberto-talavera.html", "news_desk": "Society"}, {"lead_paragraph": "The couple, who met at Emory University, were married at the Ritz-Carlton in Washington.", "section_name": "Fashion & Style", "slideshow_credits": null, "print_page": 16, "subsection_name": "Weddings", "pub_date": "2017-03-05T05:00:01+0000", "type_of_material": "News", "multimedia": [{"url": "images/2017/03/05/fashion/weddings/05LEVIN/05LEVIN-thumbStandard.jpg", "legacy": {"thumbnail": "images/2017/03/05/fashion/weddings/05LEVIN/05LEVIN-thumbStandard.jpg", "thumbnailheight": 75, "thumbnailwidth": 75}, "subtype": "thumbnail", "rank": 0, "height": 75, "width": 75, "type": "image"}, {"url": "images/2017/03/05/fashion/weddings/05LEVIN/05LEVIN-articleLarge-v2.jpg", "legacy": {"xlarge": "images/2017/03/05/fashion/weddings/05LEVIN/05LEVIN-articleLarge-v2.jpg", "xlargewidth": 600, "xlargeheight": 396}, "subtype": "xlarge", "rank": 0, "height": 396, "width": 600, "type": "image"}, {"url": "images/2017/03/05/fashion/weddings/05LEVIN/05LEVIN-thumbWide-v2.jpg", "legacy": {"wide": "images/2017/03/05/fashion/weddings/05LEVIN/05LEVIN-thumbWide-v2.jpg", "widewidth": 190, "wideheight": 126}, "subtype": "wide", "rank": 0, "height": 126, "width": 190, "type": "image"}], "_id": "58bb9b5b95d0e024902fd97e", "blog": [], "document_type": "article", "headline": {"print_headline": "Ariel Levin,  Benjamin Sperling", "main": "Ariel Levin, Benjamin Sperling"}, "source": "The New York Times", "word_count": 145, "abstract": null, "keywords": [{"value": "Weddings and Engagements", "isMajor": "N", "rank": 1, "name": "subject"}], "byline": [], "snippet": "The couple, who met at Emory University, were married at the Ritz-Carlton in Washington....", "web_url": "https://www.nytimes.com/2017/03/05/fashion/weddings/ariel-levin-benjamin-sperling.html", "news_desk": "Society"}, {"lead_paragraph": "The couple, who met via OkCupid, were married at the Manhattan Marriage Bureau.", "section_name": "Fashion & Style", "slideshow_credits": null, "print_page": 16, "subsection_name": "Weddings", "pub_date": "2017-03-05T05:00:00+0000", "type_of_material": "News", "multimedia": [{"url": "images/2017/03/05/fashion/weddings/05ALEXANIAN/05ALEXANIAN-thumbStandard.jpg", "legacy": {"thumbnail": "images/2017/03/05/fashion/weddings/05ALEXANIAN/05ALEXANIAN-thumbStandard.jpg", "thumbnailheight": 75, "thumbnailwidth": 75}, "subtype": "thumbnail", "rank": 0, "height": 75, "width": 75, "type": "image"}, {"url": "images/2017/03/05/fashion/weddings/05ALEXANIAN/05ALEXANIAN-articleLarge-v2.jpg", "legacy": {"xlarge": "images/2017/03/05/fashion/weddings/05ALEXANIAN/05ALEXANIAN-articleLarge-v2.jpg", "xlargewidth": 600, "xlargeheight": 355}, "subtype": "xlarge", "rank": 0, "height": 355, "width": 600, "type": "image"}, {"url": "images/2017/03/05/fashion/weddings/05ALEXANIAN/05ALEXANIAN-thumbWide-v2.jpg", "legacy": {"wide": "images/2017/03/05/fashion/weddings/05ALEXANIAN/05ALEXANIAN-thumbWide-v2.jpg", "widewidth": 190, "wideheight": 126}, "subtype": "wide", "rank": 0, "height": 126, "width": 190, "type": "image"}], "_id": "58bb9b5695d0e024902fd979", "blog": [], "document_type": "article", "headline": {"print_headline": "Zoia Alexanian,  Adam Pearce", "main": "Zoia Alexanian, Adam Pearce"}, "source": "The New York Times", "word_count": 185, "abstract": null, "keywords": [{"value": "Weddings and Engagements", "isMajor": "N", "rank": 1, "name": "subject"}], "byline": [], "snippet": "The couple, who met via OkCupid, were married at the Manhattan Marriage Bureau....", "web_url": "https://www.nytimes.com/2017/03/05/fashion/weddings/zoia-alexanian-adam-pearce.html", "news_desk": "Society"}, {"lead_paragraph": "James Harden had a simple answer for why the Houston Rockets were so successful in the third quarter against the Memphis Grizzlies on Saturday night.", "section_name": "Sports", "slideshow_credits": null, "print_page": 0, "subsection_name": "Pro Basketball", "pub_date": "2017-03-05T04:42:40+0000", "type_of_material": "News", "multimedia": [], "_id": "58bb974795d0e024902fd976", "blog": [], "document_type": "article", "headline": {"print_headline": "Harden's 33 Points Lead Rockets Over Grizzlies, 123-108", "main": "Harden's 33 Points Lead Rockets Over Grizzlies, 123-108"}, "source": "AP", "word_count": 590, "abstract": null, "keywords": [], "byline": {"person": [], "organization": "THE ASSOCIATED PRESS", "original": "By THE ASSOCIATED PRESS"}, "snippet": "James Harden had a simple answer for why the Houston Rockets were so successful in the third quarter against the Memphis Grizzlies on Saturday night....", "web_url": "https://www.nytimes.com/aponline/2017/03/04/sports/basketball/ap-bkn-grizzlies-rockets.html", "news_desk": "None"}, {"lead_paragraph": "President Donald Trump has declared that the media are the \"enemy of the people,\" but his administration is willing to joke around with reporters &#8212; and poke fun at itself &#8212; in a venerable Washington tradition.", "section_name": "U.S.", "slideshow_credits": null, "print_page": 0, "subsection_name": "Politics", "pub_date": "2017-03-05T04:42:38+0000", "type_of_material": "News", "multimedia": [], "_id": "58bb974795d0e024902fd975", "blog": [], "document_type": "article", "headline": {"print_headline": "Pence Jokes With 'Enemy of the People' at Gridiron Dinner", "main": "Pence Jokes With 'Enemy of the People' at Gridiron Dinner"}, "source": "AP", "word_count": 523, "abstract": null, "keywords": [], "byline": {"person": [], "organization": "THE ASSOCIATED PRESS", "original": "By THE ASSOCIATED PRESS"}, "snippet": "President Donald Trump has declared that the media are the \"enemy of the people,\" but his administration is willing to joke around with reporters &#8212; and poke fun at itself &#8212; in a venerable Washington tradition....", "web_url": "https://www.nytimes.com/aponline/2017/03/04/us/politics/ap-us-gridiron-pence.html", "news_desk": "None"}, {"lead_paragraph": "With Frank Kaminsky out, the Charlotte Hornets needed someone to step up at the end of a long road trip.", "section_name": "Sports", "slideshow_credits": null, "print_page": 0, "subsection_name": "Pro Basketball", "pub_date": "2017-03-05T04:30:36+0000", "type_of_material": "News", "multimedia": [], "_id": "58bb947395d0e024902fd974", "blog": [], "document_type": "article", "headline": {"print_headline": "Walker Scores 27 as Hornets Beat Nuggets, 112-102", "main": "Walker Scores 27 as Hornets Beat Nuggets, 112-102"}, "source": "AP", "word_count": 655, "abstract": null, "keywords": [], "byline": {"person": [], "organization": "THE ASSOCIATED PRESS", "original": "By THE ASSOCIATED PRESS"}, "snippet": "With Frank Kaminsky out, the Charlotte Hornets needed someone to step up at the end of a long road trip....", "web_url": "https://www.nytimes.com/aponline/2017/03/04/sports/basketball/ap-bkn-hornets-nuggets.html", "news_desk": "None"}, {"lead_paragraph": "Quiet on the scoresheet the entire second half, Sydney Wiese finally found a bit of space as the final minutes ticked away.", "section_name": "Sports", "slideshow_credits": null, "print_page": 0, "subsection_name": "College Basketball", "pub_date": "2017-03-05T04:18:37+0000", "type_of_material": "News", "multimedia": [], "_id": "58bb91a495d0e024902fd973", "blog": [], "document_type": "article", "headline": {"print_headline": "Late Shots Carry No. 6 Oregon State Past No. 15 UCLA 63-53", "main": "Late Shots Carry No. 6 Oregon State Past No. 15 UCLA 63-53"}, "source": "AP", "word_count": 626, "abstract": null, "keywords": [], "byline": {"person": [], "organization": "THE ASSOCIATED PRESS", "original": "By THE ASSOCIATED PRESS"}, "snippet": "Quiet on the scoresheet the entire second half, Sydney Wiese finally found a bit of space as the final minutes ticked away....", "web_url": "https://www.nytimes.com/aponline/2017/03/04/sports/ncaabasketball/ap-bkw-t25-p12-ucla-oregon-state.html", "news_desk": "None"}, {"lead_paragraph": "A Sikh man was shot and wounded in Washington state by an attacker who approached him in his driveway and told him to leave the country, police and media reported on Saturday.", "section_name": "World", "slideshow_credits": null, "print_page": 0, "subsection_name": "Asia Pacific", "pub_date": "2017-03-05T04:15:27+0000", "type_of_material": "News", "multimedia": [], "_id": "58bb90e595d0e024902fd972", "blog": [], "document_type": "article", "headline": {"print_headline": "Sikh, Told to Leave Country, Shot in Washington State: Police", "main": "Sikh, Told to Leave Country, Shot in Washington State: Police"}, "source": "Reuters", "word_count": 253, "abstract": null, "keywords": [], "byline": {"person": [], "organization": "REUTERS", "original": "By REUTERS"}, "snippet": "A Sikh man was shot and wounded in Washington state by an attacker who approached him in his driveway and told him to leave the country, police and media reported on Saturday....", "web_url": "https://www.nytimes.com/reuters/2017/03/04/world/asia/04reuters-washingtonstate-sikh-shooting.html", "news_desk": "None"}]}}