{"status": "OK", "response": {"docs": [{"subsection_name": "Europe", "byline": {"organization": "THE ASSOCIATED PRESS", "person": [], "original": "By THE ASSOCIATED PRESS"}, "source": "AP", "slideshow_credits": null, "keywords": [], "print_page": 0, "document_type": "article", "multimedia": [], "blog": [], "section_name": "World", "word_count": 115, "web_url": "https://www.nytimes.com/aponline/2017/03/06/world/europe/ap-eu-europe-chile-food-.html", "pub_date": "2017-03-06T11:54:37+0000", "lead_paragraph": "The European Union has taken a big step toward clinching a deal with Chile on the international trade in organic food products.", "type_of_material": "News", "news_desk": "None", "snippet": "The European Union has taken a big step toward clinching a deal with Chile on the international trade in organic food products....", "_id": "58bd4e0295d0e024902fdbef", "abstract": null, "headline": {"main": "EU Takes Big Step Toward Organic Food Deal With Chile", "print_headline": "EU Takes Big Step Toward Organic Food Deal With Chile"}}, {"subsection_name": null, "byline": {"organization": "THE ASSOCIATED PRESS", "person": [], "original": "By THE ASSOCIATED PRESS"}, "source": "AP", "slideshow_credits": null, "keywords": [], "print_page": 0, "document_type": "article", "multimedia": [], "blog": [], "section_name": "U.S.", "word_count": 90, "web_url": "https://www.nytimes.com/aponline/2017/03/06/us/ap-us-bus-station-shooting-bridge.html", "pub_date": "2017-03-06T11:54:36+0000", "lead_paragraph": "A bridge in Newport News will be named after a Virginia trooper who was killed last year at a Richmond bus station.", "type_of_material": "News", "news_desk": "None", "snippet": "A bridge in Newport News will be named after a Virginia trooper who was killed last year at a Richmond bus station....", "_id": "58bd4e0295d0e024902fdbf0", "abstract": null, "headline": {"main": "Bridge Over I-64 to Be Named After Slain Virginia Trooper", "print_headline": "Bridge Over I-64 to Be Named After Slain Virginia Trooper"}}, {"subsection_name": "Middle East", "byline": {"organization": "REUTERS", "person": [], "original": "By REUTERS"}, "source": "Reuters", "slideshow_credits": null, "keywords": [], "print_page": 0, "document_type": "article", "multimedia": [], "blog": [], "section_name": "World", "word_count": 114, "web_url": "https://www.nytimes.com/reuters/2017/03/06/world/middleeast/06reuters-usa-immigration-iraq.html", "pub_date": "2017-03-06T11:54:35+0000", "lead_paragraph": "Iraq expressed \"deep relief\" at U.S. President Donald Trump's decision to remove Iraq from a list of countries targeted in a U.S. travel ban, the Iraqi foreign ministry said in a statement on Monday.", "type_of_material": "News", "news_desk": "None", "snippet": "Iraq expressed \"deep relief\" at U.S. President Donald Trump's decision to remove Iraq from a list of countries targeted in a U.S. travel ban, the Iraqi foreign ministry said in a statement on Monday....", "_id": "58bd4dfd95d0e024902fdbee", "abstract": null, "headline": {"main": "Baghdad Relieved by Trump's Exclusion of Iraq From Travel Ban", "print_headline": "Baghdad Relieved by Trump's Exclusion of Iraq From Travel Ban"}}, {"subsection_name": null, "byline": {"organization": "REUTERS", "person": [], "original": "By REUTERS"}, "source": "Reuters", "slideshow_credits": null, "keywords": [], "print_page": 0, "document_type": "article", "multimedia": [], "blog": [], "section_name": "Business Day", "word_count": 452, "web_url": "https://www.nytimes.com/reuters/2017/03/06/business/06reuters-china-parliament-steel-coal.html", "pub_date": "2017-03-06T11:54:32+0000", "lead_paragraph": "China will cut steel capacity by 50 million tonnes and coal output by more than 150 million tonnes this year, its top economic planner said on Sunday as the world's No. 2 economy deepens efforts to tackle pollution and curb excess supply.", "type_of_material": "News", "news_desk": "None", "snippet": "China will cut steel capacity by 50 million tonnes and coal output by more than 150 million tonnes this year, its top economic planner said on Sunday as the world's No. 2 economy deepens efforts to tackle pollution and curb excess supply....", "_id": "58bd4dfc95d0e024902fdbed", "abstract": null, "headline": {"main": "China Vows New Steel, Coal Capacity Cuts to Make Sky Blue", "print_headline": "China Vows New Steel, Coal Capacity Cuts to Make Sky Blue"}}, {"subsection_name": "Africa", "byline": {"organization": "REUTERS", "person": [], "original": "By REUTERS"}, "source": "Reuters", "slideshow_credits": null, "keywords": [], "print_page": 0, "document_type": "article", "multimedia": [], "blog": [], "section_name": "World", "word_count": 113, "web_url": "https://www.nytimes.com/reuters/2017/03/06/world/africa/06reuters-safrica-zuma.html", "pub_date": "2017-03-06T11:51:30+0000", "lead_paragraph": "South African President Jacob Zuma on Monday nominated Mandisa Maya to become the first woman president of the Supreme Court of Appeal, the nation's highest court on non-constitutional matters.    ", "type_of_material": "News", "news_desk": "None", "snippet": "South African President Jacob Zuma on Monday nominated Mandisa Maya to become the first woman president of the Supreme Court of Appeal, the nation's highest court on non-constitutional matters....", "_id": "58bd4d4795d0e024902fdbec", "abstract": null, "headline": {"main": "South Africa's Zuma Picks First Woman to Head Top Appeal Court", "print_headline": "South Africa's Zuma Picks First Woman to Head Top Appeal Court"}}, {"subsection_name": null, "byline": {"organization": "THE ASSOCIATED PRESS", "person": [], "original": "By THE ASSOCIATED PRESS"}, "source": "AP", "slideshow_credits": null, "keywords": [], "print_page": 0, "document_type": "article", "multimedia": [], "blog": [], "section_name": "U.S.", "word_count": 102, "web_url": "https://www.nytimes.com/aponline/2017/03/06/us/ap-us-people-adele.html", "pub_date": "2017-03-06T11:48:39+0000", "lead_paragraph": "Adele has officially announced she and longtime partner Simon Konecki are married, weeks after hinting at a wedding.", "type_of_material": "News", "news_desk": "None", "snippet": "Adele has officially announced she and longtime partner Simon Konecki are married, weeks after hinting at a wedding....", "_id": "58bd4ca295d0e024902fdbeb", "abstract": null, "headline": {"main": "Adele Confirms Marriage to Partner Simon Konecki", "print_headline": "Adele Confirms Marriage to Partner Simon Konecki"}}, {"subsection_name": "Middle East", "byline": {"organization": "THE ASSOCIATED PRESS", "person": [], "original": "By THE ASSOCIATED PRESS"}, "source": "AP", "slideshow_credits": null, "keywords": [], "print_page": 0, "document_type": "article", "multimedia": [], "blog": [], "section_name": "World", "word_count": 722, "web_url": "https://www.nytimes.com/aponline/2017/03/06/world/middleeast/ap-ml-bahrain.html", "pub_date": "2017-03-06T11:48:38+0000", "lead_paragraph": "Bahrain's government filed a lawsuit Monday to dissolve a secular political party, the second-such organization it has targeted in the last year as part of an intense crackdown on opposition in the island nation.", "type_of_material": "News", "news_desk": "None", "snippet": "Bahrain's government filed a lawsuit Monday to dissolve a secular political party, the second-such organization it has targeted in the last year as part of an intense crackdown on opposition in the island nation....", "_id": "58bd4c9d95d0e024902fdbe9", "abstract": null, "headline": {"main": "Bahrain Files Lawsuit to Dissolve Secular Political Party", "print_headline": "Bahrain Files Lawsuit to Dissolve Secular Political Party"}}, {"subsection_name": "Africa", "byline": {"organization": "THE ASSOCIATED PRESS", "person": [], "original": "By THE ASSOCIATED PRESS"}, "source": "AP", "slideshow_credits": null, "keywords": [], "print_page": 0, "document_type": "article", "multimedia": [], "blog": [], "section_name": "World", "word_count": 286, "web_url": "https://www.nytimes.com/aponline/2017/03/06/world/africa/ap-af-south-sudan-famine.html", "pub_date": "2017-03-06T11:48:36+0000", "lead_paragraph": "The U.N. humanitarian chief is demanding immediate access for aid distribution in famine-hit South Sudan amid continued fighting and the recent looting of a humanitarian organization.", "type_of_material": "News", "news_desk": "None", "snippet": "The U.N. humanitarian chief is demanding immediate access for aid distribution in famine-hit South Sudan amid continued fighting and the recent looting of a humanitarian organization....", "_id": "58bd4c9e95d0e024902fdbea", "abstract": null, "headline": {"main": "UN Official Urges South Sudan to Allow Food Aid Distribution", "print_headline": "UN Official Urges South Sudan to Allow Food Aid Distribution"}}, {"subsection_name": null, "byline": {"organization": "THE ASSOCIATED PRESS", "person": [], "original": "By THE ASSOCIATED PRESS"}, "source": "AP", "slideshow_credits": null, "keywords": [], "print_page": 0, "document_type": "article", "multimedia": [], "blog": [], "section_name": "U.S.", "word_count": 139, "web_url": "https://www.nytimes.com/aponline/2017/03/06/us/ap-us-wildfires-florida.html", "pub_date": "2017-03-06T11:48:33+0000", "lead_paragraph": "Officials say at least one large brush fire is still burning in South Florida following a weekend of road closures across the state.", "type_of_material": "News", "news_desk": "None", "snippet": "Officials say at least one large brush fire is still burning in South Florida following a weekend of road closures across the state....", "_id": "58bd4c9a95d0e024902fdbe8", "abstract": null, "headline": {"main": "Wildfires Cause Weekend of Road Closures Across Florida", "print_headline": "Wildfires Cause Weekend of Road Closures Across Florida"}}, {"subsection_name": "Africa", "byline": {"organization": "REUTERS", "person": [], "original": "By REUTERS"}, "source": "Reuters", "slideshow_credits": null, "keywords": [], "print_page": 0, "document_type": "article", "multimedia": [], "blog": [], "section_name": "World", "word_count": 531, "web_url": "https://www.nytimes.com/reuters/2017/03/06/world/africa/06reuters-libya-security-oil.html", "pub_date": "2017-03-06T11:45:29+0000", "lead_paragraph": "East Libyan forces carried out fresh air strikes on Monday and said they were mobilising ground forces as they attempt to win back two of Libya's largest oil ports, military officials said.", "type_of_material": "News", "news_desk": "None", "snippet": "East Libyan forces carried out fresh air strikes on Monday and said they were mobilising ground forces as they attempt to win back two of Libya's largest oil ports, military officials said....", "_id": "58bd4bdd95d0e024902fdbe7", "abstract": null, "headline": {"main": "East Libyan Forces Mobilising for Counter Attack at Oil Ports - Officials", "print_headline": "East Libyan Forces Mobilising for Counter Attack at Oil Ports - Officials"}}], "meta": {"time": 192, "offset": 180, "hits": 16085359}}, "copyright": "Copyright (c) 2013 The New York Times Company.  All Rights Reserved."}