{"copyright": "Copyright (c) 2013 The New York Times Company.  All Rights Reserved.", "status": "OK", "response": {"meta": {"offset": 560, "time": 186, "hits": 16085757}, "docs": [{"abstract": null, "pub_date": "2017-03-06T12:36:29+0000", "snippet": "Francois Fillon urged his conservative party on Monday to rally around him, saying he was the only legitimate candidate despite calls by many in his camp for him to pull out of the French presidential race over allegations of misuse of public fund...", "web_url": "https://www.nytimes.com/reuters/2017/03/06/world/europe/06reuters-france-election-fillon.html", "document_type": "article", "headline": {"print_headline": "France's Fillon Calls on Party to Unite Around Him", "main": "France's Fillon Calls on Party to Unite Around Him"}, "subsection_name": "Europe", "byline": {"organization": "REUTERS", "person": [], "original": "By REUTERS"}, "section_name": "World", "print_page": 0, "keywords": [], "news_desk": "None", "blog": [], "_id": "58bd57d595d0e024902fdc00", "multimedia": [], "source": "Reuters", "word_count": 175, "lead_paragraph": "Francois Fillon urged his conservative party on Monday to rally around him, saying he was the only legitimate candidate despite calls by many in his camp for him to pull out of the French presidential race over allegations of misuse of public funds.", "type_of_material": "News", "slideshow_credits": null}, {"abstract": null, "pub_date": "2017-03-06T12:30:43+0000", "snippet": "Authorities say a Florida sheriff's deputy is recovering after he was injured while trying to break up a fight between fans after the Orlando City Soccer game....", "web_url": "https://www.nytimes.com/aponline/2017/03/06/us/ap-us-deputy-injured-soccer-game.html", "document_type": "article", "headline": {"print_headline": "Florida Deputy Hurt Breaking Up Fight After Soccer Game", "main": "Florida Deputy Hurt Breaking Up Fight After Soccer Game"}, "subsection_name": null, "byline": {"organization": "THE ASSOCIATED PRESS", "person": [], "original": "By THE ASSOCIATED PRESS"}, "section_name": "U.S.", "print_page": 0, "keywords": [], "news_desk": "None", "blog": [], "_id": "58bd567795d0e024902fdbff", "multimedia": [], "source": "AP", "word_count": 139, "lead_paragraph": "Authorities say a Florida sheriff's deputy is recovering after he was injured while trying to break up a fight between fans after the Orlando City Soccer game.", "type_of_material": "News", "slideshow_credits": null}, {"abstract": null, "pub_date": "2017-03-06T12:30:29+0000", "snippet": "Britain would be \"naive\" to expect generous trade deals when it quits the European Union, the German minister responsible for its financial centre said on Monday, adding that Frankfurt would grab business from London....", "web_url": "https://www.nytimes.com/reuters/2017/03/06/business/06reuters-britain-eu-frankfurt.html", "document_type": "article", "headline": {"print_headline": "German Minister Warns UK Over Trade, Predicts Frankfurt to Gain", "main": "German Minister Warns UK Over Trade, Predicts Frankfurt to Gain"}, "subsection_name": null, "byline": {"organization": "REUTERS", "person": [], "original": "By REUTERS"}, "section_name": "Business Day", "print_page": 0, "keywords": [], "news_desk": "None", "blog": [], "_id": "58bd566895d0e024902fdbfe", "multimedia": [], "source": "Reuters", "word_count": 446, "lead_paragraph": "Britain would be \"naive\" to expect generous trade deals when it quits the European Union, the German minister responsible for its financial centre said on Monday, adding that Frankfurt would grab business from London.", "type_of_material": "News", "slideshow_credits": null}, {"abstract": null, "pub_date": "2017-03-06T12:24:30+0000", "snippet": "Bahrain's justice ministry took steps on Monday to dissolve a major opposition group it accuses of supporting terrorism, state news agency BNA reported, filing a lawsuit the group said was an attempt by the government to stamp out dissent....", "web_url": "https://www.nytimes.com/reuters/2017/03/06/world/middleeast/06reuters-bahrain-security.html", "document_type": "article", "headline": {"print_headline": "Bahrain Moves to Dissolve Main Opposition Group", "main": "Bahrain Moves to Dissolve Main Opposition Group"}, "subsection_name": "Middle East", "byline": {"organization": "REUTERS", "person": [], "original": "By REUTERS"}, "section_name": "World", "print_page": 0, "keywords": [], "news_desk": "None", "blog": [], "_id": "58bd550395d0e024902fdbfd", "multimedia": [], "source": "Reuters", "word_count": 327, "lead_paragraph": "Bahrain's justice ministry took steps on Monday to dissolve a major opposition group it accuses of supporting terrorism, state news agency BNA reported, filing a lawsuit the group said was an attempt by the government to stamp out dissent.", "type_of_material": "News", "slideshow_credits": null}, {"abstract": null, "pub_date": "2017-03-06T12:18:42+0000", "snippet": "Austrian government officials are criticizing a recommendation by the country's Islamic leaders that Muslim women wear a headscarf with the onset of puberty....", "web_url": "https://www.nytimes.com/aponline/2017/03/06/world/europe/ap-eu-austria-headscarves.html", "document_type": "article", "headline": {"print_headline": "Austrian Govt Criticizes Headscarf Advice for Muslim Women", "main": "Austrian Govt Criticizes Headscarf Advice for Muslim Women"}, "subsection_name": "Europe", "byline": {"organization": "THE ASSOCIATED PRESS", "person": [], "original": "By THE ASSOCIATED PRESS"}, "section_name": "World", "print_page": 0, "keywords": [], "news_desk": "None", "blog": [], "_id": "58bd53a995d0e024902fdbfc", "multimedia": [], "source": "AP", "word_count": 129, "lead_paragraph": "Austrian government officials are criticizing a recommendation by the country's Islamic leaders that Muslim women wear a headscarf with the onset of puberty.", "type_of_material": "News", "slideshow_credits": null}, {"abstract": null, "pub_date": "2017-03-06T12:18:37+0000", "snippet": "Darren Woods, the new CEO of Exxon Mobil, is a veteran of the more cautious refining side of the oil business who is likely to focus relentlessly on controlling costs....", "web_url": "https://www.nytimes.com/aponline/2017/03/06/business/ap-us-exxon-new-ceo.html", "document_type": "article", "headline": {"print_headline": "New Exxon Chief Enters the Market, Cautiously", "main": "New Exxon Chief Enters the Market, Cautiously"}, "subsection_name": null, "byline": {"organization": "THE ASSOCIATED PRESS", "person": [], "original": "By THE ASSOCIATED PRESS"}, "section_name": "Business Day", "print_page": 0, "keywords": [], "news_desk": "None", "blog": [], "_id": "58bd53a195d0e024902fdbfb", "multimedia": [], "source": "AP", "word_count": 943, "lead_paragraph": "Darren Woods, the new CEO of Exxon Mobil, is a veteran of the more cautious refining side of the oil business who is likely to focus relentlessly on controlling costs.", "type_of_material": "News", "slideshow_credits": null}, {"abstract": null, "pub_date": "2017-03-06T12:12:42+0000", "snippet": "In a debate that has gone from office corridors to Britain's Parliament, lawmakers put their foot down Monday and told employers to stop making women wear high heels as part of corporate dress codes....", "web_url": "https://www.nytimes.com/aponline/2017/03/06/world/europe/ap-eu-britain-high-heels.html", "document_type": "article", "headline": {"print_headline": "UK Lawmakers to Companies: End Sexist High-Heel Dress Codes", "main": "UK Lawmakers to Companies: End Sexist High-Heel Dress Codes"}, "subsection_name": "Europe", "byline": {"organization": "THE ASSOCIATED PRESS", "person": [], "original": "By THE ASSOCIATED PRESS"}, "section_name": "World", "print_page": 0, "keywords": [], "news_desk": "None", "blog": [], "_id": "58bd523d95d0e024902fdbfa", "multimedia": [], "source": "AP", "word_count": 721, "lead_paragraph": "In a debate that has gone from office corridors to Britain's Parliament, lawmakers put their foot down Monday and told employers to stop making women wear high heels as part of corporate dress codes.", "type_of_material": "News", "slideshow_credits": null}, {"abstract": null, "pub_date": "2017-03-06T12:09:36+0000", "snippet": "Tossing coins in a fountain for luck is a popular superstition, but a similar belief brought misery to a sea turtle in Thailand from whom doctors have removed 915 coins....", "web_url": "https://www.nytimes.com/aponline/2017/03/06/world/asia/ap-as-thailand-turtles-trouble.html", "document_type": "article", "headline": {"print_headline": "Surgeons Remove 915 Coins Swallowed by Thai Sea Turtle", "main": "Surgeons Remove 915 Coins Swallowed by Thai Sea Turtle"}, "subsection_name": "Asia Pacific", "byline": {"organization": "THE ASSOCIATED PRESS", "person": [], "original": "By THE ASSOCIATED PRESS"}, "section_name": "World", "print_page": 0, "keywords": [], "news_desk": "None", "blog": [], "_id": "58bd518595d0e024902fdbf8", "multimedia": [], "source": "AP", "word_count": 396, "lead_paragraph": "Tossing coins in a fountain for luck is a popular superstition, but a similar belief brought misery to a sea turtle in Thailand from whom doctors have removed 915 coins.", "type_of_material": "News", "slideshow_credits": null}, {"abstract": null, "pub_date": "2017-03-06T12:09:32+0000", "snippet": "Prime Minister Theresa May told the chief executive of General Motors, Mary Barra, that she wanted to see jobs at two Vauxhall car plants in Britain secured for the long term during a phone call on Sunday, May's office said in a statement....", "web_url": "https://www.nytimes.com/reuters/2017/03/06/business/06reuters-opel-m-a-psa-barra.html", "document_type": "article", "headline": {"print_headline": "Britain's May Told GM CEO She Wants to See Vauxhall Jobs Protected", "main": "Britain's May Told GM CEO She Wants to See Vauxhall Jobs Protected"}, "subsection_name": null, "byline": {"organization": "REUTERS", "person": [], "original": "By REUTERS"}, "section_name": "Business Day", "print_page": 0, "keywords": [], "news_desk": "None", "blog": [], "_id": "58bd518595d0e024902fdbf9", "multimedia": [], "source": "Reuters", "word_count": 146, "lead_paragraph": "Prime Minister Theresa May told the chief executive of General Motors, Mary Barra, that she wanted to see jobs at two Vauxhall car plants in Britain secured for the long term during a phone call on Sunday, May's office said in a statement.", "type_of_material": "News", "slideshow_credits": null}, {"abstract": null, "pub_date": "2017-03-06T12:09:30+0000", "snippet": "Germany welcomes efforts by banks to increase capital, the finance ministry said on Monday, declining to comment specifically on plans by Deutsche Bank to raise 8 billion euros ($8.47 billion) by issuing new shares....", "web_url": "https://www.nytimes.com/reuters/2017/03/06/business/06reuters-deutschebank-capital-germany-government.html", "document_type": "article", "headline": {"print_headline": "German Economy Benefits When Banks Strengthen Capital: FinMin", "main": "German Economy Benefits When Banks Strengthen Capital: FinMin"}, "subsection_name": null, "byline": {"organization": "REUTERS", "person": [], "original": "By REUTERS"}, "section_name": "Business Day", "print_page": 0, "keywords": [], "news_desk": "None", "blog": [], "_id": "58bd517f95d0e024902fdbf7", "multimedia": [], "source": "Reuters", "word_count": 149, "lead_paragraph": "Germany welcomes efforts by banks to increase capital, the finance ministry said on Monday, declining to comment specifically on plans by Deutsche Bank to raise 8 billion euros ($8.47 billion) by issuing new shares. ", "type_of_material": "News", "slideshow_credits": null}]}}