{"status": "OK", "copyright": "Copyright (c) 2013 The New York Times Company.  All Rights Reserved.", "response": {"meta": {"hits": 16084807, "time": 157, "offset": 10}, "docs": [{"lead_paragraph": "A small Massachusetts town is grieving after a woman and her four children were killed in a house fire.", "section_name": "U.S.", "slideshow_credits": null, "print_page": 0, "subsection_name": null, "pub_date": "2017-03-05T20:24:35+0000", "type_of_material": "News", "multimedia": [], "_id": "58bc740d95d0e024902fda73", "blog": [], "document_type": "article", "headline": {"print_headline": "Town Grieving After Mother, 4 Children Die in House Fire", "main": "Town Grieving After Mother, 4 Children Die in House Fire"}, "source": "AP", "word_count": 132, "abstract": null, "keywords": [], "byline": {"person": [], "organization": "THE ASSOCIATED PRESS", "original": "By THE ASSOCIATED PRESS"}, "snippet": "A small Massachusetts town is grieving after a woman and her four children were killed in a house fire....", "web_url": "https://www.nytimes.com/aponline/2017/03/05/us/ap-us-house-fire.html", "news_desk": "None"}, {"lead_paragraph": "Armed with a hefty dividend, Xerox Corp shares look cheap even as they have shot up this year following the company's spin-off of its business processing business, according to an article in Barron's.", "section_name": "Technology", "slideshow_credits": null, "print_page": 0, "subsection_name": null, "pub_date": "2017-03-05T20:06:29+0000", "type_of_material": "News", "multimedia": [], "_id": "58bc6fc895d0e024902fda71", "blog": [], "document_type": "article", "headline": {"print_headline": "Xerox Shares Look Cheap Even With Stock's 2017 Jump: Barron's", "main": "Xerox Shares Look Cheap Even With Stock's 2017 Jump: Barron's"}, "source": "Reuters", "word_count": 122, "abstract": null, "keywords": [], "byline": {"person": [], "organization": "REUTERS", "original": "By REUTERS"}, "snippet": "Armed with a hefty dividend, Xerox Corp shares look cheap even as they have shot up this year following the company's spin-off of its business processing business, according to an article in Barron's....", "web_url": "https://www.nytimes.com/reuters/2017/03/05/technology/05reuters-xerox-barrons.html", "news_desk": "None"}, {"lead_paragraph": "Lindsay Allen and her Notre Dame teammates held up four fingers as the balloons and confetti fell around them. They had a lot to celebrate after winning a fourth consecutive ACC Tournament title.", "section_name": "Sports", "slideshow_credits": null, "print_page": 0, "subsection_name": "College Basketball", "pub_date": "2017-03-05T20:00:45+0000", "type_of_material": "News", "multimedia": [], "_id": "58bc6e6e95d0e024902fda70", "blog": [], "document_type": "article", "headline": {"print_headline": "No. 3 Notre Dame Wins ACC Title, Beats No. 13 Duke 84-61", "main": "No. 3 Notre Dame Wins ACC Title, Beats No. 13 Duke 84-61"}, "source": "AP", "word_count": 626, "abstract": null, "keywords": [], "byline": {"person": [], "organization": "THE ASSOCIATED PRESS", "original": "By THE ASSOCIATED PRESS"}, "snippet": "Lindsay Allen and her Notre Dame teammates held up four fingers as the balloons and confetti fell around them. They had a lot to celebrate after winning a fourth consecutive ACC Tournament title....", "web_url": "https://www.nytimes.com/aponline/2017/03/05/sports/ncaabasketball/ap-bkw-t25-acc-duke-notre-dame.html", "news_desk": "None"}, {"lead_paragraph": "An Afghan family of five who obtained special visas to relocate to the U.S. were detained by immigration officials when they arrived at Los Angeles International Airport on Thursday and have been in custody ever since, according to their attorneys.", "section_name": "U.S.", "slideshow_credits": null, "print_page": 0, "subsection_name": null, "pub_date": "2017-03-05T19:57:37+0000", "type_of_material": "News", "multimedia": [], "_id": "58bc6db395d0e024902fda6f", "blog": [], "document_type": "article", "headline": {"print_headline": "Afghan Family Detained in Los Angeles Are Asking for Release", "main": "Afghan Family Detained in Los Angeles Are Asking for Release"}, "source": "AP", "word_count": 494, "abstract": null, "keywords": [], "byline": {"person": [], "organization": "THE ASSOCIATED PRESS", "original": "By THE ASSOCIATED PRESS"}, "snippet": "An Afghan family of five who obtained special visas to relocate to the U.S. were detained by immigration officials when they arrived at Los Angeles International Airport on Thursday and have been in custody ever since, according to their attorneys...", "web_url": "https://www.nytimes.com/aponline/2017/03/05/us/ap-us-afghan-family-detained.html", "news_desk": "None"}, {"lead_paragraph": "Laura Muir led an impressive final day for Britain at the European indoor athletics championships with her second gold medal of the three-day event after winning the 3,000-meter race on Sunday.", "section_name": "Sports", "slideshow_credits": null, "print_page": 0, "subsection_name": null, "pub_date": "2017-03-05T19:54:27+0000", "type_of_material": "News", "multimedia": [], "_id": "58bc6cf895d0e024902fda6e", "blog": [], "document_type": "article", "headline": {"print_headline": "Muir Leads British Medal Harvest as Spanovic Shines", "main": "Muir Leads British Medal Harvest as Spanovic Shines"}, "source": "Reuters", "word_count": 411, "abstract": null, "keywords": [], "byline": {"person": [], "organization": "REUTERS", "original": "By REUTERS"}, "snippet": "Laura Muir led an impressive final day for Britain at the European indoor athletics championships with her second gold medal of the three-day event after winning the 3,000-meter race on Sunday....", "web_url": "https://www.nytimes.com/reuters/2017/03/05/sports/05reuters-athletics-euro-indoors.html", "news_desk": "None"}, {"lead_paragraph": "Muslim students visiting an Oklahoma lawmaker's office in the state capitol were required to fill out a form that asked if they beat their wives and other questions that offended them, an Islamic advocacy group said.", "section_name": "U.S.", "slideshow_credits": null, "print_page": 0, "subsection_name": null, "pub_date": "2017-03-05T19:45:27+0000", "type_of_material": "News", "multimedia": [], "_id": "58bc6ae495d0e024902fda6d", "blog": [], "document_type": "article", "headline": {"print_headline": "Muslim Students Asked 'Do You Beat Your Wife?' by Oklahoma Lawmaker", "main": "Muslim Students Asked 'Do You Beat Your Wife?' by Oklahoma Lawmaker"}, "source": "Reuters", "word_count": 472, "abstract": null, "keywords": [], "byline": {"person": [], "organization": "REUTERS", "original": "By REUTERS"}, "snippet": "Muslim students visiting an Oklahoma lawmaker's office in the state capitol were required to fill out a form that asked if they beat their wives and other questions that offended them, an Islamic advocacy group said....", "web_url": "https://www.nytimes.com/reuters/2017/03/05/us/05reuters-usa-muslims-oklahoma.html", "news_desk": "None"}, {"lead_paragraph": "Burkina Faso film director Apolline Woye Traore, who won three prizes at the country's prestigious Fespaco festival on Saturday, knows a thing or two about challenges. ", "section_name": "Arts", "slideshow_credits": null, "print_page": 0, "subsection_name": null, "pub_date": "2017-03-05T19:42:27+0000", "type_of_material": "News", "multimedia": [], "_id": "58bc6a2995d0e024902fda6c", "blog": [], "document_type": "article", "headline": {"print_headline": "Burkina Faso Director Gives African Women Authentic Voice", "main": "Burkina Faso Director Gives African Women Authentic Voice"}, "source": "Reuters", "word_count": 419, "abstract": null, "keywords": [], "byline": {"person": [], "organization": "REUTERS", "original": "By REUTERS"}, "snippet": "Burkina Faso film director Apolline Woye Traore, who won three prizes at the country's prestigious Fespaco festival on Saturday, knows a thing or two about challenges....", "web_url": "https://www.nytimes.com/reuters/2017/03/05/arts/05reuters-burkina-filmfestival-director.html", "news_desk": "None"}, {"lead_paragraph": "Thousands of protesters have marched through the Romanian capital of Bucharest to support the country's anti-corruption authority and demand that state institutions be free of political interference.", "section_name": "World", "slideshow_credits": null, "print_page": 0, "subsection_name": "Europe", "pub_date": "2017-03-05T19:33:34+0000", "type_of_material": "News", "multimedia": [], "_id": "58bc681795d0e024902fda6b", "blog": [], "document_type": "article", "headline": {"print_headline": "Romanians March to Protest Persistent Govt Corruption", "main": "Romanians March to Protest Persistent Govt Corruption"}, "source": "AP", "word_count": 128, "abstract": null, "keywords": [], "byline": {"person": [], "organization": "THE ASSOCIATED PRESS", "original": "By THE ASSOCIATED PRESS"}, "snippet": "Thousands of protesters have marched through the Romanian capital of Bucharest to support the country's anti-corruption authority and demand that state institutions be free of political interference....", "web_url": "https://www.nytimes.com/aponline/2017/03/05/world/europe/ap-eu-romania-protest.html", "news_desk": "None"}, {"lead_paragraph": "The race for the major player of the year awards in college basketball was a split decision in 2016. Oklahoma's Buddy Hield won the Naismith and Wooden awards, while Michigan State's Denzel Valentine was The Associated Press player of the year.", "section_name": "Sports", "slideshow_credits": null, "print_page": 0, "subsection_name": "College Basketball", "pub_date": "2017-03-05T19:27:35+0000", "type_of_material": "News", "multimedia": [], "_id": "58bc66b195d0e024902fda6a", "blog": [], "document_type": "article", "headline": {"print_headline": "Kansas' Mason, Nova's Hart Leading Player of the Year Races", "main": "Kansas' Mason, Nova's Hart Leading Player of the Year Races"}, "source": "AP", "word_count": 643, "abstract": null, "keywords": [], "byline": {"person": [], "organization": "THE ASSOCIATED PRESS", "original": "By THE ASSOCIATED PRESS"}, "snippet": "The race for the major player of the year awards in college basketball was a split decision in 2016. Oklahoma's Buddy Hield won the Naismith and Wooden awards, while Michigan State's Denzel Valentine was The Associated Press player of the year....", "web_url": "https://www.nytimes.com/aponline/2017/03/05/sports/ncaabasketball/ap-bkc-player-of-the-year-race.html", "news_desk": "None"}, {"lead_paragraph": "A Kenyan police official says a British rancher has been shot and killed by pastoral herders in central Kenya who have been invading large farms, some of which double as wildlife conservation areas.", "section_name": "World", "slideshow_credits": null, "print_page": 0, "subsection_name": "Africa", "pub_date": "2017-03-05T19:27:33+0000", "type_of_material": "News", "multimedia": [], "_id": "58bc66ab95d0e024902fda69", "blog": [], "document_type": "article", "headline": {"print_headline": "British Rancher Shot, Killed in Kenya in a Farm Invasion", "main": "British Rancher Shot, Killed in Kenya in a Farm Invasion"}, "source": "AP", "word_count": 130, "abstract": null, "keywords": [], "byline": {"person": [], "organization": "THE ASSOCIATED PRESS", "original": "By THE ASSOCIATED PRESS"}, "snippet": "A Kenyan police official says a British rancher has been shot and killed by pastoral herders in central Kenya who have been invading large farms, some of which double as wildlife conservation areas....", "web_url": "https://www.nytimes.com/aponline/2017/03/05/world/africa/ap-af-kenya-ranch-invasions.html", "news_desk": "None"}]}}