{"status": "OK", "copyright": "Copyright (c) 2013 The New York Times Company.  All Rights Reserved.", "response": {"meta": {"hits": 16084813, "time": 135, "offset": 330}, "docs": [{"lead_paragraph": "Police say a security guard at a northern Virginia mall has died after being stabbed by a suspected shoplifter who fled the scene.", "section_name": "U.S.", "slideshow_credits": null, "print_page": 0, "subsection_name": null, "pub_date": "2017-03-05T00:33:42+0000", "type_of_material": "News", "multimedia": [], "_id": "58bb5cee95d0e024902fd936", "blog": [], "document_type": "article", "headline": {"print_headline": "Police: Security Guard Fatally Stabbed at Virginia Mall", "main": "Police: Security Guard Fatally Stabbed at Virginia Mall"}, "source": "AP", "word_count": 129, "abstract": null, "keywords": [], "byline": {"person": [], "organization": "THE ASSOCIATED PRESS", "original": "By THE ASSOCIATED PRESS"}, "snippet": "Police say a security guard at a northern Virginia mall has died after being stabbed by a suspected shoplifter who fled the scene....", "web_url": "https://www.nytimes.com/aponline/2017/03/04/us/ap-us-virginia-mall-stabbing.html", "news_desk": "None"}, {"lead_paragraph": "Longtime captain Christie Rampone is walking away from the U.S. national women's soccer team hoping to be remembered as a team player whose fondest memories will be of the players who joined her journey, which lasted almost two decades.", "section_name": "Sports", "slideshow_credits": null, "print_page": 0, "subsection_name": "Soccer", "pub_date": "2017-03-05T00:21:35+0000", "type_of_material": "News", "multimedia": [], "_id": "58bb5a1995d0e024902fd934", "blog": [], "document_type": "article", "headline": {"print_headline": "Longtime Captain Christie Rampone Honored Before US Game", "main": "Longtime Captain Christie Rampone Honored Before US Game"}, "source": "AP", "word_count": 400, "abstract": null, "keywords": [], "byline": {"person": [], "organization": "THE ASSOCIATED PRESS", "original": "By THE ASSOCIATED PRESS"}, "snippet": "Longtime captain Christie Rampone is walking away from the U.S. national women's soccer team hoping to be remembered as a team player whose fondest memories will be of the players who joined her journey, which lasted almost two decades....", "web_url": "https://www.nytimes.com/aponline/2017/03/04/sports/soccer/ap-soc-rampone-honored.html", "news_desk": "None"}, {"lead_paragraph": "China set a budget deficit target of 3 percent of gross domestic product for 2017, in line with last year's target, and pledged to clamp down on local government debt risk, the finance ministry said on Sunday.", "section_name": "Business Day", "slideshow_credits": null, "print_page": 0, "subsection_name": null, "pub_date": "2017-03-05T00:21:30+0000", "type_of_material": "News", "multimedia": [], "_id": "58bb5a1195d0e024902fd933", "blog": [], "document_type": "article", "headline": {"print_headline": "China Sets 3 Percent Deficit Target, to Clamp Down on Local Debt Risk", "main": "China Sets 3 Percent Deficit Target, to Clamp Down on Local Debt Risk"}, "source": "Reuters", "word_count": 250, "abstract": null, "keywords": [], "byline": {"person": [], "organization": "REUTERS", "original": "By REUTERS"}, "snippet": "China set a budget deficit target of 3 percent of gross domestic product for 2017, in line with last year's target, and pledged to clamp down on local government debt risk, the finance ministry said on Sunday....", "web_url": "https://www.nytimes.com/reuters/2017/03/04/business/04reuters-china-parliament-budget.html", "news_desk": "None"}, {"lead_paragraph": "Britain plans to spend an extra half a billion pounds a year to improve skills training, the government said on Sunday, seeking to address the country&#8217;s nagging productivity problems as it prepares to leave the European Union.", "section_name": "Business Day", "slideshow_credits": null, "print_page": 0, "subsection_name": null, "pub_date": "2017-03-05T00:21:27+0000", "type_of_material": "News", "multimedia": [], "_id": "58bb5a1095d0e024902fd932", "blog": [], "document_type": "article", "headline": {"print_headline": "UK Ramps Up Skills Training to Tackle Productivity Problem", "main": "UK Ramps Up Skills Training to Tackle Productivity Problem"}, "source": "Reuters", "word_count": 372, "abstract": null, "keywords": [], "byline": {"person": [], "organization": "REUTERS", "original": "By REUTERS"}, "snippet": "Britain plans to spend an extra half a billion pounds a year to improve skills training, the government said on Sunday, seeking to address the country&#8217;s nagging productivity problems as it prepares to leave the European Union....", "web_url": "https://www.nytimes.com/reuters/2017/03/04/business/04reuters-britain-budget-skills.html", "news_desk": "None"}, {"lead_paragraph": "South Carolina coach Dawn Staley had no worries about how her team would perform without all-Southeastern Conference forward Alaina Coates in the lineup, winning three of the past four games with the senior mostly on the sidelines.", "section_name": "Sports", "slideshow_credits": null, "print_page": 0, "subsection_name": "College Basketball", "pub_date": "2017-03-05T00:18:40+0000", "type_of_material": "News", "multimedia": [], "_id": "58bb596995d0e024902fd931", "blog": [], "document_type": "article", "headline": {"print_headline": "Wilson Leads No. 5 South Carolina Over Kentucky 89-77", "main": "Wilson Leads No. 5 South Carolina Over Kentucky 89-77"}, "source": "AP", "word_count": 703, "abstract": null, "keywords": [], "byline": {"person": [], "organization": "THE ASSOCIATED PRESS", "original": "By THE ASSOCIATED PRESS"}, "snippet": "South Carolina coach Dawn Staley had no worries about how her team would perform without all-Southeastern Conference forward Alaina Coates in the lineup, winning three of the past four games with the senior mostly on the sidelines....", "web_url": "https://www.nytimes.com/aponline/2017/03/04/sports/ncaabasketball/ap-bkw-t25-sec-kentucky-south-carolina.html", "news_desk": "None"}, {"lead_paragraph": "Christopher Bell held off Matt Crafton on a restart with two laps to go and completed a dominating win Saturday in the NASCAR Camping World Truck Series race at Atlanta Motor Speedway.", "section_name": "Sports", "slideshow_credits": null, "print_page": 0, "subsection_name": null, "pub_date": "2017-03-05T00:15:53+0000", "type_of_material": "News", "multimedia": [], "_id": "58bb58c195d0e024902fd930", "blog": [], "document_type": "article", "headline": {"print_headline": "Christopher Bell Finishes Off Dominant Truck Win at Atlanta", "main": "Christopher Bell Finishes Off Dominant Truck Win at Atlanta"}, "source": "AP", "word_count": 281, "abstract": null, "keywords": [], "byline": {"person": [], "organization": "THE ASSOCIATED PRESS", "original": "By THE ASSOCIATED PRESS"}, "snippet": "Christopher Bell held off Matt Crafton on a restart with two laps to go and completed a dominating win Saturday in the NASCAR Camping World Truck Series race at Atlanta Motor Speedway....", "web_url": "https://www.nytimes.com/aponline/2017/03/04/sports/ap-car-nascar-trucks-atlanta.html", "news_desk": "None"}, {"lead_paragraph": "Authorities in South Carolina say deputies answering a 911 call have shot and killed a man who pointed a gun at them.", "section_name": "U.S.", "slideshow_credits": null, "print_page": 0, "subsection_name": null, "pub_date": "2017-03-05T00:15:48+0000", "type_of_material": "News", "multimedia": [], "_id": "58bb58be95d0e024902fd92f", "blog": [], "document_type": "article", "headline": {"print_headline": "Deputies Shoot, Kill Man After Answering Woman's 911 Call", "main": "Deputies Shoot, Kill Man After Answering Woman's 911 Call"}, "source": "AP", "word_count": 142, "abstract": null, "keywords": [], "byline": {"person": [], "organization": "THE ASSOCIATED PRESS", "original": "By THE ASSOCIATED PRESS"}, "snippet": "Authorities in South Carolina say deputies answering a 911 call have shot and killed a man who pointed a gun at them....", "web_url": "https://www.nytimes.com/aponline/2017/03/04/us/ap-us-deputies-fatal-shooting.html", "news_desk": "None"}, {"lead_paragraph": "Los Angeles police have shot and killed a man they say was armed with a steel pipe.", "section_name": "U.S.", "slideshow_credits": null, "print_page": 0, "subsection_name": null, "pub_date": "2017-03-05T00:15:42+0000", "type_of_material": "News", "multimedia": [], "_id": "58bb58b795d0e024902fd92e", "blog": [], "document_type": "article", "headline": {"print_headline": "Los Angeles Police Shoot, Kill Man Armed With Steel Pipe", "main": "Los Angeles Police Shoot, Kill Man Armed With Steel Pipe"}, "source": "AP", "word_count": 74, "abstract": null, "keywords": [], "byline": {"person": [], "organization": "THE ASSOCIATED PRESS", "original": "By THE ASSOCIATED PRESS"}, "snippet": "Los Angeles police have shot and killed a man they say was armed with a steel pipe....", "web_url": "https://www.nytimes.com/aponline/2017/03/04/us/ap-us-los-angeles-police-shooting.html", "news_desk": "None"}, {"lead_paragraph": "Washington's central library is now officially closed for several years of renovations.", "section_name": "U.S.", "slideshow_credits": null, "print_page": 0, "subsection_name": "Politics", "pub_date": "2017-03-05T00:15:42+0000", "type_of_material": "News", "multimedia": [], "_id": "58bb58b395d0e024902fd92d", "blog": [], "document_type": "article", "headline": {"print_headline": "Washington's MLK Library Closes for 3 Years of Renovations", "main": "Washington's MLK Library Closes for 3 Years of Renovations"}, "source": "AP", "word_count": 123, "abstract": null, "keywords": [], "byline": {"person": [], "organization": "THE ASSOCIATED PRESS", "original": "By THE ASSOCIATED PRESS"}, "snippet": "Washington's central library is now officially closed for several years of renovations....", "web_url": "https://www.nytimes.com/aponline/2017/03/04/us/politics/ap-us-library-renovations.html", "news_desk": "None"}, {"lead_paragraph": "China has cut its growth target this year as the world's second-largest economy pushes through painful reforms to address a rapid build-up in debt, and constructs a \"firewall\" against financial risks. ", "section_name": "Business Day", "slideshow_credits": null, "print_page": 0, "subsection_name": null, "pub_date": "2017-03-05T00:15:29+0000", "type_of_material": "News", "multimedia": [], "_id": "58bb58a595d0e024902fd92c", "blog": [], "document_type": "article", "headline": {"print_headline": "China Cuts Growth Target as It Pushes Through Reforms, Builds 'Firewall' Against Risks", "main": "China Cuts Growth Target as It Pushes Through Reforms, Builds 'Firewall' Against Risks"}, "source": "Reuters", "word_count": 772, "abstract": null, "keywords": [], "byline": {"person": [], "organization": "REUTERS", "original": "By REUTERS"}, "snippet": "China has cut its growth target this year as the world's second-largest economy pushes through painful reforms to address a rapid build-up in debt, and constructs a \"firewall\" against financial risks....", "web_url": "https://www.nytimes.com/reuters/2017/03/04/business/04reuters-china-parliament.html", "news_desk": "None"}]}}