{"status": "OK", "response": {"docs": [{"subsection_name": "Pro Football", "byline": {"organization": "THE ASSOCIATED PRESS", "person": [], "original": "By THE ASSOCIATED PRESS"}, "source": "AP", "slideshow_credits": null, "keywords": [], "print_page": 0, "document_type": "article", "multimedia": [], "blog": [], "section_name": "Sports", "word_count": 318, "web_url": "https://www.nytimes.com/aponline/2017/03/06/sports/football/ap-fbn-redskins-gruden.html", "pub_date": "2017-03-06T15:24:47+0000", "lead_paragraph": "The Washington Redskins signed coach Jay Gruden on Monday to a multi-year contract extension.", "type_of_material": "News", "news_desk": "None", "snippet": "The Washington Redskins signed coach Jay Gruden on Monday to a multi-year contract extension....", "_id": "58bd7f4495d0e024902fdc6c", "abstract": null, "headline": {"main": "Redskins Sign Coach Jay Gruden to Contract Extension", "print_headline": "Redskins Sign Coach Jay Gruden to Contract Extension"}}, {"subsection_name": null, "byline": {"organization": "THE ASSOCIATED PRESS", "person": [], "original": "By THE ASSOCIATED PRESS"}, "source": "AP", "slideshow_credits": null, "keywords": [], "print_page": 0, "document_type": "article", "multimedia": [], "blog": [], "section_name": "U.S.", "word_count": 115, "web_url": "https://www.nytimes.com/aponline/2017/03/06/us/ap-us-police-chase-fatal-crash.html", "pub_date": "2017-03-06T15:24:45+0000", "lead_paragraph": "Police say a carjacking suspect is dead and two others injured after crashing into a utility pole during a police chase in Louisville.", "type_of_material": "News", "news_desk": "None", "snippet": "Police say a carjacking suspect is dead and two others injured after crashing into a utility pole during a police chase in Louisville....", "_id": "58bd7f4695d0e024902fdc6d", "abstract": null, "headline": {"main": "1 Dead, 2 Injured in Police Chase Following Carjacking", "print_headline": "1 Dead, 2 Injured in Police Chase Following Carjacking"}}, {"subsection_name": null, "byline": {"organization": "THE ASSOCIATED PRESS", "person": [], "original": "By THE ASSOCIATED PRESS"}, "source": "AP", "slideshow_credits": null, "keywords": [], "print_page": 0, "document_type": "article", "multimedia": [], "blog": [], "section_name": "U.S.", "word_count": 911, "web_url": "https://www.nytimes.com/aponline/2017/03/06/us/ap-financial-markets.html", "pub_date": "2017-03-06T15:24:44+0000", "lead_paragraph": "U.S. stocks are falling for the second time in three day as banks return some of their recent gains. They surged last week as interest rates quickly rose. Mining and basic materials companies are down after China cut its economic growth forecast. Meat producer Tyson Foods is falling after avian flu was discovered at a supplier's farm.", "type_of_material": "News", "news_desk": "None", "snippet": "U.S. stocks are falling for the second time in three day as banks return some of their recent gains. They surged last week as interest rates quickly rose. Mining and basic materials companies are down after China cut its economic growth forecast. ...", "_id": "58bd7f4495d0e024902fdc6b", "abstract": null, "headline": {"main": "US Stocks Slip Further From Record Highs as Banks Decline", "print_headline": "US Stocks Slip Further From Record Highs as Banks Decline"}}, {"subsection_name": "Middle East", "byline": {"organization": "THE ASSOCIATED PRESS", "person": [], "original": "By THE ASSOCIATED PRESS"}, "source": "AP", "slideshow_credits": null, "keywords": [], "print_page": 0, "document_type": "article", "multimedia": [], "blog": [], "section_name": "World", "word_count": 396, "web_url": "https://www.nytimes.com/aponline/2017/03/06/world/middleeast/ap-ml-syria-the-latest.html", "pub_date": "2017-03-06T15:21:39+0000", "lead_paragraph": "The Latest on Syria developments (all times local):", "type_of_material": "News", "news_desk": "None", "snippet": "The Latest on Syria developments (all times local):...", "_id": "58bd7e8e95d0e024902fdc6a", "abstract": null, "headline": {"main": "The Latest: Russian Military Says Soldier Killed in Syria", "print_headline": "The Latest: Russian Military Says Soldier Killed in Syria"}}, {"subsection_name": "Politics", "byline": {"organization": "THE ASSOCIATED PRESS", "person": [], "original": "By THE ASSOCIATED PRESS"}, "source": "AP", "slideshow_credits": null, "keywords": [], "print_page": 0, "document_type": "article", "multimedia": [], "blog": [], "section_name": "U.S.", "word_count": 274, "web_url": "https://www.nytimes.com/aponline/2017/03/06/us/politics/ap-us-supreme-court-repeat-offenders.html", "pub_date": "2017-03-06T15:18:43+0000", "lead_paragraph": "The Supreme Court on Monday declined to give some inmates convicted of repeated violent crimes a chance to reduce their prison terms.", "type_of_material": "News", "news_desk": "None", "snippet": "The Supreme Court on Monday declined to give some inmates convicted of repeated violent crimes a chance to reduce their prison terms....", "_id": "58bd7dda95d0e024902fdc68", "abstract": null, "headline": {"main": "Justices Decline to Extend Ruling on Repeat Offenders", "print_headline": "Justices Decline to Extend Ruling on Repeat Offenders"}}, {"subsection_name": null, "byline": {"organization": "THE ASSOCIATED PRESS", "person": [], "original": "By THE ASSOCIATED PRESS"}, "source": "AP", "slideshow_credits": null, "keywords": [], "print_page": 0, "document_type": "article", "multimedia": [], "blog": [], "section_name": "U.S.", "word_count": 872, "web_url": "https://www.nytimes.com/aponline/2017/03/06/us/ap-us-nerdwallet-liz-weston-9-bills-where-you-can-cut-a-better-d.html", "pub_date": "2017-03-06T15:18:37+0000", "lead_paragraph": "The word \"bills\" used to be synonymous with \"fixed expenses.\" But there's nothing fixed about many of the bills a typical household pays today.", "type_of_material": "News", "news_desk": "None", "snippet": "The word \"bills\" used to be synonymous with \"fixed expenses.\" But there's nothing fixed about many of the bills a typical household pays today....", "_id": "58bd7ddb95d0e024902fdc69", "abstract": null, "headline": {"main": "Liz Weston: 9 Bills Where You Can Cut a Better Deal", "print_headline": "Liz Weston: 9 Bills Where You Can Cut a Better Deal"}}, {"subsection_name": "Politics", "byline": {"organization": "THE ASSOCIATED PRESS", "person": [], "original": "By THE ASSOCIATED PRESS"}, "source": "AP", "slideshow_credits": null, "keywords": [], "print_page": 0, "document_type": "article", "multimedia": [], "blog": [], "section_name": "U.S.", "word_count": 387, "web_url": "https://www.nytimes.com/aponline/2017/03/06/us/politics/ap-us-supreme-court-jury-secrecy.html", "pub_date": "2017-03-06T15:15:41+0000", "lead_paragraph": "The Supreme Court ruled Monday that racial bias in the jury room can be a reason for breaching the centuries-old legal principle of secrecy in jury deliberations.", "type_of_material": "News", "news_desk": "None", "snippet": "The Supreme Court ruled Monday that racial bias in the jury room can be a reason for breaching the centuries-old legal principle of secrecy in jury deliberations....", "_id": "58bd7d2195d0e024902fdc66", "abstract": null, "headline": {"main": "Supreme Court Sides With Defendant Claiming Jury Race Bias", "print_headline": "Supreme Court Sides With Defendant Claiming Jury Race Bias"}}, {"subsection_name": "Middle East", "byline": {"organization": "REUTERS", "person": [], "original": "By REUTERS"}, "source": "Reuters", "slideshow_credits": null, "keywords": [], "print_page": 0, "document_type": "article", "multimedia": [], "blog": [], "section_name": "World", "word_count": 440, "web_url": "https://www.nytimes.com/reuters/2017/03/06/world/middleeast/06reuters-iran-nuclear-usa-trump.html", "pub_date": "2017-03-06T15:15:34+0000", "lead_paragraph": "The chief of the U.N. atomic watchdog said on Monday he was confident following a visit to Washington of \"very good cooperation\" with the United States on Iran's nuclear deal, despite President Donald Trump's hawkish comments.", "type_of_material": "News", "news_desk": "None", "snippet": "The chief of the U.N. atomic watchdog said on Monday he was confident following a visit to Washington of \"very good cooperation\" with the United States on Iran's nuclear deal, despite President Donald Trump's hawkish comments....", "_id": "58bd7d2195d0e024902fdc67", "abstract": null, "headline": {"main": "U.N. Nuclear Chief Says Confident of U.S. Cooperation on Iran Deal", "print_headline": "U.N. Nuclear Chief Says Confident of U.S. Cooperation on Iran Deal"}}, {"subsection_name": null, "byline": {"organization": "REUTERS", "person": [], "original": "By REUTERS"}, "source": "Reuters", "slideshow_credits": null, "keywords": [], "print_page": 0, "document_type": "article", "multimedia": [], "blog": [], "section_name": "Business Day", "word_count": 423, "web_url": "https://www.nytimes.com/reuters/2017/03/06/business/06reuters-gm-layoffs.html", "pub_date": "2017-03-06T15:15:32+0000", "lead_paragraph": "General Motors Co said on Monday it will lay off 1,100 workers in May at its Lansing Delta Township assembly plant in Michigan as it shifts production of a vehicle to Tennessee.", "type_of_material": "News", "news_desk": "None", "snippet": "General Motors Co said on Monday it will lay off 1,100 workers in May at its Lansing Delta Township assembly plant in Michigan as it shifts production of a vehicle to Tennessee....", "_id": "58bd7d2195d0e024902fdc65", "abstract": null, "headline": {"main": "GM Will Lay Off 1,100 in Michigan After Domestic Production Shift", "print_headline": "GM Will Lay Off 1,100 in Michigan After Domestic Production Shift"}}, {"subsection_name": null, "byline": {"organization": "THE ASSOCIATED PRESS", "person": [], "original": "By THE ASSOCIATED PRESS"}, "source": "AP", "slideshow_credits": null, "keywords": [], "print_page": 0, "document_type": "article", "multimedia": [], "blog": [], "section_name": "U.S.", "word_count": 129, "web_url": "https://www.nytimes.com/aponline/2017/03/06/us/ap-us-drug-weight-dispute.html", "pub_date": "2017-03-06T15:12:38+0000", "lead_paragraph": "Ohio's top court has ruled that sentences for suspects caught with cocaine can be based on the weight of the entire amount, which could include filler material such as baking soda.", "type_of_material": "News", "news_desk": "None", "snippet": "Ohio's top court has ruled that sentences for suspects caught with cocaine can be based on the weight of the entire amount, which could include filler material such as baking soda....", "_id": "58bd7c6d95d0e024902fdc64", "abstract": null, "headline": {"main": "In Rare Reversal, Ohio Court Overturns Cocaine Filler Case", "print_headline": "In Rare Reversal, Ohio Court Overturns Cocaine Filler Case"}}], "meta": {"time": 182, "offset": 60, "hits": 16085363}}, "copyright": "Copyright (c) 2013 The New York Times Company.  All Rights Reserved."}