{"copyright": "Copyright (c) 2013 The New York Times Company.  All Rights Reserved.", "status": "OK", "response": {"meta": {"offset": 1200, "time": 165, "hits": 16085757}, "docs": [{"abstract": null, "pub_date": "2017-03-05T05:00:01+0000", "snippet": "The couple met at Columbia, and were married in Brooklyn....", "web_url": "https://www.nytimes.com/2017/03/05/fashion/weddings/jessie-leiken-jonathan-siegel.html", "document_type": "article", "headline": {"print_headline": "Jessie Leiken,  Jonathan Siegel", "main": "Jessie Leiken, Jonathan Siegel"}, "subsection_name": "Weddings", "byline": [], "section_name": "Fashion & Style", "print_page": 16, "keywords": [{"isMajor": "N", "rank": 1, "name": "subject", "value": "Weddings and Engagements"}], "news_desk": "Society", "blog": [], "_id": "58bb9b5695d0e024902fd978", "multimedia": [{"rank": 0, "url": "images/2017/03/05/fashion/weddings/05LEIKEN/05LEIKEN-thumbStandard.jpg", "width": 75, "height": 75, "type": "image", "legacy": {"thumbnailwidth": 75, "thumbnail": "images/2017/03/05/fashion/weddings/05LEIKEN/05LEIKEN-thumbStandard.jpg", "thumbnailheight": 75}, "subtype": "thumbnail"}, {"rank": 0, "url": "images/2017/03/05/fashion/weddings/05LEIKEN/05LEIKEN-articleLarge-v2.jpg", "width": 600, "height": 354, "type": "image", "legacy": {"xlarge": "images/2017/03/05/fashion/weddings/05LEIKEN/05LEIKEN-articleLarge-v2.jpg", "xlargeheight": 354, "xlargewidth": 600}, "subtype": "xlarge"}, {"rank": 0, "url": "images/2017/03/05/fashion/weddings/05LEIKEN/05LEIKEN-thumbWide-v2.jpg", "width": 190, "height": 126, "type": "image", "legacy": {"wideheight": 126, "wide": "images/2017/03/05/fashion/weddings/05LEIKEN/05LEIKEN-thumbWide-v2.jpg", "widewidth": 190}, "subtype": "wide"}], "source": "The New York Times", "word_count": 188, "lead_paragraph": "The couple met at Columbia, and were married in Brooklyn.", "type_of_material": "News", "slideshow_credits": null}, {"abstract": null, "pub_date": "2017-03-05T05:00:01+0000", "snippet": "She is in human resources with the Federal Reserve Bank, and he is a marketing director for an educational publisher and technology company....", "web_url": "https://www.nytimes.com/2017/03/05/fashion/weddings/emily-feinberg-philip-ugelow.html", "document_type": "article", "headline": {"print_headline": "Emily Feinberg,  Philip Ugelow", "main": "Emily Feinberg, Philip Ugelow"}, "subsection_name": "Weddings", "byline": [], "section_name": "Fashion & Style", "print_page": 16, "keywords": [{"isMajor": "N", "rank": 1, "name": "subject", "value": "Weddings and Engagements"}], "news_desk": "Society", "blog": [], "_id": "58bb9b5b95d0e024902fd980", "multimedia": [{"rank": 0, "url": "images/2017/03/05/fashion/weddings/05FEINBERG/05FEINBERG-thumbStandard.jpg", "width": 75, "height": 75, "type": "image", "legacy": {"thumbnailwidth": 75, "thumbnail": "images/2017/03/05/fashion/weddings/05FEINBERG/05FEINBERG-thumbStandard.jpg", "thumbnailheight": 75}, "subtype": "thumbnail"}, {"rank": 0, "url": "images/2017/03/05/fashion/weddings/05FEINBERG/05FEINBERG-articleLarge-v2.jpg", "width": 600, "height": 355, "type": "image", "legacy": {"xlarge": "images/2017/03/05/fashion/weddings/05FEINBERG/05FEINBERG-articleLarge-v2.jpg", "xlargeheight": 355, "xlargewidth": 600}, "subtype": "xlarge"}, {"rank": 0, "url": "images/2017/03/05/fashion/weddings/05FEINBERG/05FEINBERG-thumbWide-v2.jpg", "width": 190, "height": 126, "type": "image", "legacy": {"wideheight": 126, "wide": "images/2017/03/05/fashion/weddings/05FEINBERG/05FEINBERG-thumbWide-v2.jpg", "widewidth": 190}, "subtype": "wide"}], "source": "The New York Times", "word_count": 234, "lead_paragraph": "She is in human resources with the Federal Reserve Bank, and he is a marketing director for an educational publisher and technology company.", "type_of_material": "News", "slideshow_credits": null}, {"abstract": null, "pub_date": "2017-03-05T05:00:01+0000", "snippet": "The bride works for a company that produces narrative podcasts, and he is marketing director at a tech start-up....", "web_url": "https://www.nytimes.com/2017/03/05/fashion/weddings/christine-amorose-david-merrill.html", "document_type": "article", "headline": {"print_headline": "Christine Amorose,  David Merrill", "main": "Christine Amorose, David Merrill"}, "subsection_name": "Weddings", "byline": [], "section_name": "Fashion & Style", "print_page": 16, "keywords": [{"isMajor": "N", "rank": 1, "name": "subject", "value": "Weddings and Engagements"}], "news_desk": "Society", "blog": [], "_id": "58bb9b5b95d0e024902fd97d", "multimedia": [{"rank": 0, "url": "images/2017/03/05/fashion/weddings/05AMOROSE/05AMOROSE-thumbStandard.jpg", "width": 75, "height": 75, "type": "image", "legacy": {"thumbnailwidth": 75, "thumbnail": "images/2017/03/05/fashion/weddings/05AMOROSE/05AMOROSE-thumbStandard.jpg", "thumbnailheight": 75}, "subtype": "thumbnail"}, {"rank": 0, "url": "images/2017/03/05/fashion/weddings/05AMOROSE/05AMOROSE-articleLarge-v2.jpg", "width": 600, "height": 354, "type": "image", "legacy": {"xlarge": "images/2017/03/05/fashion/weddings/05AMOROSE/05AMOROSE-articleLarge-v2.jpg", "xlargeheight": 354, "xlargewidth": 600}, "subtype": "xlarge"}, {"rank": 0, "url": "images/2017/03/05/fashion/weddings/05AMOROSE/05AMOROSE-thumbWide-v2.jpg", "width": 190, "height": 126, "type": "image", "legacy": {"wideheight": 126, "wide": "images/2017/03/05/fashion/weddings/05AMOROSE/05AMOROSE-thumbWide-v2.jpg", "widewidth": 190}, "subtype": "wide"}], "source": "The New York Times", "word_count": 150, "lead_paragraph": "The bride works for a company that produces narrative podcasts, and he is marketing director at a tech start-up.", "type_of_material": "News", "slideshow_credits": null}, {"abstract": null, "pub_date": "2017-03-05T05:00:01+0000", "snippet": "She designs commercial interiors, and he\u2019s an energy engineer. Their paths crossed as members of the Urban Green Council....", "web_url": "https://www.nytimes.com/2017/03/05/fashion/weddings/rachel-goldfarb-roberto-talavera.html", "document_type": "article", "headline": {"print_headline": "Rachel Goldfarb,  Roberto Talavera", "main": "Rachel Goldfarb, Roberto Talavera"}, "subsection_name": "Weddings", "byline": [], "section_name": "Fashion & Style", "print_page": 16, "keywords": [{"isMajor": "N", "rank": 1, "name": "subject", "value": "Weddings and Engagements"}], "news_desk": "Society", "blog": [], "_id": "58bb9b5695d0e024902fd97a", "multimedia": [{"rank": 0, "url": "images/2017/03/05/fashion/weddings/05GOLDFARB/05GOLDFARB-thumbStandard.jpg", "width": 75, "height": 75, "type": "image", "legacy": {"thumbnailwidth": 75, "thumbnail": "images/2017/03/05/fashion/weddings/05GOLDFARB/05GOLDFARB-thumbStandard.jpg", "thumbnailheight": 75}, "subtype": "thumbnail"}, {"rank": 0, "url": "images/2017/03/05/fashion/weddings/05GOLDFARB/05GOLDFARB-articleLarge-v2.jpg", "width": 600, "height": 354, "type": "image", "legacy": {"xlarge": "images/2017/03/05/fashion/weddings/05GOLDFARB/05GOLDFARB-articleLarge-v2.jpg", "xlargeheight": 354, "xlargewidth": 600}, "subtype": "xlarge"}, {"rank": 0, "url": "images/2017/03/05/fashion/weddings/05GOLDFARB/05GOLDFARB-thumbWide-v2.jpg", "width": 190, "height": 126, "type": "image", "legacy": {"wideheight": 126, "wide": "images/2017/03/05/fashion/weddings/05GOLDFARB/05GOLDFARB-thumbWide-v2.jpg", "widewidth": 190}, "subtype": "wide"}], "source": "The New York Times", "word_count": 201, "lead_paragraph": "She designs commercial interiors, and he\u2019s an energy engineer. Their paths crossed as members of the Urban Green Council.", "type_of_material": "News", "slideshow_credits": null}, {"abstract": null, "pub_date": "2017-03-05T05:00:01+0000", "snippet": "The couple, who met at Emory University, were married at the Ritz-Carlton in Washington....", "web_url": "https://www.nytimes.com/2017/03/05/fashion/weddings/ariel-levin-benjamin-sperling.html", "document_type": "article", "headline": {"print_headline": "Ariel Levin,  Benjamin Sperling", "main": "Ariel Levin, Benjamin Sperling"}, "subsection_name": "Weddings", "byline": [], "section_name": "Fashion & Style", "print_page": 16, "keywords": [{"isMajor": "N", "rank": 1, "name": "subject", "value": "Weddings and Engagements"}], "news_desk": "Society", "blog": [], "_id": "58bb9b5b95d0e024902fd97e", "multimedia": [{"rank": 0, "url": "images/2017/03/05/fashion/weddings/05LEVIN/05LEVIN-thumbStandard.jpg", "width": 75, "height": 75, "type": "image", "legacy": {"thumbnailwidth": 75, "thumbnail": "images/2017/03/05/fashion/weddings/05LEVIN/05LEVIN-thumbStandard.jpg", "thumbnailheight": 75}, "subtype": "thumbnail"}, {"rank": 0, "url": "images/2017/03/05/fashion/weddings/05LEVIN/05LEVIN-articleLarge-v2.jpg", "width": 600, "height": 396, "type": "image", "legacy": {"xlarge": "images/2017/03/05/fashion/weddings/05LEVIN/05LEVIN-articleLarge-v2.jpg", "xlargeheight": 396, "xlargewidth": 600}, "subtype": "xlarge"}, {"rank": 0, "url": "images/2017/03/05/fashion/weddings/05LEVIN/05LEVIN-thumbWide-v2.jpg", "width": 190, "height": 126, "type": "image", "legacy": {"wideheight": 126, "wide": "images/2017/03/05/fashion/weddings/05LEVIN/05LEVIN-thumbWide-v2.jpg", "widewidth": 190}, "subtype": "wide"}], "source": "The New York Times", "word_count": 145, "lead_paragraph": "The couple, who met at Emory University, were married at the Ritz-Carlton in Washington.", "type_of_material": "News", "slideshow_credits": null}, {"abstract": null, "pub_date": "2017-03-05T05:00:00+0000", "snippet": "The couple, who met via OkCupid, were married at the Manhattan Marriage Bureau....", "web_url": "https://www.nytimes.com/2017/03/05/fashion/weddings/zoia-alexanian-adam-pearce.html", "document_type": "article", "headline": {"print_headline": "Zoia Alexanian,  Adam Pearce", "main": "Zoia Alexanian, Adam Pearce"}, "subsection_name": "Weddings", "byline": [], "section_name": "Fashion & Style", "print_page": 16, "keywords": [{"isMajor": "N", "rank": 1, "name": "subject", "value": "Weddings and Engagements"}], "news_desk": "Society", "blog": [], "_id": "58bb9b5695d0e024902fd979", "multimedia": [{"rank": 0, "url": "images/2017/03/05/fashion/weddings/05ALEXANIAN/05ALEXANIAN-thumbStandard.jpg", "width": 75, "height": 75, "type": "image", "legacy": {"thumbnailwidth": 75, "thumbnail": "images/2017/03/05/fashion/weddings/05ALEXANIAN/05ALEXANIAN-thumbStandard.jpg", "thumbnailheight": 75}, "subtype": "thumbnail"}, {"rank": 0, "url": "images/2017/03/05/fashion/weddings/05ALEXANIAN/05ALEXANIAN-articleLarge-v2.jpg", "width": 600, "height": 355, "type": "image", "legacy": {"xlarge": "images/2017/03/05/fashion/weddings/05ALEXANIAN/05ALEXANIAN-articleLarge-v2.jpg", "xlargeheight": 355, "xlargewidth": 600}, "subtype": "xlarge"}, {"rank": 0, "url": "images/2017/03/05/fashion/weddings/05ALEXANIAN/05ALEXANIAN-thumbWide-v2.jpg", "width": 190, "height": 126, "type": "image", "legacy": {"wideheight": 126, "wide": "images/2017/03/05/fashion/weddings/05ALEXANIAN/05ALEXANIAN-thumbWide-v2.jpg", "widewidth": 190}, "subtype": "wide"}], "source": "The New York Times", "word_count": 185, "lead_paragraph": "The couple, who met via OkCupid, were married at the Manhattan Marriage Bureau.", "type_of_material": "News", "slideshow_credits": null}, {"abstract": null, "pub_date": "2017-03-05T04:42:40+0000", "snippet": "James Harden had a simple answer for why the Houston Rockets were so successful in the third quarter against the Memphis Grizzlies on Saturday night....", "web_url": "https://www.nytimes.com/aponline/2017/03/04/sports/basketball/ap-bkn-grizzlies-rockets.html", "document_type": "article", "headline": {"print_headline": "Harden's 33 Points Lead Rockets Over Grizzlies, 123-108", "main": "Harden's 33 Points Lead Rockets Over Grizzlies, 123-108"}, "subsection_name": "Pro Basketball", "byline": {"organization": "THE ASSOCIATED PRESS", "person": [], "original": "By THE ASSOCIATED PRESS"}, "section_name": "Sports", "print_page": 0, "keywords": [], "news_desk": "None", "blog": [], "_id": "58bb974795d0e024902fd976", "multimedia": [], "source": "AP", "word_count": 590, "lead_paragraph": "James Harden had a simple answer for why the Houston Rockets were so successful in the third quarter against the Memphis Grizzlies on Saturday night.", "type_of_material": "News", "slideshow_credits": null}, {"abstract": null, "pub_date": "2017-03-05T04:42:38+0000", "snippet": "President Donald Trump has declared that the media are the \"enemy of the people,\" but his administration is willing to joke around with reporters &#8212; and poke fun at itself &#8212; in a venerable Washington tradition....", "web_url": "https://www.nytimes.com/aponline/2017/03/04/us/politics/ap-us-gridiron-pence.html", "document_type": "article", "headline": {"print_headline": "Pence Jokes With 'Enemy of the People' at Gridiron Dinner", "main": "Pence Jokes With 'Enemy of the People' at Gridiron Dinner"}, "subsection_name": "Politics", "byline": {"organization": "THE ASSOCIATED PRESS", "person": [], "original": "By THE ASSOCIATED PRESS"}, "section_name": "U.S.", "print_page": 0, "keywords": [], "news_desk": "None", "blog": [], "_id": "58bb974795d0e024902fd975", "multimedia": [], "source": "AP", "word_count": 523, "lead_paragraph": "President Donald Trump has declared that the media are the \"enemy of the people,\" but his administration is willing to joke around with reporters &#8212; and poke fun at itself &#8212; in a venerable Washington tradition.", "type_of_material": "News", "slideshow_credits": null}, {"abstract": null, "pub_date": "2017-03-05T04:30:36+0000", "snippet": "With Frank Kaminsky out, the Charlotte Hornets needed someone to step up at the end of a long road trip....", "web_url": "https://www.nytimes.com/aponline/2017/03/04/sports/basketball/ap-bkn-hornets-nuggets.html", "document_type": "article", "headline": {"print_headline": "Walker Scores 27 as Hornets Beat Nuggets, 112-102", "main": "Walker Scores 27 as Hornets Beat Nuggets, 112-102"}, "subsection_name": "Pro Basketball", "byline": {"organization": "THE ASSOCIATED PRESS", "person": [], "original": "By THE ASSOCIATED PRESS"}, "section_name": "Sports", "print_page": 0, "keywords": [], "news_desk": "None", "blog": [], "_id": "58bb947395d0e024902fd974", "multimedia": [], "source": "AP", "word_count": 655, "lead_paragraph": "With Frank Kaminsky out, the Charlotte Hornets needed someone to step up at the end of a long road trip.", "type_of_material": "News", "slideshow_credits": null}, {"abstract": null, "pub_date": "2017-03-05T04:18:37+0000", "snippet": "Quiet on the scoresheet the entire second half, Sydney Wiese finally found a bit of space as the final minutes ticked away....", "web_url": "https://www.nytimes.com/aponline/2017/03/04/sports/ncaabasketball/ap-bkw-t25-p12-ucla-oregon-state.html", "document_type": "article", "headline": {"print_headline": "Late Shots Carry No. 6 Oregon State Past No. 15 UCLA 63-53", "main": "Late Shots Carry No. 6 Oregon State Past No. 15 UCLA 63-53"}, "subsection_name": "College Basketball", "byline": {"organization": "THE ASSOCIATED PRESS", "person": [], "original": "By THE ASSOCIATED PRESS"}, "section_name": "Sports", "print_page": 0, "keywords": [], "news_desk": "None", "blog": [], "_id": "58bb91a495d0e024902fd973", "multimedia": [], "source": "AP", "word_count": 626, "lead_paragraph": "Quiet on the scoresheet the entire second half, Sydney Wiese finally found a bit of space as the final minutes ticked away.", "type_of_material": "News", "slideshow_credits": null}]}}