{"copyright": "Copyright (c) 2013 The New York Times Company.  All Rights Reserved.", "response": {"meta": {"time": 170, "hits": 16084460, "offset": 340}, "docs": [{"keywords": [], "word_count": 397, "web_url": "https://www.nytimes.com/aponline/2017/03/03/sports/basketball/ap-bkn-raptors-wizards.html", "news_desk": "None", "slideshow_credits": null, "pub_date": "2017-03-04T02:57:44+0000", "subsection_name": "Pro Basketball", "lead_paragraph": "DeMar DeRozan scored 32 points, including a key 3-pointer late, and grabbed 13 rebounds as the Toronto Raptors defeated the Washington Wizards 114-106 on Friday night despite giving back a 19-point first-half lead.", "abstract": null, "headline": {"main": "DeRozan, Powell Lead Raptors Past Wizards 114-106", "print_headline": "DeRozan, Powell Lead Raptors Past Wizards 114-106"}, "type_of_material": "News", "blog": [], "document_type": "article", "source": "AP", "print_page": 0, "snippet": "DeMar DeRozan scored 32 points, including a key 3-pointer late, and grabbed 13 rebounds as the Toronto Raptors defeated the Washington Wizards 114-106 on Friday night despite giving back a 19-point first-half lead....", "byline": {"original": "By THE ASSOCIATED PRESS", "person": [], "organization": "THE ASSOCIATED PRESS"}, "section_name": "Sports", "multimedia": [], "_id": "58ba2d2e95d0e024902fd7c7"}, {"keywords": [], "word_count": 803, "web_url": "https://www.nytimes.com/aponline/2017/03/03/sports/basketball/ap-bkn-knicks-76ers.html", "news_desk": "None", "slideshow_credits": null, "pub_date": "2017-03-04T02:54:46+0000", "subsection_name": "Pro Basketball", "lead_paragraph": "Justin Anderson gave Carmelo Anthony fits by playing with the type of grit that Philadelphia fans love. Even Anthony complimented him.", "abstract": null, "headline": {"main": "Anderson, Saric Lead 76ers Past Knicks, 105-102", "print_headline": "Anderson, Saric Lead 76ers Past Knicks, 105-102"}, "type_of_material": "News", "blog": [], "document_type": "article", "source": "AP", "print_page": 0, "snippet": "Justin Anderson gave Carmelo Anthony fits by playing with the type of grit that Philadelphia fans love. Even Anthony complimented him....", "byline": {"original": "By THE ASSOCIATED PRESS", "person": [], "organization": "THE ASSOCIATED PRESS"}, "section_name": "Sports", "multimedia": [], "_id": "58ba2c7e95d0e024902fd7c6"}, {"keywords": [{"value": "Baker, Charles D Jr", "isMajor": "N", "rank": 1, "name": "persons"}, {"value": "Massachusetts", "isMajor": "N", "rank": 2, "name": "glocations"}, {"value": "Planned Parenthood Federation of America", "isMajor": "N", "rank": 3, "name": "organizations"}, {"value": "Abortion", "isMajor": "N", "rank": 4, "name": "subject"}, {"value": "Republican Party", "isMajor": "N", "rank": 5, "name": "organizations"}], "word_count": 374, "web_url": "https://www.nytimes.com/2017/03/03/us/massachusetts-planned-parenthood-funding.html", "news_desk": "National", "slideshow_credits": null, "pub_date": "2017-03-04T02:54:29+0000", "subsection_name": null, "lead_paragraph": "A Republican governor in a liberal-leaning state signals the gap between his positions and those of the Republican-controlled Congress.", "abstract": null, "headline": {"main": "Massachusetts Governor Vows to Shield Planned Parenthood Funding", "print_headline": "Massachusetts Governor Vows to Shield Planned Parenthood"}, "type_of_material": "News", "blog": [], "document_type": "article", "source": "The New York Times", "print_page": 0, "snippet": "A Republican governor in a liberal-leaning state signals the gap between his positions and those of the Republican-controlled Congress....", "byline": {"original": "By REUTERS", "person": [], "organization": "REUTERS"}, "section_name": "U.S.", "multimedia": [{"width": 75, "type": "image", "rank": 0, "subtype": "thumbnail", "legacy": {"thumbnailheight": 75, "thumbnailwidth": 75, "thumbnail": "images/2017/03/04/us/05Planned-parenthood-1/05Planned-parenthood-1-thumbStandard.jpg"}, "height": 75, "url": "images/2017/03/04/us/05Planned-parenthood-1/05Planned-parenthood-1-thumbStandard.jpg"}, {"width": 600, "type": "image", "rank": 0, "subtype": "xlarge", "legacy": {"xlargewidth": 600, "xlarge": "images/2017/03/04/us/05Planned-parenthood-1/05Planned-parenthood-1-articleLarge.jpg", "xlargeheight": 400}, "height": 400, "url": "images/2017/03/04/us/05Planned-parenthood-1/05Planned-parenthood-1-articleLarge.jpg"}, {"width": 190, "type": "image", "rank": 0, "subtype": "wide", "legacy": {"widewidth": 190, "wideheight": 126, "wide": "images/2017/03/04/us/05Planned-parenthood-1/05Planned-parenthood-1-thumbWide.jpg"}, "height": 126, "url": "images/2017/03/04/us/05Planned-parenthood-1/05Planned-parenthood-1-thumbWide.jpg"}], "_id": "58ba2c6d95d0e024902fd7c5"}, {"keywords": [{"value": "Basketball", "isMajor": "N", "rank": 1, "name": "subject"}, {"value": "Atlanta Hawks", "isMajor": "N", "rank": 2, "name": "organizations"}, {"value": "Cleveland Cavaliers", "isMajor": "N", "rank": 3, "name": "organizations"}], "word_count": 301, "web_url": "https://www.nytimes.com/2017/03/03/sports/basketball/cleveland-cavaliers-kyle-korver-atlanta-hawks.html", "news_desk": "Sports", "slideshow_credits": null, "pub_date": "2017-03-04T02:53:07+0000", "subsection_name": "Pro Basketball", "lead_paragraph": "Cleveland\u2019s Kyle Korver made the record-setting 3 in his return to Atlanta against the Hawks.", "abstract": null, "headline": {"main": "Cavaliers Hit 25 3-Pointers, Setting N.B.A. Record for Regular Season Game", "print_headline": "Pro Basketball; Around the N.B.A."}, "type_of_material": "News", "blog": [], "document_type": "article", "source": "The New York Times", "print_page": 4, "snippet": "Cleveland\u2019s Kyle Korver made the record-setting 3 in his return to Atlanta against the Hawks....", "byline": {"original": "By THE ASSOCIATED PRESS", "person": [], "organization": "THE ASSOCIATED PRESS"}, "section_name": "Sports", "multimedia": [{"width": 75, "type": "image", "rank": 0, "subtype": "thumbnail", "legacy": {"thumbnailheight": 75, "thumbnailwidth": 75, "thumbnail": "images/2017/03/04/sports/04cavs/04cavs-thumbStandard.jpg"}, "height": 75, "url": "images/2017/03/04/sports/04cavs/04cavs-thumbStandard.jpg"}, {"width": 600, "type": "image", "rank": 0, "subtype": "xlarge", "legacy": {"xlargewidth": 600, "xlarge": "images/2017/03/04/sports/04cavs/04cavs-articleLarge.jpg", "xlargeheight": 900}, "height": 900, "url": "images/2017/03/04/sports/04cavs/04cavs-articleLarge.jpg"}, {"width": 190, "type": "image", "rank": 0, "subtype": "wide", "legacy": {"widewidth": 190, "wideheight": 126, "wide": "images/2017/03/04/sports/04cavs/04cavs-thumbWide.jpg"}, "height": 126, "url": "images/2017/03/04/sports/04cavs/04cavs-thumbWide.jpg"}], "_id": "58ba2c1a95d0e024902fd7c4"}, {"keywords": [], "word_count": 756, "web_url": "https://www.nytimes.com/aponline/2017/03/03/sports/hockey/ap-hkn-lightning-penguins.html", "news_desk": "None", "slideshow_credits": null, "pub_date": "2017-03-04T02:51:46+0000", "subsection_name": "Hockey", "lead_paragraph": "Mark Streit was dealt from Philadelphia to Tampa Bay to Pittsburgh in the span of a few hours at the trade deadline on Wednesday.", "abstract": null, "headline": {"main": "Streit Scores in Debut, Penguins Top Lightning 5-2", "print_headline": "Streit Scores in Debut, Penguins Top Lightning 5-2"}, "type_of_material": "News", "blog": [], "document_type": "article", "source": "AP", "print_page": 0, "snippet": "Mark Streit was dealt from Philadelphia to Tampa Bay to Pittsburgh in the span of a few hours at the trade deadline on Wednesday....", "byline": {"original": "By THE ASSOCIATED PRESS", "person": [], "organization": "THE ASSOCIATED PRESS"}, "section_name": "Sports", "multimedia": [], "_id": "58ba2bd395d0e024902fd7c3"}, {"keywords": [], "word_count": 651, "web_url": "https://www.nytimes.com/aponline/2017/03/03/sports/basketball/ap-bkn-cavaliers-hawks.html", "news_desk": "None", "slideshow_credits": null, "pub_date": "2017-03-04T02:51:44+0000", "subsection_name": "Pro Basketball", "lead_paragraph": "On a record-breaking night when Kyrie Irving and LeBron James combined for 81 points, it was fitting that the biggest shot belonged to Kyle Korver.", "abstract": null, "headline": {"main": "Cavs Make NBA Regular-Season Record 25 3s, Top Hawks 135-130", "print_headline": "Cavs Make NBA Regular-Season Record 25 3s, Top Hawks 135-130"}, "type_of_material": "News", "blog": [], "document_type": "article", "source": "AP", "print_page": 0, "snippet": "On a record-breaking night when Kyrie Irving and LeBron James combined for 81 points, it was fitting that the biggest shot belonged to Kyle Korver....", "byline": {"original": "By THE ASSOCIATED PRESS", "person": [], "organization": "THE ASSOCIATED PRESS"}, "section_name": "Sports", "multimedia": [], "_id": "58ba2bc895d0e024902fd7c2"}, {"keywords": [], "word_count": 563, "web_url": "https://www.nytimes.com/aponline/2017/03/03/sports/ncaabasketball/ap-bkc-t25-bradley-wichita-st.html", "news_desk": "None", "slideshow_credits": null, "pub_date": "2017-03-04T02:48:48+0000", "subsection_name": "College Basketball", "lead_paragraph": "Wichita State used its depth to overpower Bradley in the Missouri Valley Conference Tournament quarterfinals.", "abstract": null, "headline": {"main": "No. 21 Wichita State Beats Bradley 82-56 in MVC Tournament", "print_headline": "No. 21 Wichita State Beats Bradley 82-56 in MVC Tournament"}, "type_of_material": "News", "blog": [], "document_type": "article", "source": "AP", "print_page": 0, "snippet": "Wichita State used its depth to overpower Bradley in the Missouri Valley Conference Tournament quarterfinals....", "byline": {"original": "By THE ASSOCIATED PRESS", "person": [], "organization": "THE ASSOCIATED PRESS"}, "section_name": "Sports", "multimedia": [], "_id": "58ba2b1395d0e024902fd7c1"}, {"keywords": [], "word_count": 274, "web_url": "https://www.nytimes.com/aponline/2017/03/03/sports/tennis/ap-ten-acapulco.html", "news_desk": "None", "slideshow_credits": null, "pub_date": "2017-03-04T02:39:51+0000", "subsection_name": "Tennis", "lead_paragraph": "Rafael Nadal routed Marin Cilic 6-1, 6-2 Friday night to advance to the Mexican Open final against Sam Querrey.", "abstract": null, "headline": {"main": "Rafa Nadal Plays Surging Sam Querrey for Mexican Open Title", "print_headline": "Rafa Nadal Plays Surging Sam Querrey for Mexican Open Title"}, "type_of_material": "News", "blog": [], "document_type": "article", "source": "AP", "print_page": 0, "snippet": "Rafael Nadal routed Marin Cilic 6-1, 6-2 Friday night to advance to the Mexican Open final against Sam Querrey....", "byline": {"original": "By THE ASSOCIATED PRESS", "person": [], "organization": "THE ASSOCIATED PRESS"}, "section_name": "Sports", "multimedia": [], "_id": "58ba28fc95d0e024902fd7c0"}, {"keywords": [], "word_count": 652, "web_url": "https://www.nytimes.com/aponline/2017/03/03/sports/ncaabasketball/ap-bkc-t25-iowa-st-west-virginia.html", "news_desk": "None", "slideshow_credits": null, "pub_date": "2017-03-04T02:27:56+0000", "subsection_name": "College Basketball", "lead_paragraph": "Daxter Miles Jr. was determined to give West Virginia's five seniors a proper send-off in their final home game.", "abstract": null, "headline": {"main": "Miles Scores 23, No. 10 WVU Beats No. 24 Iowa State 87-76", "print_headline": "Miles Scores 23, No. 10 WVU Beats No. 24 Iowa State 87-76"}, "type_of_material": "News", "blog": [], "document_type": "article", "source": "AP", "print_page": 0, "snippet": "Daxter Miles Jr. was determined to give West Virginia's five seniors a proper send-off in their final home game....", "byline": {"original": "By THE ASSOCIATED PRESS", "person": [], "organization": "THE ASSOCIATED PRESS"}, "section_name": "Sports", "multimedia": [], "_id": "58ba263295d0e024902fd7be"}, {"keywords": [], "word_count": 642, "web_url": "https://www.nytimes.com/aponline/2017/03/03/sports/basketball/ap-bkn-heat-magic.html", "news_desk": "None", "slideshow_credits": null, "pub_date": "2017-03-04T02:27:54+0000", "subsection_name": "Pro Basketball", "lead_paragraph": "As far as Aaron Gordon is concerned, his chemistry with Elfrid Payton is real basic.", "abstract": null, "headline": {"main": "Nikola Vucevic Scores 25 Points, Magic Beat Heat 110-99", "print_headline": "Nikola Vucevic Scores 25 Points, Magic Beat Heat 110-99"}, "type_of_material": "News", "blog": [], "document_type": "article", "source": "AP", "print_page": 0, "snippet": "As far as Aaron Gordon is concerned, his chemistry with Elfrid Payton is real basic....", "byline": {"original": "By THE ASSOCIATED PRESS", "person": [], "organization": "THE ASSOCIATED PRESS"}, "section_name": "Sports", "multimedia": [], "_id": "58ba263395d0e024902fd7bf"}]}, "status": "OK"}