{"status": "OK", "copyright": "Copyright (c) 2013 The New York Times Company.  All Rights Reserved.", "response": {"meta": {"hits": 16084813, "time": 188, "offset": 130}, "docs": [{"lead_paragraph": "Zimbabwean junior doctors on Sunday called off a three-week strike saying the government had partially met their demands, a day before a one-day walk out by other public sector workers.", "section_name": "World", "slideshow_credits": null, "print_page": 0, "subsection_name": "Africa", "pub_date": "2017-03-05T14:12:27+0000", "type_of_material": "News", "multimedia": [], "_id": "58bc1cd795d0e024902fda00", "blog": [], "document_type": "article", "headline": {"print_headline": "Zimbabwe Doctors Call Off Strike Ahead of Civil Service Walk-Out", "main": "Zimbabwe Doctors Call Off Strike Ahead of Civil Service Walk-Out"}, "source": "Reuters", "word_count": 304, "abstract": null, "keywords": [], "byline": {"person": [], "organization": "REUTERS", "original": "By REUTERS"}, "snippet": "Zimbabwean junior doctors on Sunday called off a three-week strike saying the government had partially met their demands, a day before a one-day walk out by other public sector workers....", "web_url": "https://www.nytimes.com/reuters/2017/03/05/world/africa/05reuters-zimbabwe-strike.html", "news_desk": "None"}, {"lead_paragraph": "Egyptian intelligence has hired two U.S. public relations firms in Washington to lobby on the country's behalf and boost its image, the first such engagements by the country's powerful security apparatus to be made public.", "section_name": "World", "slideshow_credits": null, "print_page": 0, "subsection_name": "Middle East", "pub_date": "2017-03-05T14:09:38+0000", "type_of_material": "News", "multimedia": [], "_id": "58bc1c2b95d0e024902fd9ff", "blog": [], "document_type": "article", "headline": {"print_headline": "Egypt's Mukhabarat Hires Washington Lobbyists to Boost Image", "main": "Egypt's Mukhabarat Hires Washington Lobbyists to Boost Image"}, "source": "AP", "word_count": 627, "abstract": null, "keywords": [], "byline": {"person": [], "organization": "THE ASSOCIATED PRESS", "original": "By THE ASSOCIATED PRESS"}, "snippet": "Egyptian intelligence has hired two U.S. public relations firms in Washington to lobby on the country's behalf and boost its image, the first such engagements by the country's powerful security apparatus to be made public....", "web_url": "https://www.nytimes.com/aponline/2017/03/05/world/middleeast/ap-ml-egypt-us.html", "news_desk": "None"}, {"lead_paragraph": "Australian qualifier Ashleigh Barty breezed past Japan's Nao Hibino 6-3 6-2 in a rain-hit Malaysian Open final to win her first WTA singles title in Kuala Lumpur on Sunday and break into the world's top 100 for the first time.", "section_name": "Sports", "slideshow_credits": null, "print_page": 0, "subsection_name": "Tennis", "pub_date": "2017-03-05T14:09:30+0000", "type_of_material": "News", "multimedia": [], "_id": "58bc1c1e95d0e024902fd9fe", "blog": [], "document_type": "article", "headline": {"print_headline": "Barty Beats Hibino to Win Malaysian Open", "main": "Barty Beats Hibino to Win Malaysian Open"}, "source": "Reuters", "word_count": 136, "abstract": null, "keywords": [], "byline": {"person": [], "organization": "REUTERS", "original": "By REUTERS"}, "snippet": "Australian qualifier Ashleigh Barty breezed past Japan's Nao Hibino 6-3 6-2 in a rain-hit Malaysian Open final to win her first WTA singles title in Kuala Lumpur on Sunday and break into the world's top 100 for the first time....", "web_url": "https://www.nytimes.com/reuters/2017/03/05/sports/tennis/05reuters-tennis-women-kualalumpur.html", "news_desk": "None"}, {"lead_paragraph": "The total number of civilians displaced from Mosul has risen sharply over the past days and exceeded 200,000 on Sunday, according to the International Organization for Migration (IOM).", "section_name": "World", "slideshow_credits": null, "print_page": 0, "subsection_name": "Middle East", "pub_date": "2017-03-05T14:09:28+0000", "type_of_material": "News", "multimedia": [], "_id": "58bc1c1d95d0e024902fd9fd", "blog": [], "document_type": "article", "headline": {"print_headline": "Total Number of People Displaced From Mosul Exceeds 200,000: IOM", "main": "Total Number of People Displaced From Mosul Exceeds 200,000: IOM"}, "source": "Reuters", "word_count": 152, "abstract": null, "keywords": [], "byline": {"person": [], "organization": "REUTERS", "original": "By REUTERS"}, "snippet": "The total number of civilians displaced from Mosul has risen sharply over the past days and exceeded 200,000 on Sunday, according to the International Organization for Migration (IOM)....", "web_url": "https://www.nytimes.com/reuters/2017/03/05/world/middleeast/05reuters-mideast-crisis-iraq-displaced.html", "news_desk": "None"}, {"lead_paragraph": "A Russian lawmaker has proposed an unorthodox solution to the country's problems with soccer hooliganism ahead of next year's World Cup &#8212; legalize it and make it a spectator sport.", "section_name": "Sports", "slideshow_credits": null, "print_page": 0, "subsection_name": "Soccer", "pub_date": "2017-03-05T14:03:46+0000", "type_of_material": "News", "multimedia": [], "_id": "58bc1ac895d0e024902fd9fc", "blog": [], "document_type": "article", "headline": {"print_headline": "Russian Lawmaker Aims to Make Football Hooliganism a Sport", "main": "Russian Lawmaker Aims to Make Football Hooliganism a Sport"}, "source": "AP", "word_count": 370, "abstract": null, "keywords": [], "byline": {"person": [], "organization": "THE ASSOCIATED PRESS", "original": "By THE ASSOCIATED PRESS"}, "snippet": "A Russian lawmaker has proposed an unorthodox solution to the country's problems with soccer hooliganism ahead of next year's World Cup &#8212; legalize it and make it a spectator sport....", "web_url": "https://www.nytimes.com/aponline/2017/03/05/sports/soccer/ap-soc-russia-hooligans.html", "news_desk": "None"}, {"lead_paragraph": "He once was New Jersey's highest ranking law enforcement official, a mentor to Republican Gov. Chris Christie and the head of one of the nation's most powerful transportation agencies. On Monday, David Samson's next title could be far less glamorous &#8212; federal inmate.", "section_name": "U.S.", "slideshow_credits": null, "print_page": 0, "subsection_name": null, "pub_date": "2017-03-05T14:03:42+0000", "type_of_material": "News", "multimedia": [], "_id": "58bc1ac595d0e024902fd9fb", "blog": [], "document_type": "article", "headline": {"print_headline": "Notable Career Ends With Sentencing in United Airlines Case", "main": "Notable Career Ends With Sentencing in United Airlines Case"}, "source": "AP", "word_count": 617, "abstract": null, "keywords": [], "byline": {"person": [], "organization": "THE ASSOCIATED PRESS", "original": "By THE ASSOCIATED PRESS"}, "snippet": "He once was New Jersey's highest ranking law enforcement official, a mentor to Republican Gov. Chris Christie and the head of one of the nation's most powerful transportation agencies. On Monday, David Samson's next title could be far less glamoro...", "web_url": "https://www.nytimes.com/aponline/2017/03/05/us/ap-us-united-special-flight-probe.html", "news_desk": "None"}, {"lead_paragraph": "Whether it's would-be homebuyers frustrated by rising U.S. home prices or renters eager for an alternative to cramped apartment living, many are increasingly opting to rent a house.", "section_name": "U.S.", "slideshow_credits": null, "print_page": 0, "subsection_name": null, "pub_date": "2017-03-05T14:03:39+0000", "type_of_material": "News", "multimedia": [], "_id": "58bc1ac495d0e024902fd9fa", "blog": [], "document_type": "article", "headline": {"print_headline": "Insider Q&A: Mark Wolf, Founder and CEO of AHV Communities", "main": "Insider Q&A: Mark Wolf, Founder and CEO of AHV Communities"}, "source": "AP", "word_count": 637, "abstract": null, "keywords": [], "byline": {"person": [], "organization": "THE ASSOCIATED PRESS", "original": "By THE ASSOCIATED PRESS"}, "snippet": "Whether it's would-be homebuyers frustrated by rising U.S. home prices or renters eager for an alternative to cramped apartment living, many are increasingly opting to rent a house....", "web_url": "https://www.nytimes.com/aponline/2017/03/05/us/ap-us-insider-qa-ahv-communities.html", "news_desk": "None"}, {"lead_paragraph": "Medical expenses are a burden whenever they hit, but a recent study found they're most common around this time of year.", "section_name": "U.S.", "slideshow_credits": null, "print_page": 0, "subsection_name": null, "pub_date": "2017-03-05T14:03:36+0000", "type_of_material": "News", "multimedia": [], "_id": "58bc1abe95d0e024902fd9f9", "blog": [], "document_type": "article", "headline": {"print_headline": "Ouch: Taking the Sting Out of Medical Expenses", "main": "Ouch: Taking the Sting Out of Medical Expenses"}, "source": "AP", "word_count": 475, "abstract": null, "keywords": [], "byline": {"person": [], "organization": "THE ASSOCIATED PRESS", "original": "By THE ASSOCIATED PRESS"}, "snippet": "Medical expenses are a burden whenever they hit, but a recent study found they're most common around this time of year....", "web_url": "https://www.nytimes.com/aponline/2017/03/05/us/ap-us-quick-fix-medical-bills.html", "news_desk": "None"}, {"lead_paragraph": "Ex-French President Nicolas Sarkozy and former prime minister Alain Juppe discussed the situation regarding embattled presidential candidate Francois Fillon on Saturday night, a source close their Republican party said.", "section_name": "World", "slideshow_credits": null, "print_page": 0, "subsection_name": "Europe", "pub_date": "2017-03-05T14:00:27+0000", "type_of_material": "News", "multimedia": [], "_id": "58bc1a0395d0e024902fd9f8", "blog": [], "document_type": "article", "headline": {"print_headline": "Sarkozy, Juppe Discussed French Presidential Candidate Fillon's Situation on Saturday: Source", "main": "Sarkozy, Juppe Discussed French Presidential Candidate Fillon's Situation on Saturday: Source"}, "source": "Reuters", "word_count": 101, "abstract": null, "keywords": [], "byline": {"person": [], "organization": "REUTERS", "original": "By REUTERS"}, "snippet": "Ex-French President Nicolas Sarkozy and former prime minister Alain Juppe discussed the situation regarding embattled presidential candidate Francois Fillon on Saturday night, a source close their Republican party said....", "web_url": "https://www.nytimes.com/reuters/2017/03/05/world/europe/05reuters-france-election-sarkozy.html", "news_desk": "None"}, {"lead_paragraph": "Suspected al Qaeda militants opened fired on a Yemeni military checkpoint in the southern province of Abyan on Sunday, a security official and residents said, killing six troops and a civilian.", "section_name": "World", "slideshow_credits": null, "print_page": 0, "subsection_name": "Middle East", "pub_date": "2017-03-05T13:57:27+0000", "type_of_material": "News", "multimedia": [], "_id": "58bc194d95d0e024902fd9f7", "blog": [], "document_type": "article", "headline": {"print_headline": "Suspected Al Qaeda Militants Kill Six Yemeni Troops, Civilian: Official", "main": "Suspected Al Qaeda Militants Kill Six Yemeni Troops, Civilian: Official"}, "source": "Reuters", "word_count": 141, "abstract": null, "keywords": [], "byline": {"person": [], "organization": "REUTERS", "original": "By REUTERS"}, "snippet": "Suspected al Qaeda militants opened fired on a Yemeni military checkpoint in the southern province of Abyan on Sunday, a security official and residents said, killing six troops and a civilian....", "web_url": "https://www.nytimes.com/reuters/2017/03/05/world/middleeast/05reuters-yemen-security.html", "news_desk": "None"}]}}