[{"web_url": "https://www.nytimes.com/aponline/2017/03/02/world/asia/ap-as-china-legislature-economy.html", "source": "AP", "_id": "58b8d8de95d0e024902fd458", "pub_date": "2017-03-03T02:45:34+0000", "lead_paragraph": "Instead of dramatic new reforms, Chinese leaders are likely to emphasize reining in surging debt and financial risks to keep growth steady at this year's meeting of the ceremonial national legislature.", "section_name": "World", "type_of_material": "News", "snippet": "Instead of dramatic new reforms, Chinese leaders are likely to emphasize reining in surging debt and financial risks to keep growth steady at this year's meeting of the ceremonial national legislature....", "document_type": "article", "headline": {"main": "Anti-Black Slur in Stamford Is Painted Over After Two Months", "print_headline": "Anti-Black Slur in Stamford Is Painted Over After Two Months"}}]