[{"web_url": "https://www.nytimes.com/aponline/2017/03/02/sports/basketball/ap-bkn-warriors-bulls.html", "source": "AP", "_id": "58b8e90c95d0e024902fd470", "pub_date": "2017-03-03T03:54:43+0000", "lead_paragraph": "Whether it's a superstar going down or dropping back-to-back games, losses are starting to add up for the Golden State Warriors.", "section_name": "Sports", "type_of_material": "News", "snippet": "Whether it's a superstar going down or dropping back-to-back games, losses are starting to add up for the Golden State Warriors....", "document_type": "article", "headline": {"main": "Bulls Top Golden State in Warriors' 1st Game Without Durant", "print_headline": "Bulls Top Golden State in Warriors' 1st Game Without Durant"}}]