[{"web_url": "https://www.nytimes.com/video/us/politics/100000004967165/sessions-on-russian-controversy.html", "source": "The New York Times", "_id": "58b8869795d0e024902fd373", "pub_date": "2017-03-02T20:54:39+0000", "lead_paragraph": "Attorney General Jeff Sessions is under fire for having had conversations with Russia\u2019s ambassador during the presidential campaign.", "section_name": "U.S.", "type_of_material": "Video", "snippet": "Attorney General Jeff Sessions is under fire for having had conversations with Russia\u2019s ambassador during the presidential campaign....", "document_type": "multimedia", "headline": {"kicker": "Behind the Poster", "main": "Who\u2019s That on the Grill in \u2018Barbecue\u2019?", "print_headline": "", "content_kicker": "Behind the Poster"}}]