[{"web_url": "https://www.nytimes.com/2017/03/02/theater/significant-other-review.html", "source": "The New York Times", "_id": "58b8dc3795d0e024902fd45b", "pub_date": "2017-03-03T03:00:05+0000", "lead_paragraph": "Joshua Harmon\u2019s comedy, at the Booth Theater, tells of a gay man\u2019s turmoil as he watches wedding bells break up his gang of gal pals.", "section_name": "Theater", "type_of_material": "Review", "snippet": "Joshua Harmon\u2019s comedy, at the Booth Theater, tells of a gay man\u2019s turmoil as he watches wedding bells break up his gang of gal pals....", "document_type": "article", "headline": {"main": "Anti-Black Slur in Stamford Is Painted Over After Two Months", "print_headline": "Anti-Black Slur in Stamford Is Painted Over After Two Months"}}]