[{"web_url": "https://www.nytimes.com/aponline/2017/03/02/us/ap-us-stick-shift-carjacking.html", "source": "AP", "_id": "58b856e495d0e024902fd2cf", "pub_date": "2017-03-02T17:31:08+0000", "lead_paragraph": "Cleveland police say an 18-year-old serial carjacker was arrested after his accomplice couldn't drive a stick shift &#8212; even with some coaching from the victim.", "section_name": "U.S.", "type_of_material": "News", "snippet": "Cleveland police say an 18-year-old serial carjacker was arrested after his accomplice couldn't drive a stick shift &#8212; even with some coaching from the victim....", "document_type": "article", "headline": {"main": "2 Charged With Trying to Bring Loaded Guns Onto Planes", "print_headline": "2 Charged With Trying to Bring Loaded Guns Onto Planes"}}]