[{"web_url": "https://www.nytimes.com/aponline/2017/03/02/sports/hockey/ap-hkn-coyotes-sabres.html", "source": "AP", "_id": "58b8db0d95d0e024902fd45a", "pub_date": "2017-03-03T02:55:01+0000", "lead_paragraph": "Rather than lament blowing yet another third-period lead, Ryan O'Reilly and the Buffalo Sabres finally did something about it.", "section_name": "Sports", "type_of_material": "News", "snippet": "Rather than lament blowing yet another third-period lead, Ryan O'Reilly and the Buffalo Sabres finally did something about it....", "document_type": "article", "headline": {"main": "Anti-Black Slur in Stamford Is Painted Over After Two Months", "print_headline": "Anti-Black Slur in Stamford Is Painted Over After Two Months"}}]