[{"web_url": "https://www.nytimes.com/aponline/2017/03/02/us/ap-us-gymnastics-coach-abuse-charges.html", "source": "AP", "_id": "58b8372a95d0e024902fd25b", "pub_date": "2017-03-02T15:15:44+0000", "lead_paragraph": "A western Pennsylvania gymnastics coach convicted of sexually abusing three former students wasn't allowed to remain free on bond until sentencing after the judge learned he had been holding hands with another teen student during jury deliberations.", "section_name": "U.S.", "type_of_material": "News", "snippet": "A western Pennsylvania gymnastics coach convicted of sexually abusing three former students wasn't allowed to remain free on bond until sentencing after the judge learned he had been holding hands with another teen student during jury deliberation...", "document_type": "article", "headline": {"main": "World Cup Fans Will Need Special Identity Cards for Matches", "print_headline": "World Cup Fans Will Need Special Identity Cards for Matches"}}]