[{"web_url": "https://www.nytimes.com/aponline/2017/03/02/sports/ap-box-haye-bellew.html", "source": "AP", "_id": "58b8374f95d0e024902fd25e", "pub_date": "2017-03-02T15:16:26+0000", "lead_paragraph": "David Haye is taking a detour on his journey back to relevance in the heavyweight division.", "section_name": "Sports", "type_of_material": "News", "snippet": "David Haye is taking a detour on his journey back to relevance in the heavyweight division....", "document_type": "article", "headline": {"main": "World Cup Fans Will Need Special Identity Cards for Matches", "print_headline": "World Cup Fans Will Need Special Identity Cards for Matches"}}]