[{"web_url": "https://www.nytimes.com/aponline/2017/03/02/sports/hockey/ap-hkn-devils-capitals.html", "source": "AP", "_id": "58b8d82d95d0e024902fd457", "pub_date": "2017-03-03T02:42:46+0000", "lead_paragraph": "Braden Holtby only needed to make 15 saves for a shutout on a drab evening of relatively little action, so even he was willing to acknowledge what plenty of others were thinking.", "section_name": "Sports", "type_of_material": "News", "snippet": "Braden Holtby only needed to make 15 saves for a shutout on a drab evening of relatively little action, so even he was willing to acknowledge what plenty of others were thinking....", "document_type": "article", "headline": {"main": "Anti-Black Slur in Stamford Is Painted Over After Two Months", "print_headline": "Anti-Black Slur in Stamford Is Painted Over After Two Months"}}]