[{"web_url": "https://www.nytimes.com/aponline/2017/03/02/us/ap-us-caterpillar-search-warrant-the-latest.html", "source": "AP", "_id": "58b8690f95d0e024902fd319", "pub_date": "2017-03-02T18:48:43+0000", "lead_paragraph": "The Latest on federal law enforcement raids at Caterpillar facilities in central Illinois (all times local):", "section_name": "U.S.", "type_of_material": "News", "snippet": "The Latest on federal law enforcement raids at Caterpillar facilities in central Illinois (all times local):...", "document_type": "article", "headline": {"main": "Apple, IBM, Microsoft Back Transgender Teen at Supreme Court", "print_headline": "Apple, IBM, Microsoft Back Transgender Teen at Supreme Court"}}]