[{"web_url": "https://www.nytimes.com/2017/03/02/business/dealbook/china-internet-jd-finance-alibaba.html", "source": "The New York Times", "_id": "58b8774095d0e024902fd346", "pub_date": "2017-03-02T19:49:12+0000", "lead_paragraph": "The deal to cede control of JD Finance will allow the unit to expand more aggressively in a competitive market.", "section_name": "Business Day", "type_of_material": "News", "snippet": "The deal to cede control of JD Finance will allow the unit to expand more aggressively in a competitive market....", "document_type": "article", "headline": {"main": "UK Banks Need to Build Operations in EU Post-Brexit-ECB", "print_headline": "UK Banks Need to Build Operations in EU Post-Brexit-ECB"}}]