[{"web_url": "https://www.nytimes.com/aponline/2017/03/02/sports/golf/ap-glf-golf-capsules.html", "source": "AP", "_id": "58b8bc1895d0e024902fd41a", "pub_date": "2017-03-03T00:42:59+0000", "lead_paragraph": "Rory McIlroy had more trouble with his stomach than his ribs. The golf was just fine.", "section_name": "Sports", "type_of_material": "News", "snippet": "Rory McIlroy had more trouble with his stomach than his ribs. The golf was just fine....", "document_type": "article", "headline": {"main": "David Rubinger, 92, Photographer Who Chronicled Israeli History, Dies", "print_headline": "David Rubinger, Who Captured Israeli History, Dies at 92"}}]