[{"web_url": "https://www.nytimes.com/reuters/2017/03/03/sports/baseball/03reuters-baseball-pirates-kang.html", "source": "Reuters", "_id": "58b8ff7c95d0e024902fd489", "pub_date": "2017-03-03T05:30:29+0000", "lead_paragraph": "Pittsburgh Pirate third baseman Kang Jung-ho was handed a suspended prison sentence for drunk driving in his native South Korea on Friday, the Seoul Central District Court confirmed, clearing him to join his team for Spring Training.", "section_name": "Sports", "type_of_material": "News", "snippet": "Pittsburgh Pirate third baseman Kang Jung-ho was handed a suspended prison sentence for drunk driving in his native South Korea on Friday, the Seoul Central District Court confirmed, clearing him to join his team for Spring Training....", "document_type": "article", "headline": {"main": "What\u2019s on TV Friday: \u2018Fire at Sea\u2019 and \u2018Vice: Trans Youth\u2019", "print_headline": "What\u2019s on Friday"}}]