[{"web_url": "https://www.nytimes.com/2017/03/02/movies/the-shack-review-sam-worthington-octavia-spencer.html", "source": "The New York Times", "_id": "58b88a7295d0e024902fd37f", "pub_date": "2017-03-02T21:11:07+0000", "lead_paragraph": "Sam Worthington and Octavia Spencer star in \u201cThe Shack,\u201d a Christian-themed film based on a best seller.", "section_name": "Movies", "type_of_material": "Review", "snippet": "Sam Worthington and Octavia Spencer star in \u201cThe Shack,\u201d a Christian-themed film based on a best seller....", "document_type": "article", "headline": {"main": "U.S. Prosecutors Fight Ruling Limiting Foreign Bribery Cases", "print_headline": "U.S. Prosecutors Fight Ruling Limiting Foreign Bribery Cases"}}]