[{"web_url": "https://www.nytimes.com/2017/03/02/fashion/relationships-genealogy-business-advice.html", "source": "The New York Times", "_id": "58b85c6195d0e024902fd2ef", "pub_date": "2017-03-02T17:54:35+0000", "lead_paragraph": "Plus: the current politics of asking people where they\u2019re from, an older partner and an H.R. puzzle.", "section_name": "Fashion & Style", "type_of_material": "News", "snippet": "Plus: the current politics of asking people where they\u2019re from, an older partner and an H.R. puzzle....", "document_type": "article", "headline": {"main": "Trump Win Probably Didn\u2019t Cause Canadian Immigration Website\u2019s Crash", "print_headline": "Trump Win Probably Didn\u2019t Cause Canadian Immigration Website\u2019s Crash"}}]