[{"web_url": "https://www.nytimes.com/aponline/2017/03/02/sports/basketball/ap-bkn-cavaliers-celtics-lebron-james-bill-belichick.html", "source": "AP", "_id": "58b82d5195d0e024902fd238", "pub_date": "2017-03-02T14:33:34+0000", "lead_paragraph": "LeBron James stopped short of plowing into Patriots coach Bill Belichick during the Cavaliers' 103-99 loss in Boston.", "section_name": "Sports", "type_of_material": "News", "snippet": "LeBron James stopped short of plowing into Patriots coach Bill Belichick during the Cavaliers' 103-99 loss in Boston....", "document_type": "article", "headline": {"main": "Vintage Western Phone Brands Resurrected by Chinese Players", "print_headline": "Vintage Western Phone Brands Resurrected by Chinese Players"}}]