[{"web_url": "https://www.nytimes.com/aponline/2017/03/02/us/ap-us-immigrant-arrest-courthouse.html", "source": "AP", "_id": "58b8b0d295d0e024902fd402", "pub_date": "2017-03-02T23:54:51+0000", "lead_paragraph": "A federal grand jury has formally charged an immigrant woman who was arrested by authorities in an El Paso courthouse last month while obtaining a protection order against an abusive boyfriend.", "section_name": "U.S.", "type_of_material": "News", "snippet": "A federal grand jury has formally charged an immigrant woman who was arrested by authorities in an El Paso courthouse last month while obtaining a protection order against an abusive boyfriend....", "document_type": "article", "headline": {"main": "Fun-Loving South African Golfer Hobday Dies at 76", "print_headline": "Fun-Loving South African Golfer Hobday Dies at 76"}}]