[{"web_url": "https://www.nytimes.com/slideshow/2017/03/02/t-magazine/home-and-work-maggi-hambling.html", "source": "The New York Times", "_id": "58b84e6a95d0e024902fd2b0", "pub_date": "2017-03-02T16:54:55+0000", "lead_paragraph": "For the first time, the 71-year-old artist opens the doors to her home and studio.", "section_name": "T Magazine", "type_of_material": "Slideshow", "snippet": "For the first time, the 71-year-old artist opens the doors to her home and studio....", "document_type": "multimedia", "headline": {"kicker": "Home and Work", "main": "The Surprisingly Lively Home of a Controversial Artist", "print_headline": "The Surprisingly Lively Home of a Controversial Artist", "content_kicker": "Home and Work"}}]