[{"web_url": "https://www.nytimes.com/2017/03/02/business/forensic-veterinarian-aspca.html", "source": "The New York Times", "_id": "58b856ac95d0e024902fd2cd", "pub_date": "2017-03-02T17:30:14+0000", "lead_paragraph": "When it comes to animal cruelty, neglect and abuse, Robert Reisman at the A.S.P.C.A. is on the case.", "section_name": "Business Day", "type_of_material": "News", "snippet": "When it comes to animal cruelty, neglect and abuse, Robert Reisman at the A.S.P.C.A. is on the case....", "document_type": "article", "headline": {"main": "2 Charged With Trying to Bring Loaded Guns Onto Planes", "print_headline": "2 Charged With Trying to Bring Loaded Guns Onto Planes"}}]