[{"web_url": "https://www.nytimes.com/aponline/2017/03/02/us/ap-us-high-school-gang-slayings-the-latest.html", "source": "AP", "_id": "58b8772a95d0e024902fd344", "pub_date": "2017-03-02T19:48:51+0000", "lead_paragraph": "The Latest on gang members indicted in the killings of three teenagers on Long Island last year (all times local):", "section_name": "U.S.", "type_of_material": "News", "snippet": "The Latest on gang members indicted in the killings of three teenagers on Long Island last year (all times local):...", "document_type": "article", "headline": {"main": "UK Banks Need to Build Operations in EU Post-Brexit-ECB", "print_headline": "UK Banks Need to Build Operations in EU Post-Brexit-ECB"}}]