[{"web_url": "https://www.nytimes.com/aponline/2017/03/02/us/ap-us-fatal-police-shooting-virginia.html", "source": "AP", "_id": "58b883da95d0e024902fd36c", "pub_date": "2017-03-02T20:42:59+0000", "lead_paragraph": "Police have released the name of the officer in a fatal shooting in northern Virginia.", "section_name": "U.S.", "type_of_material": "News", "snippet": "Police have released the name of the officer in a fatal shooting in northern Virginia....", "document_type": "article", "headline": {"kicker": "Behind the Poster", "main": "Who\u2019s That on the Grill in \u2018Barbecue\u2019?", "print_headline": "", "content_kicker": "Behind the Poster"}}]