[{"web_url": "https://www.nytimes.com/2017/03/02/sports/ncaabasketball/ivy-league-conference-ncaa-tournament.html", "source": "The New York Times", "_id": "58b84e6a95d0e024902fd2b1", "pub_date": "2017-03-02T16:54:59+0000", "lead_paragraph": "By instituting a postseason basketball tournament, the league is choosing a dose of excitement and TV exposure over a guarantee of sending its best team to the N.C.A.A. tournament.", "section_name": "Sports", "type_of_material": "News", "snippet": "By instituting a postseason basketball tournament, the league is choosing a dose of excitement and TV exposure over a guarantee of sending its best team to the N.C.A.A. tournament....", "document_type": "article", "headline": {"kicker": "Home and Work", "main": "The Surprisingly Lively Home of a Controversial Artist", "print_headline": "The Surprisingly Lively Home of a Controversial Artist", "content_kicker": "Home and Work"}}]