[{"web_url": "https://www.nytimes.com/2017/03/02/briefing/jeff-sessions-snapchat-palmyra.html", "source": "The New York Times", "_id": "58b8a19795d0e024902fd3d5", "pub_date": "2017-03-02T22:49:50+0000", "lead_paragraph": "Here\u2019s what you need to know at the end of the day.", "section_name": "Briefing", "type_of_material": "briefing", "snippet": "Here\u2019s what you need to know at the end of the day....", "document_type": "article", "headline": {"main": "Eight-Year-Old Canadian Goalie's Dance Moves Go Viral", "print_headline": "Eight-Year-Old Canadian Goalie's Dance Moves Go Viral"}}]