[{"web_url": "https://www.nytimes.com/reuters/2017/03/02/us/politics/02reuters-usa-trump-defense.html", "source": "Reuters", "_id": "58b883bb95d0e024902fd36a", "pub_date": "2017-03-02T20:42:31+0000", "lead_paragraph": "President Donald Trump said on Thursday he wants a U.S. military buildup of more ships and planes to \"project American power in distant lands,\" making his case for a proposed $54 billion increase in defense spending that has U.S. lawmakers squabbling.", "section_name": "U.S.", "type_of_material": "News", "snippet": "President Donald Trump said on Thursday he wants a U.S. military buildup of more ships and planes to \"project American power in distant lands,\" making his case for a proposed $54 billion increase in defense spending that has U.S. lawmakers squabbl...", "document_type": "article", "headline": {"kicker": "Behind the Poster", "main": "Who\u2019s That on the Grill in \u2018Barbecue\u2019?", "print_headline": "", "content_kicker": "Behind the Poster"}}]