[{"web_url": "https://www.nytimes.com/aponline/2017/03/02/world/europe/ap-eu-switzerland-particle-collider.html", "source": "AP", "_id": "58b85eef95d0e024902fd2f6", "pub_date": "2017-03-02T18:05:24+0000", "lead_paragraph": "Scientists are upgrading one of the four main experiments on the world's biggest atom smasher in hopes it will help them discover previously unknown particles or physical properties.", "section_name": "World", "type_of_material": "News", "snippet": "Scientists are upgrading one of the four main experiments on the world's biggest atom smasher in hopes it will help them discover previously unknown particles or physical properties....", "document_type": "article", "headline": {"main": "Trump Win Probably Didn\u2019t Cause Canadian Immigration Website\u2019s Crash", "print_headline": "Trump Win Probably Didn\u2019t Cause Canadian Immigration Website\u2019s Crash"}}]