[{"web_url": "https://www.nytimes.com/2017/03/02/insider/news-tips-signal-whatsapp.html", "source": "The New York Times", "_id": "58b8c9d595d0e024902fd43d", "pub_date": "2017-03-03T01:41:32+0000", "lead_paragraph": "A Times project offering readers simple ways to securely submit tips from their phone or email paid dividends in news gathering on Day 1.", "section_name": "Times Insider", "type_of_material": "News", "snippet": "A Times project offering readers simple ways to securely submit tips from their phone or email paid dividends in news gathering on Day 1....", "document_type": "article", "headline": {"kicker": "Editorial", "main": "Jeff Sessions Had No Choice", "print_headline": "Jeff Sessions Had No Choice", "content_kicker": "Editorial"}}]