[{"web_url": "https://www.nytimes.com/aponline/2017/03/02/sports/hockey/ap-hkn-predators-canadiens.html", "source": "AP", "_id": "58b8e6e695d0e024902fd46c", "pub_date": "2017-03-03T03:45:37+0000", "lead_paragraph": "With the clock ticking down at the end of the third period, Paul Byron and the Canadiens spoiled P.K. Subban's return to Montreal.", "section_name": "Sports", "type_of_material": "News", "snippet": "With the clock ticking down at the end of the third period, Paul Byron and the Canadiens spoiled P.K. Subban's return to Montreal....", "document_type": "article", "headline": {"main": "Bulls Top Golden State in Warriors' 1st Game Without Durant", "print_headline": "Bulls Top Golden State in Warriors' 1st Game Without Durant"}}]