[{"web_url": "https://www.nytimes.com/2017/03/02/sports/baseball/justin-verlander-detroit-tigers.html", "source": "The New York Times", "_id": "58b8becc95d0e024902fd420", "pub_date": "2017-03-03T00:54:28+0000", "lead_paragraph": "The ace of the staff has come back from injuries and will try to lead a veteran team into the World Series.", "section_name": "Sports", "type_of_material": "News", "snippet": "The ace of the staff has come back from injuries and will try to lead a veteran team into the World Series....", "document_type": "article", "headline": {"main": "David Rubinger, 92, Photographer Who Chronicled Israeli History, Dies", "print_headline": "David Rubinger, Who Captured Israeli History, Dies at 92"}}]