[{"web_url": "https://www.nytimes.com/reuters/2017/03/02/business/02reuters-usa-fed-morganstanley.html", "source": "Reuters", "_id": "58b8425c95d0e024902fd285", "pub_date": "2017-03-02T16:03:34+0000", "lead_paragraph": "Morgan Stanley economists said on Thursday they expected the Federal Reserve will raise U.S. interest rates by a quarter point to a range of 0.75-1.00 percent at its upcoming policy meeting in less than two weeks.", "section_name": "Business Day", "type_of_material": "News", "snippet": "Morgan Stanley economists said on Thursday they expected the Federal Reserve will raise U.S. interest rates by a quarter point to a range of 0.75-1.00 percent at its upcoming policy meeting in less than two weeks....", "document_type": "article", "headline": {"main": "Murray Survives Seven Match Points in Dubai Quarterfinals", "print_headline": "Murray Survives Seven Match Points in Dubai Quarterfinals"}}]