[{"web_url": "https://www.nytimes.com/reuters/2017/03/02/business/02reuters-japan-economy-aso.html", "source": "Reuters", "_id": "58b8cb7895d0e024902fd43e", "pub_date": "2017-03-03T01:48:30+0000", "lead_paragraph": "Japanese Finance Minister Taro Aso said on Friday he wants to use the U.S.-Japan economic dialogue as a platform to discuss rules for free trade and investment.", "section_name": "Business Day", "type_of_material": "News", "snippet": "Japanese Finance Minister Taro Aso said on Friday he wants to use the U.S.-Japan economic dialogue as a platform to discuss rules for free trade and investment....", "document_type": "article", "headline": {"kicker": "Editorial", "main": "Jeff Sessions Had No Choice", "print_headline": "Jeff Sessions Had No Choice", "content_kicker": "Editorial"}}]