[{"web_url": "https://www.nytimes.com/2017/03/02/briefing/kim-jong-nam-jeff-sessions-snapchat.html", "source": "The New York Times", "_id": "58b86bc395d0e024902fd31f", "pub_date": "2017-03-02T19:00:12+0000", "lead_paragraph": "Here\u2019s what you need to know to start your day.", "section_name": "Briefing", "type_of_material": "briefing", "snippet": "Here\u2019s what you need to know to start your day....", "document_type": "article", "headline": {"main": "Apple, IBM, Microsoft Back Transgender Teen at Supreme Court", "print_headline": "Apple, IBM, Microsoft Back Transgender Teen at Supreme Court"}}]