[{"web_url": "https://www.nytimes.com/reuters/2017/03/02/us/02reuters-kansas-education-court.html", "source": "Reuters", "_id": "58b8560e95d0e024902fd2ca", "pub_date": "2017-03-02T17:27:36+0000", "lead_paragraph": "The Kansas Supreme Court ruled on Thursday that the state's system of funding primary and secondary public schools falls short of an adequacy requirement in the state constitution. ", "section_name": "U.S.", "type_of_material": "News", "snippet": "The Kansas Supreme Court ruled on Thursday that the state's system of funding primary and secondary public schools falls short of an adequacy requirement in the state constitution....", "document_type": "article", "headline": {"main": "2 Charged With Trying to Bring Loaded Guns Onto Planes", "print_headline": "2 Charged With Trying to Bring Loaded Guns Onto Planes"}}]