[{"web_url": "https://www.nytimes.com/aponline/2017/03/02/us/ap-us-trump-travel-ban.html", "source": "AP", "_id": "58b88e6b95d0e024902fd388", "pub_date": "2017-03-02T21:28:00+0000", "lead_paragraph": "President Donald Trump was barely in office when he signed an executive order restricting immigration from seven Muslim-majority nations. There was not a moment to waste, he said, because any delay would allow the \"bad dudes\" to rush into the U.S.", "section_name": "U.S.", "type_of_material": "News", "snippet": "President Donald Trump was barely in office when he signed an executive order restricting immigration from seven Muslim-majority nations. There was not a moment to waste, he said, because any delay would allow the \"bad dudes\" to rush into the U.S....", "document_type": "article", "headline": {"main": "U.S. Prosecutors Fight Ruling Limiting Foreign Bribery Cases", "print_headline": "U.S. Prosecutors Fight Ruling Limiting Foreign Bribery Cases"}}]