[{"web_url": "https://www.nytimes.com/aponline/2017/03/02/world/asia/ap-as-japan-economy.html", "source": "AP", "_id": "58b8e90295d0e024902fd46f", "pub_date": "2017-03-03T03:54:36+0000", "lead_paragraph": "Japan's economy coasted along with only slight improvements in January despite a rebound in corporate investment.", "section_name": "World", "type_of_material": "News", "snippet": "Japan's economy coasted along with only slight improvements in January despite a rebound in corporate investment....", "document_type": "article", "headline": {"main": "Bulls Top Golden State in Warriors' 1st Game Without Durant", "print_headline": "Bulls Top Golden State in Warriors' 1st Game Without Durant"}}]