[{"web_url": "https://www.nytimes.com/aponline/2017/03/02/us/ap-us-subway-chicken.html", "source": "AP", "_id": "58b8601595d0e024902fd2f8", "pub_date": "2017-03-02T18:10:23+0000", "lead_paragraph": "Subway says lab tests it commissioned show its chicken had only trace amounts of soy.", "section_name": "U.S.", "type_of_material": "News", "snippet": "Subway says lab tests it commissioned show its chicken had only trace amounts of soy....", "document_type": "article", "headline": {"main": "Trump Win Probably Didn\u2019t Cause Canadian Immigration Website\u2019s Crash", "print_headline": "Trump Win Probably Didn\u2019t Cause Canadian Immigration Website\u2019s Crash"}}]