[{"web_url": "https://www.nytimes.com/reuters/2017/03/02/us/politics/02reuters-usa-trump-sessions-schiff.html", "source": "Reuters", "_id": "58b8b00795d0e024902fd3fe", "pub_date": "2017-03-02T23:51:29+0000", "lead_paragraph": "Representative Adam Schiff, the top Democrat on the House intelligence committee, called on Thursday for Attorney General Jeff Sessions to resign, saying he \"clearly misled\" the Senate about contacts with Russian officials.", "section_name": "U.S.", "type_of_material": "News", "snippet": "Representative Adam Schiff, the top Democrat on the House intelligence committee, called on Thursday for Attorney General Jeff Sessions to resign, saying he \"clearly misled\" the Senate about contacts with Russian officials....", "document_type": "article", "headline": {"main": "Fun-Loving South African Golfer Hobday Dies at 76", "print_headline": "Fun-Loving South African Golfer Hobday Dies at 76"}}]