[{"web_url": "https://www.nytimes.com/2017/03/02/world/europe/political-strategy-for-europes-far-right-female-leaders-wooing-female-voters.html", "source": "The New York Times", "_id": "58b82c8c95d0e024902fd233", "pub_date": "2017-03-02T14:30:27+0000", "lead_paragraph": "Women are leading, or have recently led, what were once fringe parties \u2014 pushing their extremist views to the mainstream with an appeal to women who vote.", "section_name": "World", "type_of_material": "News", "snippet": "Women are leading, or have recently led, what were once fringe parties \u2014 pushing their extremist views to the mainstream with an appeal to women who vote....", "document_type": "article", "headline": {"main": "Vintage Western Phone Brands Resurrected by Chinese Players", "print_headline": "Vintage Western Phone Brands Resurrected by Chinese Players"}}]