[{"web_url": "https://www.nytimes.com/aponline/2017/03/02/us/politics/ap-us-supreme-court-transgender-bathrooms.html", "source": "AP", "_id": "58b86c1e95d0e024902fd322", "pub_date": "2017-03-02T19:01:39+0000", "lead_paragraph": "Apple, IBM and Microsoft are among 53 companies urging the Supreme Court to rule that a transgender teenager has the right to use the boys' bathroom at his Virginia high school.", "section_name": "U.S.", "type_of_material": "News", "snippet": "Apple, IBM and Microsoft are among 53 companies urging the Supreme Court to rule that a transgender teenager has the right to use the boys' bathroom at his Virginia high school....", "document_type": "article", "headline": {"main": "Apple, IBM, Microsoft Back Transgender Teen at Supreme Court", "print_headline": "Apple, IBM, Microsoft Back Transgender Teen at Supreme Court"}}]