[{"web_url": "https://www.nytimes.com/aponline/2017/03/02/sports/golf/ap-glf-obit-hobday.html", "source": "AP", "_id": "58b8b0e895d0e024902fd403", "pub_date": "2017-03-02T23:55:08+0000", "lead_paragraph": "Simon Hobday, the fun-loving South African golfer who won the 1994 U.S. Senior Open at Pinehurst, died Thursday after a fight with cancer. He was 76.", "section_name": "Sports", "type_of_material": "News", "snippet": "Simon Hobday, the fun-loving South African golfer who won the 1994 U.S. Senior Open at Pinehurst, died Thursday after a fight with cancer. He was 76....", "document_type": "article", "headline": {"main": "Fun-Loving South African Golfer Hobday Dies at 76", "print_headline": "Fun-Loving South African Golfer Hobday Dies at 76"}}]