[{"web_url": "https://www.nytimes.com/aponline/2017/03/02/us/ap-us-woman-dead-in-jail-reforms.html", "source": "AP", "_id": "58b8af6695d0e024902fd3fb", "pub_date": "2017-03-02T23:48:48+0000", "lead_paragraph": "The first sweeping police overhaul proposed in Texas following a black woman's 2015 death in jail after a confrontational traffic stop would revamp racial profiling laws and officer training &#8212; measures that one law enforcement group derided Thursday as misguided, and another said was financially problematic.", "section_name": "U.S.", "type_of_material": "News", "snippet": "The first sweeping police overhaul proposed in Texas following a black woman's 2015 death in jail after a confrontational traffic stop would revamp racial profiling laws and officer training &#8212; measures that one law enforcement group derided ...", "document_type": "article", "headline": {"main": "Fun-Loving South African Golfer Hobday Dies at 76", "print_headline": "Fun-Loving South African Golfer Hobday Dies at 76"}}]