[{"web_url": "https://www.nytimes.com/2017/03/02/world/middleeast/palmyra-syria-control.html", "source": "The New York Times", "_id": "58b8961495d0e024902fd3a9", "pub_date": "2017-03-02T22:00:45+0000", "lead_paragraph": "The Unesco World Heritage Site has seesawed between Islamic State militants and Syrian forces four times in the past two years.", "section_name": "World", "type_of_material": "News", "snippet": "The Unesco World Heritage Site has seesawed between Islamic State militants and Syrian forces four times in the past two years....", "document_type": "article", "headline": {"main": "Ben Martin, Time Photographer Who Captured the 1960s, Dies at 86", "print_headline": "Ben Martin, Time Photographer Who Captured the 1960s, Dies at 86"}}]