[{"web_url": "https://www.nytimes.com/2017/03/02/pageoneplus/corrections-march-3-2017.html", "source": "The New York Times", "_id": "58b8e4d295d0e024902fd46a", "pub_date": "2017-03-03T03:36:45+0000", "lead_paragraph": "Corrections appearing in print on Friday, March 3, 2017.", "section_name": "Corrections", "type_of_material": "Correction", "snippet": "Corrections appearing in print on Friday, March 3, 2017....", "document_type": "article", "headline": {"main": "Bulls Top Golden State in Warriors' 1st Game Without Durant", "print_headline": "Bulls Top Golden State in Warriors' 1st Game Without Durant"}}]