[{"web_url": "https://www.nytimes.com/2017/03/02/arts/music/lou-reed-archives-head-to-new-york-public-library.html", "source": "The New York Times", "_id": "58b82c8495d0e024902fd232", "pub_date": "2017-03-02T14:30:22+0000", "lead_paragraph": "The archive offers glimpses of Reed\u2019s life as both a cultural A-lister and a working musician surviving the daily grind.", "section_name": "Arts", "type_of_material": "News", "snippet": "The archive offers glimpses of Reed\u2019s life as both a cultural A-lister and a working musician surviving the daily grind....", "document_type": "article", "headline": {"main": "Vintage Western Phone Brands Resurrected by Chinese Players", "print_headline": "Vintage Western Phone Brands Resurrected by Chinese Players"}}]