[{"web_url": "https://www.nytimes.com/reuters/2017/03/02/business/02reuters-kroger-results.html", "source": "Reuters", "_id": "58b84c4495d0e024902fd2ad", "pub_date": "2017-03-02T16:45:46+0000", "lead_paragraph": "Supermarket operator Kroger Co surprised analysts with its first quarterly same-store sales decline in 13 years, as competition intensified in the U.S. grocery industry, sending its shares down as much as 5.6 percent on Thursday.", "section_name": "Business Day", "type_of_material": "News", "snippet": "Supermarket operator Kroger Co surprised analysts with its first quarterly same-store sales decline in 13 years, as competition intensified in the U.S. grocery industry, sending its shares down as much as 5.6 percent on Thursday....", "document_type": "article", "headline": {"kicker": "Home and Work", "main": "The Surprisingly Lively Home of a Controversial Artist", "print_headline": "The Surprisingly Lively Home of a Controversial Artist", "content_kicker": "Home and Work"}}]