[{"web_url": "https://www.nytimes.com/reuters/2017/03/02/sports/rugby/02reuters-rugby-union-australia.html", "source": "Reuters", "_id": "58b8bd6595d0e024902fd41d", "pub_date": "2017-03-03T00:48:28+0000", "lead_paragraph": "Wallabies flanker Scott Fardy will leave Australia for Irish provincial team Leinster at the end of the season but his international and ACT Brumbies team mate Sam Carter has signed a contract extension to stay at home until 2019.", "section_name": "Sports", "type_of_material": "News", "snippet": "Wallabies flanker Scott Fardy will leave Australia for Irish provincial team Leinster at the end of the season but his international and ACT Brumbies team mate Sam Carter has signed a contract extension to stay at home until 2019....", "document_type": "article", "headline": {"main": "David Rubinger, 92, Photographer Who Chronicled Israeli History, Dies", "print_headline": "David Rubinger, Who Captured Israeli History, Dies at 92"}}]