[{"web_url": "https://www.nytimes.com/reuters/2017/03/02/arts/02reuters-britain-security-mi6.html", "source": "Reuters", "_id": "58b8426795d0e024902fd286", "pub_date": "2017-03-02T16:03:34+0000", "lead_paragraph": "Britain's MI6 spy agency will go back to its old, informal \"tap on the shoulder\" method of hiring new agents in a bid to find more black and Asian recruits.", "section_name": "Arts", "type_of_material": "News", "snippet": "Britain's MI6 spy agency will go back to its old, informal \"tap on the shoulder\" method of hiring new agents in a bid to find more black and Asian recruits....", "document_type": "article", "headline": {"main": "Murray Survives Seven Match Points in Dubai Quarterfinals", "print_headline": "Murray Survives Seven Match Points in Dubai Quarterfinals"}}]