[{"web_url": "https://www.nytimes.com/aponline/2017/03/03/us/ap-us-dance-marathon-trooper-tribute.html", "source": "AP", "_id": "58b8fd6595d0e024902fd487", "pub_date": "2017-03-03T05:21:36+0000", "lead_paragraph": "A New York high school's annual dance marathon is being dedicated to a fallen state trooper who was struck by a car and killed while on duty last year.", "section_name": "U.S.", "type_of_material": "News", "snippet": "A New York high school's annual dance marathon is being dedicated to a fallen state trooper who was struck by a car and killed while on duty last year....", "document_type": "article", "headline": {"main": "What\u2019s on TV Friday: \u2018Fire at Sea\u2019 and \u2018Vice: Trans Youth\u2019", "print_headline": "What\u2019s on Friday"}}]