[{"web_url": "https://www.nytimes.com/2017/03/02/movies/film-series-in-nyc-this-week.html", "source": "The New York Times", "_id": "58b8afac95d0e024902fd3fc", "pub_date": "2017-03-02T23:49:50+0000", "lead_paragraph": "Our guide to film series and special screenings.", "section_name": "Movies", "type_of_material": "News", "snippet": "Our guide to film series and special screenings....", "document_type": "article", "headline": {"main": "Fun-Loving South African Golfer Hobday Dies at 76", "print_headline": "Fun-Loving South African Golfer Hobday Dies at 76"}}]