[{"web_url": "https://www.nytimes.com/reuters/2017/03/02/us/politics/02reuters-new-jersey-bridgegate.html", "source": "Reuters", "_id": "58b8960c95d0e024902fd3a8", "pub_date": "2017-03-02T22:00:32+0000", "lead_paragraph": "A federal judge rejected a request for a new trial by two former associates of New Jersey Governor Chris Christie who were convicted for their roles in the \"Bridgegate\" lane closure scandal.", "section_name": "U.S.", "type_of_material": "News", "snippet": "A federal judge rejected a request for a new trial by two former associates of New Jersey Governor Chris Christie who were convicted for their roles in the \"Bridgegate\" lane closure scandal....", "document_type": "article", "headline": {"main": "Ben Martin, Time Photographer Who Captured the 1960s, Dies at 86", "print_headline": "Ben Martin, Time Photographer Who Captured the 1960s, Dies at 86"}}]