[{"web_url": "https://www.nytimes.com/aponline/2017/03/02/us/ap-us-mortgage-rates-glance.html", "source": "AP", "_id": "58b877e395d0e024902fd348", "pub_date": "2017-03-02T19:51:55+0000", "lead_paragraph": "Long-term U.S. mortgage rates fell this week, breaking a holding pattern that prevailed for over a month.", "section_name": "U.S.", "type_of_material": "News", "snippet": "Long-term U.S. mortgage rates fell this week, breaking a holding pattern that prevailed for over a month....", "document_type": "article", "headline": {"main": "UK Banks Need to Build Operations in EU Post-Brexit-ECB", "print_headline": "UK Banks Need to Build Operations in EU Post-Brexit-ECB"}}]