[{"web_url": "https://www.nytimes.com/2017/03/02/us/kansas-supreme-court-school-spending.html", "source": "The New York Times", "_id": "58b8776f95d0e024902fd347", "pub_date": "2017-03-02T19:50:03+0000", "lead_paragraph": "Gov. Sam Brownback faces a rebellion even among fellow Republicans over his tax-cutting philosophy, and the new ruling compounds the state\u2019s fiscal woes.", "section_name": "U.S.", "type_of_material": "News", "snippet": "Gov. Sam Brownback faces a rebellion even among fellow Republicans over his tax-cutting philosophy, and the new ruling compounds the state\u2019s fiscal woes....", "document_type": "article", "headline": {"main": "UK Banks Need to Build Operations in EU Post-Brexit-ECB", "print_headline": "UK Banks Need to Build Operations in EU Post-Brexit-ECB"}}]