[{"web_url": "https://www.nytimes.com/aponline/2017/03/02/us/ap-us-nerdwallet-dont-fear-your-mobile-wallet.html", "source": "AP", "_id": "58b8372395d0e024902fd25a", "pub_date": "2017-03-02T15:15:41+0000", "lead_paragraph": "Smartphones have replaced lots of other accessories &#8212; cameras, flashlights, calculators. But many people are still reluctant to swap the wallets in their pockets for their digital counterparts.", "section_name": "U.S.", "type_of_material": "News", "snippet": "Smartphones have replaced lots of other accessories &#8212; cameras, flashlights, calculators. But many people are still reluctant to swap the wallets in their pockets for their digital counterparts....", "document_type": "article", "headline": {"main": "World Cup Fans Will Need Special Identity Cards for Matches", "print_headline": "World Cup Fans Will Need Special Identity Cards for Matches"}}]