[{"web_url": "https://www.nytimes.com/2017/03/02/sports/soccer/shanghai-chinese-super-league-soccer.html", "source": "The New York Times", "_id": "58b8c72f95d0e024902fd437", "pub_date": "2017-03-03T01:30:13+0000", "lead_paragraph": "S.I.P.G., which spent $120 million to bring in two Brazilian stars, has been attracting a steady stream of fans, an encouraging sign for Chinese soccer.", "section_name": "Sports", "type_of_material": "News", "snippet": "S.I.P.G., which spent $120 million to bring in two Brazilian stars, has been attracting a steady stream of fans, an encouraging sign for Chinese soccer....", "document_type": "article", "headline": {"kicker": "Editorial", "main": "Jeff Sessions Had No Choice", "print_headline": "Jeff Sessions Had No Choice", "content_kicker": "Editorial"}}]