[{"web_url": "https://www.nytimes.com/aponline/2017/03/02/us/ap-us-graceland-expansion-the-latest.html", "source": "AP", "_id": "58b8373095d0e024902fd25c", "pub_date": "2017-03-02T15:15:49+0000", "lead_paragraph": "The Latest on a new entertainment complex opening at Elvis Presley's Graceland (all times local):", "section_name": "U.S.", "type_of_material": "News", "snippet": "The Latest on a new entertainment complex opening at Elvis Presley's Graceland (all times local):...", "document_type": "article", "headline": {"main": "World Cup Fans Will Need Special Identity Cards for Matches", "print_headline": "World Cup Fans Will Need Special Identity Cards for Matches"}}]