[{"web_url": "https://www.nytimes.com/reuters/2017/03/02/business/02reuters-soccer-england-sou-china.html", "source": "Reuters", "_id": "58b82d4695d0e024902fd237", "pub_date": "2017-03-02T14:33:39+0000", "lead_paragraph": "Chinese buyers including materials giant Amer International and CITIC Securities Co Ltd are readying a rival 246 million pounds bid for English soccer club Southampton, a person with knowledge of the plans told Reuters.", "section_name": "Business Day", "type_of_material": "News", "snippet": "Chinese buyers including materials giant Amer International and CITIC Securities Co Ltd are readying a rival 246 million pounds bid for English soccer club Southampton, a person with knowledge of the plans told Reuters....", "document_type": "article", "headline": {"main": "Vintage Western Phone Brands Resurrected by Chinese Players", "print_headline": "Vintage Western Phone Brands Resurrected by Chinese Players"}}]