[{"web_url": "https://www.nytimes.com/2017/03/02/movies/table-19-review.html", "source": "The New York Times", "_id": "58b88df095d0e024902fd386", "pub_date": "2017-03-02T21:26:03+0000", "lead_paragraph": "Slapstick and sap vie for prominence in a comedy so lazy that it actually features someone falling off a log.", "section_name": "Movies", "type_of_material": "Review", "snippet": "Slapstick and sap vie for prominence in a comedy so lazy that it actually features someone falling off a log....", "document_type": "article", "headline": {"main": "U.S. Prosecutors Fight Ruling Limiting Foreign Bribery Cases", "print_headline": "U.S. Prosecutors Fight Ruling Limiting Foreign Bribery Cases"}}]