[{"web_url": "https://www.nytimes.com/reuters/2017/03/02/world/americas/02reuters-new-york-crime.html", "source": "Reuters", "_id": "58b8a08d95d0e024902fd3d0", "pub_date": "2017-03-02T22:45:28+0000", "lead_paragraph": "U.S. law enforcement authorities on Thursday charged alleged members of the Central American-based MS-13 gang with the brutal murders of three Long Island high school students last year, as authorities press their campaign against a gang they describe as a criminal enterprise.", "section_name": "World", "type_of_material": "News", "snippet": "U.S. law enforcement authorities on Thursday charged alleged members of the Central American-based MS-13 gang with the brutal murders of three Long Island high school students last year, as authorities press their campaign against a gang they desc...", "document_type": "article", "headline": {"main": "Eight-Year-Old Canadian Goalie's Dance Moves Go Viral", "print_headline": "Eight-Year-Old Canadian Goalie's Dance Moves Go Viral"}}]