[{"web_url": "https://www.nytimes.com/aponline/2017/03/02/us/politics/ap-us-federal-reserve-rates.html", "source": "AP", "_id": "58b85c8e95d0e024902fd2f0", "pub_date": "2017-03-02T17:55:18+0000", "lead_paragraph": "A Federal Reserve board member on Thursday added his voice to a growing group of Fed officials who are indicating that they may raise rates in March.", "section_name": "U.S.", "type_of_material": "News", "snippet": "A Federal Reserve board member on Thursday added his voice to a growing group of Fed officials who are indicating that they may raise rates in March....", "document_type": "article", "headline": {"main": "Trump Win Probably Didn\u2019t Cause Canadian Immigration Website\u2019s Crash", "print_headline": "Trump Win Probably Didn\u2019t Cause Canadian Immigration Website\u2019s Crash"}}]