[{"web_url": "https://www.nytimes.com/reuters/2017/03/02/business/02reuters-ireland-economy-budget.html", "source": "Reuters", "_id": "58b84b9095d0e024902fd2a9", "pub_date": "2017-03-02T16:42:37+0000", "lead_paragraph": "Ireland collected 0.6 percent more tax than expected in the first two months of the year, helping to lift its exchequer surplus to almost double the level of a year ago, the finance ministry said on Thursday.", "section_name": "Business Day", "type_of_material": "News", "snippet": "Ireland collected 0.6 percent more tax than expected in the first two months of the year, helping to lift its exchequer surplus to almost double the level of a year ago, the finance ministry said on Thursday....", "document_type": "article", "headline": {"kicker": "Home and Work", "main": "The Surprisingly Lively Home of a Controversial Artist", "print_headline": "The Surprisingly Lively Home of a Controversial Artist", "content_kicker": "Home and Work"}}]