[{"web_url": "https://www.nytimes.com/aponline/2017/03/02/us/ap-us-mississippi-manhunt-the-latest.html", "source": "AP", "_id": "58b86a7a95d0e024902fd31c", "pub_date": "2017-03-02T18:54:45+0000", "lead_paragraph": "The Latest on the capture of Alex Deaton, suspected of killing two people in Mississippi and shooting others in New Mexico and Kansas before he was captured (all times local):", "section_name": "U.S.", "type_of_material": "News", "snippet": "The Latest on the capture of Alex Deaton, suspected of killing two people in Mississippi and shooting others in New Mexico and Kansas before he was captured (all times local):...", "document_type": "article", "headline": {"main": "Apple, IBM, Microsoft Back Transgender Teen at Supreme Court", "print_headline": "Apple, IBM, Microsoft Back Transgender Teen at Supreme Court"}}]