[{"web_url": "https://www.nytimes.com/reuters/2017/03/02/business/02reuters-britain-economy-industry.html", "source": "Reuters", "_id": "58b8b4a895d0e024902fd40c", "pub_date": "2017-03-03T01:30:28+0000", "lead_paragraph": "Britain's new industrial strategy, unveiled earlier this year to prepare the economy for Brexit, is lacking in long-term thinking and risks making the same mistakes as prior, failed plans, a group of MPs said. ", "section_name": "Business Day", "type_of_material": "News", "snippet": "Britain's new industrial strategy, unveiled earlier this year to prepare the economy for Brexit, is lacking in long-term thinking and risks making the same mistakes as prior, failed plans, a group of MPs said....", "document_type": "article", "headline": {"kicker": "Editorial", "main": "Jeff Sessions Had No Choice", "print_headline": "Jeff Sessions Had No Choice", "content_kicker": "Editorial"}}]