[{"web_url": "https://www.nytimes.com/aponline/2017/03/02/world/europe/ap-eu-hungary-migrants.html", "source": "AP", "_id": "58b82e1795d0e024902fd239", "pub_date": "2017-03-02T14:37:07+0000", "lead_paragraph": "A new fence being built by Hungary to stop migrants from entering the country will be completed by May 1 and a state of emergency giving authorities additional powers to secure the borders has been extended by six months, government officials said Thursday.", "section_name": "World", "type_of_material": "News", "snippet": "A new fence being built by Hungary to stop migrants from entering the country will be completed by May 1 and a state of emergency giving authorities additional powers to secure the borders has been extended by six months, government officials said...", "document_type": "article", "headline": {"main": "Vintage Western Phone Brands Resurrected by Chinese Players", "print_headline": "Vintage Western Phone Brands Resurrected by Chinese Players"}}]