[{"web_url": "https://www.nytimes.com/video/movies/100000004519072/trailer-table-19.html", "source": "Internet Video Archive", "_id": "58b86be195d0e024902fd321", "pub_date": "2017-03-02T19:00:44+0000", "lead_paragraph": "A preview of the film.", "section_name": "Movies", "type_of_material": "Video", "snippet": "A preview of the film....", "document_type": "multimedia", "headline": {"main": "Apple, IBM, Microsoft Back Transgender Teen at Supreme Court", "print_headline": "Apple, IBM, Microsoft Back Transgender Teen at Supreme Court"}}]