[{"web_url": "https://www.nytimes.com/aponline/2017/03/02/us/ap-us-florida-deputy-shooting-trial.html", "source": "AP", "_id": "58b8a16f95d0e024902fd3d3", "pub_date": "2017-03-02T22:49:14+0000", "lead_paragraph": "As a grieving mother tried to hold her son's body after he was killed by a Florida sheriff's deputy, another deputy pushed her to the hospital floor, her husband testified Thursday.", "section_name": "U.S.", "type_of_material": "News", "snippet": "As a grieving mother tried to hold her son's body after he was killed by a Florida sheriff's deputy, another deputy pushed her to the hospital floor, her husband testified Thursday....", "document_type": "article", "headline": {"main": "Eight-Year-Old Canadian Goalie's Dance Moves Go Viral", "print_headline": "Eight-Year-Old Canadian Goalie's Dance Moves Go Viral"}}]