[{"web_url": "https://www.nytimes.com/2017/03/02/us/churches-welcome-refugees-trump.html", "source": "The New York Times", "_id": "58b8affb95d0e024902fd3fd", "pub_date": "2017-03-02T23:51:15+0000", "lead_paragraph": "A network of 37 Protestant and Orthodox Christian denominations is preparing a campaign to lobby the president to rescind his executive order on immigration.", "section_name": "U.S.", "type_of_material": "News", "snippet": "A network of 37 Protestant and Orthodox Christian denominations is preparing a campaign to lobby the president to rescind his executive order on immigration....", "document_type": "article", "headline": {"main": "Fun-Loving South African Golfer Hobday Dies at 76", "print_headline": "Fun-Loving South African Golfer Hobday Dies at 76"}}]