[{"web_url": "https://www.nytimes.com/aponline/2017/03/02/us/ap-us-montana-special-election-the-latest.html", "source": "AP", "_id": "58b8849095d0e024902fd36e", "pub_date": "2017-03-02T20:46:00+0000", "lead_paragraph": "The Latest on Montana's special election for Ryan Zinke's U.S. House seat (all times local):", "section_name": "U.S.", "type_of_material": "News", "snippet": "The Latest on Montana's special election for Ryan Zinke's U.S. House seat (all times local):...", "document_type": "article", "headline": {"kicker": "Behind the Poster", "main": "Who\u2019s That on the Grill in \u2018Barbecue\u2019?", "print_headline": "", "content_kicker": "Behind the Poster"}}]