[{"web_url": "https://www.nytimes.com/reuters/2017/03/02/business/02reuters-snap-ipo-funds.html", "source": "Reuters", "_id": "58b87c0795d0e024902fd357", "pub_date": "2017-03-02T20:09:34+0000", "lead_paragraph": "Institutional investors anxious not to be left out of this year's marquee initial public offering helped Snap Inc pull off the biggest U.S.-listed technology share sale this week since Chinese e-commerce juggernaut Alibaba Group Holding Inc smashed records in 2014. ", "section_name": "Business Day", "type_of_material": "News", "snippet": "Institutional investors anxious not to be left out of this year's marquee initial public offering helped Snap Inc pull off the biggest U.S.-listed technology share sale this week since Chinese e-commerce juggernaut Alibaba Group Holding Inc smashe...", "document_type": "article", "headline": {"main": "Review: The New York Philharmonic Plays a Piece Inspired by Night", "print_headline": "The Goddess of Night Is Also a Muse"}}]