[{"web_url": "https://www.nytimes.com/reuters/2017/03/02/us/02reuters-usa-lgbt.html", "source": "Reuters", "_id": "58b8ea6a95d0e024902fd472", "pub_date": "2017-03-03T04:00:29+0000", "lead_paragraph": "Eleven U.S. states have agreed to drop a lawsuit against an Obama administration order for transgender students to use bathrooms of their choice after the measure was revoked by President Donald Trump, a court filing showed on Thursday.", "section_name": "U.S.", "type_of_material": "News", "snippet": "Eleven U.S. states have agreed to drop a lawsuit against an Obama administration order for transgender students to use bathrooms of their choice after the measure was revoked by President Donald Trump, a court filing showed on Thursday....", "document_type": "article", "headline": {"main": "Brandon Marshall Is Expected to Join Growing List of Jets\u2019 Castoffs", "print_headline": "Marshall Is Expected to Join Growing List of Jets\u2019 Castoffs"}}]