[{"web_url": "https://www.nytimes.com/2017/03/02/theater/in-ken-ludwigs-murder-on-the-orient-express-a-dead-man-and-a-writer-on-the-rails.html", "source": "The New York Times", "_id": "58b8567295d0e024902fd2cb", "pub_date": "2017-03-02T17:29:15+0000", "lead_paragraph": "Mr. Ludwig is bringing a famous Agatha Christie mystery to the stage at the McCarter Theater in Princeton, N.J.", "section_name": "Theater", "type_of_material": "News", "snippet": "Mr. Ludwig is bringing a famous Agatha Christie mystery to the stage at the McCarter Theater in Princeton, N.J....", "document_type": "article", "headline": {"main": "2 Charged With Trying to Bring Loaded Guns Onto Planes", "print_headline": "2 Charged With Trying to Bring Loaded Guns Onto Planes"}}]