[{"web_url": "https://www.nytimes.com/2017/03/02/t-magazine/art/maggi-hambling-artist-home.html", "source": "The New York Times", "_id": "58b84e6d95d0e024902fd2b2", "pub_date": "2017-03-02T16:55:01+0000", "lead_paragraph": "Maggi Hambling may be best known for her portraits \u2014 of dead people. For the first time, she shares the bright, colorful London space where she lives and works.", "section_name": "T Magazine", "type_of_material": "News", "snippet": "Maggi Hambling may be best known for her portraits \u2014 of dead people. For the first time, she shares the bright, colorful London space where she lives and works....", "document_type": "article", "headline": {"kicker": "Home and Work", "main": "The Surprisingly Lively Home of a Controversial Artist", "print_headline": "The Surprisingly Lively Home of a Controversial Artist", "content_kicker": "Home and Work"}}]