[{"web_url": "https://www.nytimes.com/2017/03/02/movies/water-power-a-california-heist-review.html", "source": "The New York Times", "_id": "58b88c8995d0e024902fd383", "pub_date": "2017-03-02T21:20:01+0000", "lead_paragraph": "This documentary from Marina Zenovich outlines a contentious history of state water rights with a scrupulous tenacity.", "section_name": "Movies", "type_of_material": "Review", "snippet": "This documentary from Marina Zenovich outlines a contentious history of state water rights with a scrupulous tenacity....", "document_type": "article", "headline": {"main": "U.S. Prosecutors Fight Ruling Limiting Foreign Bribery Cases", "print_headline": "U.S. Prosecutors Fight Ruling Limiting Foreign Bribery Cases"}}]