[{"web_url": "https://www.nytimes.com/aponline/2017/03/02/world/europe/ap-eu-poland-is-fighter.html", "source": "AP", "_id": "58b837d795d0e024902fd260", "pub_date": "2017-03-02T15:18:39+0000", "lead_paragraph": "Polish authorities have opened an investigation into whether a Polish national suspected of fighting with the Islamic State in Syria has been killed.", "section_name": "World", "type_of_material": "News", "snippet": "Polish authorities have opened an investigation into whether a Polish national suspected of fighting with the Islamic State in Syria has been killed....", "document_type": "article", "headline": {"main": "World Cup Fans Will Need Special Identity Cards for Matches", "print_headline": "World Cup Fans Will Need Special Identity Cards for Matches"}}]