[{"web_url": "https://www.nytimes.com/aponline/2017/03/02/us/ap-us-health-overhaul-minnesota.html", "source": "AP", "_id": "58b8856995d0e024902fd371", "pub_date": "2017-03-02T20:49:41+0000", "lead_paragraph": "Minnesota officials are bracing for billions of dollars in additional health care expenses if congressional Republicans enact a plan they're discussing to replace the Affordable Care Act, according to a draft document obtained by The Associated Press.", "section_name": "U.S.", "type_of_material": "News", "snippet": "Minnesota officials are bracing for billions of dollars in additional health care expenses if congressional Republicans enact a plan they're discussing to replace the Affordable Care Act, according to a draft document obtained by The Associated Pr...", "document_type": "article", "headline": {"kicker": "Behind the Poster", "main": "Who\u2019s That on the Grill in \u2018Barbecue\u2019?", "print_headline": "", "content_kicker": "Behind the Poster"}}]