[{"web_url": "https://www.nytimes.com/aponline/2017/03/02/us/ap-us-baltimore-police-officers-arrested-the-latest.html", "source": "AP", "_id": "58b86a7a95d0e024902fd31b", "pub_date": "2017-03-02T18:54:42+0000", "lead_paragraph": "The Latest on seven Baltimore police officers federally charged with racketeering for allegations that they stole money and drugs, faked police reports, lied to investigators and defrauded to department for overtime pay (all times local):", "section_name": "U.S.", "type_of_material": "News", "snippet": "The Latest on seven Baltimore police officers federally charged with racketeering for allegations that they stole money and drugs, faked police reports, lied to investigators and defrauded to department for overtime pay (all times local):...", "document_type": "article", "headline": {"main": "Apple, IBM, Microsoft Back Transgender Teen at Supreme Court", "print_headline": "Apple, IBM, Microsoft Back Transgender Teen at Supreme Court"}}]