[{"web_url": "https://www.nytimes.com/2017/03/02/us/mike-pence-used-private-email-as-governor-news-report-says.html", "source": "The New York Times", "_id": "58b8e81595d0e024902fd46e", "pub_date": "2017-03-03T03:50:39+0000", "lead_paragraph": "The practice, reported by The Indianapolis Star, was legal but raised questions about the security of the communications, some of which addressed sensitive topics.", "section_name": "U.S.", "type_of_material": "News", "snippet": "The practice, reported by The Indianapolis Star, was legal but raised questions about the security of the communications, some of which addressed sensitive topics....", "document_type": "article", "headline": {"main": "Bulls Top Golden State in Warriors' 1st Game Without Durant", "print_headline": "Bulls Top Golden State in Warriors' 1st Game Without Durant"}}]