[{"web_url": "https://www.nytimes.com/aponline/2017/03/02/us/ap-us-profile-in-courage-award.html", "source": "AP", "_id": "58b837e395d0e024902fd261", "pub_date": "2017-03-02T15:18:54+0000", "lead_paragraph": "Former President Barack Obama was named the 2017 winner of the John F. Kennedy Profile in Courage Award on Thursday for carrying on his fellow Democrat's legacy.", "section_name": "U.S.", "type_of_material": "News", "snippet": "Former President Barack Obama was named the 2017 winner of the John F. Kennedy Profile in Courage Award on Thursday for carrying on his fellow Democrat's legacy....", "document_type": "article", "headline": {"main": "World Cup Fans Will Need Special Identity Cards for Matches", "print_headline": "World Cup Fans Will Need Special Identity Cards for Matches"}}]