[{"web_url": "https://www.nytimes.com/aponline/2017/03/02/sports/hockey/ap-hkn-avalanche-senators.html", "source": "AP", "_id": "58b8e42095d0e024902fd467", "pub_date": "2017-03-03T03:33:45+0000", "lead_paragraph": "Alex Burrows scored twice in his debut with the Ottawa Senators and led his new club to a 2-1 win over the Colorado Avalanche on Thursday night.", "section_name": "Sports", "type_of_material": "News", "snippet": "Alex Burrows scored twice in his debut with the Ottawa Senators and led his new club to a 2-1 win over the Colorado Avalanche on Thursday night....", "document_type": "article", "headline": {"main": "Bulls Top Golden State in Warriors' 1st Game Without Durant", "print_headline": "Bulls Top Golden State in Warriors' 1st Game Without Durant"}}]