[{"web_url": "https://www.nytimes.com/2017/03/02/us/politics/kushner-flynn-sessions-russia.html", "source": "The New York Times", "_id": "58b88cda95d0e024902fd384", "pub_date": "2017-03-02T21:21:24+0000", "lead_paragraph": "The president\u2019s son-in-law and incoming national security adviser met with the ambassador, Sergey I. Kislyak, for 20 minutes at Trump Tower in December.", "section_name": "U.S.", "type_of_material": "News", "snippet": "The president\u2019s son-in-law and incoming national security adviser met with the ambassador, Sergey I. Kislyak, for 20 minutes at Trump Tower in December....", "document_type": "article", "headline": {"main": "U.S. Prosecutors Fight Ruling Limiting Foreign Bribery Cases", "print_headline": "U.S. Prosecutors Fight Ruling Limiting Foreign Bribery Cases"}}]