[{"web_url": "https://www.nytimes.com/aponline/2017/03/02/world/africa/ap-af-mali-extremists.html", "source": "AP", "_id": "58b877ff95d0e024902fd349", "pub_date": "2017-03-02T19:52:22+0000", "lead_paragraph": "Three Islamic extremist factions in Mali announced that they have merged into one group and pledged allegiance to al-Qaida's leader, according to a group that monitors jihadist websites.", "section_name": "World", "type_of_material": "News", "snippet": "Three Islamic extremist factions in Mali announced that they have merged into one group and pledged allegiance to al-Qaida's leader, according to a group that monitors jihadist websites....", "document_type": "article", "headline": {"main": "UK Banks Need to Build Operations in EU Post-Brexit-ECB", "print_headline": "UK Banks Need to Build Operations in EU Post-Brexit-ECB"}}]