[{"web_url": "https://www.nytimes.com/2017/03/02/nyregion/bill-de-blasio-homelessness.html", "source": "The New York Times", "_id": "58b8bd6595d0e024902fd41c", "pub_date": "2017-03-03T00:48:32+0000", "lead_paragraph": "Mayor Bill de Blasio proposes shelters in the neighborhoods that homeless people come from. Council members say they should be distributed across the city. Cue showdown.", "section_name": "N.Y. / Region", "type_of_material": "News", "snippet": "Mayor Bill de Blasio proposes shelters in the neighborhoods that homeless people come from. Council members say they should be distributed across the city. Cue showdown....", "document_type": "article", "headline": {"main": "David Rubinger, 92, Photographer Who Chronicled Israeli History, Dies", "print_headline": "David Rubinger, Who Captured Israeli History, Dies at 92"}}]