[{"web_url": "https://www.nytimes.com/aponline/2017/03/02/us/ap-us-texas-attorney-general-indicted.html", "source": "AP", "_id": "58b8410595d0e024902fd283", "pub_date": "2017-03-02T15:57:47+0000", "lead_paragraph": "A federal judge on Thursday dismissed claims by the U.S. government that Texas Attorney General Ken Paxton fraudulently duped wealthy investors before taking office, giving the Republican a key victory two months ahead of his criminal trial that carries a possible prison sentence.", "section_name": "U.S.", "type_of_material": "News", "snippet": "A federal judge on Thursday dismissed claims by the U.S. government that Texas Attorney General Ken Paxton fraudulently duped wealthy investors before taking office, giving the Republican a key victory two months ahead of his criminal trial that c...", "document_type": "article", "headline": {"main": "Murray Survives Seven Match Points in Dubai Quarterfinals", "print_headline": "Murray Survives Seven Match Points in Dubai Quarterfinals"}}]