[{"web_url": "https://www.nytimes.com/aponline/2017/03/02/world/europe/ap-eu-russia-us.html", "source": "AP", "_id": "58b82c9f95d0e024902fd236", "pub_date": "2017-03-02T14:30:51+0000", "lead_paragraph": "A senior lawmaker called it \"hysteria.\" The Foreign Ministry said it was \"media vandalism.\" And the Kremlin lamented the \"emotional atmosphere\" currently in Washington about Attorney General Jeff Sessions' meetings with a Russian diplomat, saying it could thwart efforts to mend relations.", "section_name": "World", "type_of_material": "News", "snippet": "A senior lawmaker called it \"hysteria.\" The Foreign Ministry said it was \"media vandalism.\" And the Kremlin lamented the \"emotional atmosphere\" currently in Washington about Attorney General Jeff Sessions' meetings with a Russian diplomat, saying ...", "document_type": "article", "headline": {"main": "Vintage Western Phone Brands Resurrected by Chinese Players", "print_headline": "Vintage Western Phone Brands Resurrected by Chinese Players"}}]