[{"web_url": "https://www.nytimes.com/2017/03/02/world/canada/immigration-trump.html", "source": "The New York Times", "_id": "58b8c91d95d0e024902fd43b", "pub_date": "2017-03-03T01:38:31+0000", "lead_paragraph": "Canada\u2019s merit-based program received a loving mention by President Trump this week, but it is part of a larger system ingrained in Canadian society.", "section_name": "World", "type_of_material": "News", "snippet": "Canada\u2019s merit-based program received a loving mention by President Trump this week, but it is part of a larger system ingrained in Canadian society....", "document_type": "article", "headline": {"kicker": "Editorial", "main": "Jeff Sessions Had No Choice", "print_headline": "Jeff Sessions Had No Choice", "content_kicker": "Editorial"}}]