[{"web_url": "https://www.nytimes.com/reuters/2017/03/02/technology/02reuters-telecoms-mobileworld-vintage.html", "source": "Reuters", "_id": "58b82ea995d0e024902fd23a", "pub_date": "2017-03-02T14:39:32+0000", "lead_paragraph": "Once famous mobile phones such as Nokia's classic 3310 from the turn of the century have been given a new lease of life as Chinese manufacturers revive Western brands to get an edge in an increasingly cut-throat handset market.", "section_name": "Technology", "type_of_material": "News", "snippet": "Once famous mobile phones such as Nokia's classic 3310 from the turn of the century have been given a new lease of life as Chinese manufacturers revive Western brands to get an edge in an increasingly cut-throat handset market....", "document_type": "article", "headline": {"main": "Vintage Western Phone Brands Resurrected by Chinese Players", "print_headline": "Vintage Western Phone Brands Resurrected by Chinese Players"}}]