[{"web_url": "https://www.nytimes.com/reuters/2017/03/02/arts/02reuters-spotify-subscribers.html", "source": "Reuters", "_id": "58b8e4c395d0e024902fd469", "pub_date": "2017-03-03T03:36:27+0000", "lead_paragraph": "Spotify said on Thursday it has reached 50 million paid subscribers, growing 25 percent in less than six months and extending the Swedish music streaming service's lead over its closest rival, Apple Music.", "section_name": "Arts", "type_of_material": "News", "snippet": "Spotify said on Thursday it has reached 50 million paid subscribers, growing 25 percent in less than six months and extending the Swedish music streaming service's lead over its closest rival, Apple Music....", "document_type": "article", "headline": {"main": "Bulls Top Golden State in Warriors' 1st Game Without Durant", "print_headline": "Bulls Top Golden State in Warriors' 1st Game Without Durant"}}]