[{"web_url": "https://www.nytimes.com/reuters/2017/03/02/world/europe/02reuters-washington-activist-namechange.html", "source": "Reuters", "_id": "58b885d895d0e024902fd372", "pub_date": "2017-03-02T20:51:30+0000", "lead_paragraph": "Rachel Dolezal, a former civil rights activist who was embroiled in controversy after identifying as black despite being the biological daughter of white parents, has changed her name to Nkechi Amare Diallo, court records showed on Thursday.", "section_name": "World", "type_of_material": "News", "snippet": "Rachel Dolezal, a former civil rights activist who was embroiled in controversy after identifying as black despite being the biological daughter of white parents, has changed her name to Nkechi Amare Diallo, court records showed on Thursday....", "document_type": "article", "headline": {"kicker": "Behind the Poster", "main": "Who\u2019s That on the Grill in \u2018Barbecue\u2019?", "print_headline": "", "content_kicker": "Behind the Poster"}}]