[{"web_url": "https://www.nytimes.com/reuters/2017/03/02/world/middleeast/02reuters-israel-photographer.html", "source": "Reuters", "_id": "58b84e5295d0e024902fd2af", "pub_date": "2017-03-02T16:54:35+0000", "lead_paragraph": "David Rubinger, whose photograph of Israeli paratroops at Jerusalem's Western Wall became a symbol of Israel's victory in the 1967 Middle East war, has died at the age of 92, his family said on Thursday.", "section_name": "World", "type_of_material": "News", "snippet": "David Rubinger, whose photograph of Israeli paratroops at Jerusalem's Western Wall became a symbol of Israel's victory in the 1967 Middle East war, has died at the age of 92, his family said on Thursday....", "document_type": "article", "headline": {"kicker": "Home and Work", "main": "The Surprisingly Lively Home of a Controversial Artist", "print_headline": "The Surprisingly Lively Home of a Controversial Artist", "content_kicker": "Home and Work"}}]