[{"web_url": "https://www.nytimes.com/reuters/2017/03/02/world/asia/02reuters-china-politics.html", "source": "Reuters", "_id": "58b8b00d95d0e024902fd3ff", "pub_date": "2017-03-02T23:51:32+0000", "lead_paragraph": "When China rejuvenates its top leadership team toward the end of the year, sources close to senior leaders say President Xi Jinping could reveal his grip on power with a possible leapfrog promotion for Guizhou Communist Party boss Chen Miner.", "section_name": "World", "type_of_material": "News", "snippet": "When China rejuvenates its top leadership team toward the end of the year, sources close to senior leaders say President Xi Jinping could reveal his grip on power with a possible leapfrog promotion for Guizhou Communist Party boss Chen Miner....", "document_type": "article", "headline": {"main": "Fun-Loving South African Golfer Hobday Dies at 76", "print_headline": "Fun-Loving South African Golfer Hobday Dies at 76"}}]