[{"web_url": "https://www.nytimes.com/reuters/2017/03/02/technology/02reuters-amazon-com-university.html", "source": "Reuters", "_id": "58b8847195d0e024902fd36d", "pub_date": "2017-03-02T20:45:30+0000", "lead_paragraph": "Amazon.com Inc has launched a new program to help students build capabilities into its voice-controlled assistant Alexa, the company told Reuters, the latest move by a technology firm to nurture ideas and talent in artificial intelligence research.", "section_name": "Technology", "type_of_material": "News", "snippet": "Amazon.com Inc has launched a new program to help students build capabilities into its voice-controlled assistant Alexa, the company told Reuters, the latest move by a technology firm to nurture ideas and talent in artificial intelligence research...", "document_type": "article", "headline": {"kicker": "Behind the Poster", "main": "Who\u2019s That on the Grill in \u2018Barbecue\u2019?", "print_headline": "", "content_kicker": "Behind the Poster"}}]