[{"web_url": "https://www.nytimes.com/reuters/2017/03/02/sports/soccer/02reuters-soccer-spain.html", "source": "Reuters", "_id": "58b82c9a95d0e024902fd235", "pub_date": "2017-03-02T14:30:41+0000", "lead_paragraph": "Sevilla moved within two points of La Liga leaders Barcelona with a 1-0 home win over Athletic Bilbao on Thursday, while Atletico Madrid's Fernando Torres was knocked out in a aerial clash at Deportivo La Coruna and taken to hospital.", "section_name": "Sports", "type_of_material": "News", "snippet": "Sevilla moved within two points of La Liga leaders Barcelona with a 1-0 home win over Athletic Bilbao on Thursday, while Atletico Madrid's Fernando Torres was knocked out in a aerial clash at Deportivo La Coruna and taken to hospital....", "document_type": "article", "headline": {"main": "Vintage Western Phone Brands Resurrected by Chinese Players", "print_headline": "Vintage Western Phone Brands Resurrected by Chinese Players"}}]