[{"web_url": "https://www.nytimes.com/aponline/2017/03/02/world/americas/ap-lt-brazil-carnival-evangelical-mayor.html", "source": "AP", "_id": "58b855a895d0e024902fd2c9", "pub_date": "2017-03-02T17:25:55+0000", "lead_paragraph": "Rio de Janeiro Mayor Marcelo Crivella did the unthinkable over the last week: He snubbed the city's legendary Carnival.", "section_name": "World", "type_of_material": "News", "snippet": "Rio de Janeiro Mayor Marcelo Crivella did the unthinkable over the last week: He snubbed the city's legendary Carnival....", "document_type": "article", "headline": {"main": "2 Charged With Trying to Bring Loaded Guns Onto Planes", "print_headline": "2 Charged With Trying to Bring Loaded Guns Onto Planes"}}]