[{"web_url": "https://www.nytimes.com/aponline/2017/03/02/us/ap-us-school-funding-kansas-the-latest.html", "source": "AP", "_id": "58b8550995d0e024902fd2c8", "pub_date": "2017-03-02T17:23:16+0000", "lead_paragraph": "The Latest on a Kansas Supreme Court ruling on public school funding (all times local):", "section_name": "U.S.", "type_of_material": "News", "snippet": "The Latest on a Kansas Supreme Court ruling on public school funding (all times local):...", "document_type": "article", "headline": {"main": "2 Charged With Trying to Bring Loaded Guns Onto Planes", "print_headline": "2 Charged With Trying to Bring Loaded Guns Onto Planes"}}]