[{"web_url": "https://www.nytimes.com/2017/03/02/nyregion/slur-graffiti-blight-stamford.html", "source": "The New York Times", "_id": "58b8dc4a95d0e024902fd45d", "pub_date": "2017-03-03T03:00:19+0000", "lead_paragraph": "As mysteriously as the word appeared spray-painted on a garage door at the home of an interracial couple, it was covered up.", "section_name": "N.Y. / Region", "type_of_material": "News", "snippet": "As mysteriously as the word appeared spray-painted on a garage door at the home of an interracial couple, it was covered up....", "document_type": "article", "headline": {"main": "Anti-Black Slur in Stamford Is Painted Over After Two Months", "print_headline": "Anti-Black Slur in Stamford Is Painted Over After Two Months"}}]