[{"web_url": "https://www.nytimes.com/2017/03/02/world/middleeast/david-rubinger-dead-israeli-photographer.html", "source": "The New York Times", "_id": "58b8bf5b95d0e024902fd423", "pub_date": "2017-03-03T00:56:54+0000", "lead_paragraph": "Mr. Rubinger, an Austria native who fought in 1948 for Israel\u2019s independence, is known for a photo of paratroopers gazing at the Western Wall during the 1967 Arab-Israeli war.", "section_name": "World", "type_of_material": "Obituary (Obit)", "snippet": "Mr. Rubinger, an Austria native who fought in 1948 for Israel\u2019s independence, is known for a photo of paratroopers gazing at the Western Wall during the 1967 Arab-Israeli war....", "document_type": "article", "headline": {"main": "David Rubinger, 92, Photographer Who Chronicled Israeli History, Dies", "print_headline": "David Rubinger, Who Captured Israeli History, Dies at 92"}}]