[{"web_url": "https://www.nytimes.com/2017/03/02/nyregion/one-way-gop-hopes-to-beat-de-blasio-avoid-a-primary.html", "source": "The New York Times", "_id": "58b8aec795d0e024902fd3f9", "pub_date": "2017-03-02T23:46:10+0000", "lead_paragraph": "Party officials want to skip the kind of bruising, expensive battle that they feel hobbled Joseph J. Lhota in his 2013 bid for New York mayor.", "section_name": "N.Y. / Region", "type_of_material": "News", "snippet": "Party officials want to skip the kind of bruising, expensive battle that they feel hobbled Joseph J. Lhota in his 2013 bid for New York mayor....", "document_type": "article", "headline": {"main": "Fun-Loving South African Golfer Hobday Dies at 76", "print_headline": "Fun-Loving South African Golfer Hobday Dies at 76"}}]