[{"web_url": "https://www.nytimes.com/aponline/2017/03/02/sports/ncaabasketball/ap-bkw-t25-missouri-st-drake.html", "source": "AP", "_id": "58b8e58295d0e024902fd46b", "pub_date": "2017-03-03T03:39:38+0000", "lead_paragraph": "Becca Hittner scored 22 points and Lizzy Wendell 21 and No. 22 Drake extended its school-record winning streak to 18 games, beating Missouri State 98-91 on Thursday despite a 46-point performance from the Lady Bears' Liza Fruendt.", "section_name": "Sports", "type_of_material": "News", "snippet": "Becca Hittner scored 22 points and Lizzy Wendell 21 and No. 22 Drake extended its school-record winning streak to 18 games, beating Missouri State 98-91 on Thursday despite a 46-point performance from the Lady Bears' Liza Fruendt....", "document_type": "article", "headline": {"main": "Bulls Top Golden State in Warriors' 1st Game Without Durant", "print_headline": "Bulls Top Golden State in Warriors' 1st Game Without Durant"}}]