[{"web_url": "https://www.nytimes.com/reuters/2017/03/02/world/americas/02reuters-bolivia-morales-health.html", "source": "Reuters", "_id": "58b8a1fe95d0e024902fd3d7", "pub_date": "2017-03-02T22:51:28+0000", "lead_paragraph": "Bolivian President Evo Morales has been treated for a sore throat in Cuba and will stay on the Caribbean island for several days of medical observation, Bolivia's Vice President and acting head of state Alvaro Garcia Linera said on Thursday.", "section_name": "World", "type_of_material": "News", "snippet": "Bolivian President Evo Morales has been treated for a sore throat in Cuba and will stay on the Caribbean island for several days of medical observation, Bolivia's Vice President and acting head of state Alvaro Garcia Linera said on Thursday....", "document_type": "article", "headline": {"main": "Eight-Year-Old Canadian Goalie's Dance Moves Go Viral", "print_headline": "Eight-Year-Old Canadian Goalie's Dance Moves Go Viral"}}]