[{"web_url": "https://www.nytimes.com/aponline/2017/03/02/us/ap-us-sleep-pods-high-school.html", "source": "AP", "_id": "58b8c80a95d0e024902fd43a", "pub_date": "2017-03-03T01:33:51+0000", "lead_paragraph": "Taking a power nap has never been easier for some high school students in New Mexico.", "section_name": "U.S.", "type_of_material": "News", "snippet": "Taking a power nap has never been easier for some high school students in New Mexico....", "document_type": "article", "headline": {"kicker": "Editorial", "main": "Jeff Sessions Had No Choice", "print_headline": "Jeff Sessions Had No Choice", "content_kicker": "Editorial"}}]