[{"web_url": "https://www.nytimes.com/2017/03/02/arts/television/feud-bette-joan-tv-review-fx.html", "source": "The New York Times", "_id": "58b8a1cc95d0e024902fd3d6", "pub_date": "2017-03-02T22:50:46+0000", "lead_paragraph": "Jessica Lange plays Joan Crawford and Susan Sarandon Bette Davis in this eight-part initial season of a new series by Ryan Murphy.", "section_name": "Arts", "type_of_material": "Review", "snippet": "Jessica Lange plays Joan Crawford and Susan Sarandon Bette Davis in this eight-part initial season of a new series by Ryan Murphy....", "document_type": "article", "headline": {"main": "Eight-Year-Old Canadian Goalie's Dance Moves Go Viral", "print_headline": "Eight-Year-Old Canadian Goalie's Dance Moves Go Viral"}}]