[{"web_url": "https://www.nytimes.com/2017/03/02/science/woolly-mammoth-extinct-genetics.html", "source": "The New York Times", "_id": "58b86bc995d0e024902fd320", "pub_date": "2017-03-02T19:00:20+0000", "lead_paragraph": "A new study shows how an endangered or declining species may result in an irreversible genetic meltdown.", "section_name": "Science", "type_of_material": "News", "snippet": "A new study shows how an endangered or declining species may result in an irreversible genetic meltdown....", "document_type": "article", "headline": {"main": "Apple, IBM, Microsoft Back Transgender Teen at Supreme Court", "print_headline": "Apple, IBM, Microsoft Back Transgender Teen at Supreme Court"}}]