[{"web_url": "https://www.nytimes.com/aponline/2017/03/02/us/ap-us-airport-security-loaded-guns.html", "source": "AP", "_id": "58b856e495d0e024902fd2d0", "pub_date": "2017-03-02T17:31:09+0000", "lead_paragraph": "The Transportation Security Administration says two men have been charged after trying to bring loaded guns onto planes at a North Carolina airport.", "section_name": "U.S.", "type_of_material": "News", "snippet": "The Transportation Security Administration says two men have been charged after trying to bring loaded guns onto planes at a North Carolina airport....", "document_type": "article", "headline": {"main": "2 Charged With Trying to Bring Loaded Guns Onto Planes", "print_headline": "2 Charged With Trying to Bring Loaded Guns Onto Planes"}}]