[{"web_url": "https://www.nytimes.com/reuters/2017/03/02/world/europe/02reuters-spain-catalonia.html", "source": "Reuters", "_id": "58b854a695d0e024902fd2c7", "pub_date": "2017-03-02T17:21:30+0000", "lead_paragraph": "Catalonia is organising the logistics for a referendum on independence from Spain it plans to hold by the end of September, even if it goes against the wishes of the national government, the Catalan government's foreign policy chief said.", "section_name": "World", "type_of_material": "News", "snippet": "Catalonia is organising the logistics for a referendum on independence from Spain it plans to hold by the end of September, even if it goes against the wishes of the national government, the Catalan government's foreign policy chief said....", "document_type": "article", "headline": {"main": "2 Charged With Trying to Bring Loaded Guns Onto Planes", "print_headline": "2 Charged With Trying to Bring Loaded Guns Onto Planes"}}]