[{"web_url": "https://www.nytimes.com/2017/03/02/world/europe/greece-refugees-camps-conditions-syria.html", "source": "The New York Times", "_id": "58b8647795d0e024902fd308", "pub_date": "2017-03-02T17:58:12+0000", "lead_paragraph": "A year after the European Union closed its borders to asylum seekers, refugees try to fashion a sense of normalcy with businesses and home-cooked meals.", "section_name": "World", "type_of_material": "News", "snippet": "A year after the European Union closed its borders to asylum seekers, refugees try to fashion a sense of normalcy with businesses and home-cooked meals....", "document_type": "article", "headline": {"main": "Trump Win Probably Didn\u2019t Cause Canadian Immigration Website\u2019s Crash", "print_headline": "Trump Win Probably Didn\u2019t Cause Canadian Immigration Website\u2019s Crash"}}]