[{"web_url": "https://www.nytimes.com/aponline/2017/03/02/us/ap-us-virgin-galactic.html", "source": "AP", "_id": "58b8405195d0e024902fd281", "pub_date": "2017-03-02T15:54:46+0000", "lead_paragraph": "Virgin Galactic's California-based small satellite launch provider is now a separate company.", "section_name": "U.S.", "type_of_material": "News", "snippet": "Virgin Galactic's California-based small satellite launch provider is now a separate company....", "document_type": "article", "headline": {"main": "Murray Survives Seven Match Points in Dubai Quarterfinals", "print_headline": "Murray Survives Seven Match Points in Dubai Quarterfinals"}}]