[{"web_url": "https://www.nytimes.com/reuters/2017/03/02/world/europe/02reuters-italy-avalanche.html", "source": "Reuters", "_id": "58b87e2295d0e024902fd35d", "pub_date": "2017-03-02T20:18:29+0000", "lead_paragraph": "Three skiers were killed and five injured when an avalanche swept through a mountain pass on Thursday near the resort of Courmayeur in northern Italy, rescuers said.", "section_name": "World", "type_of_material": "News", "snippet": "Three skiers were killed and five injured when an avalanche swept through a mountain pass on Thursday near the resort of Courmayeur in northern Italy, rescuers said....", "document_type": "article", "headline": {"main": "Review: The New York Philharmonic Plays a Piece Inspired by Night", "print_headline": "The Goddess of Night Is Also a Muse"}}]