[{"web_url": "https://www.nytimes.com/reuters/2017/03/02/business/02reuters-caterpillar-probe-history.html", "source": "Reuters", "_id": "58b8c74295d0e024902fd438", "pub_date": "2017-03-03T01:30:30+0000", "lead_paragraph": "After U.S. authorities raided Caterpillar Inc's Peoria, Illinois, headquarters as part of a criminal investigation Thursday, the company stated the search was part of an Internal Revenue Service investigation related to profit earned by a parts subsidiary based in Switzerland. ", "section_name": "Business Day", "type_of_material": "News", "snippet": "After U.S. authorities raided Caterpillar Inc's Peoria, Illinois, headquarters as part of a criminal investigation Thursday, the company stated the search was part of an Internal Revenue Service investigation related to profit earned by a parts su...", "document_type": "article", "headline": {"kicker": "Editorial", "main": "Jeff Sessions Had No Choice", "print_headline": "Jeff Sessions Had No Choice", "content_kicker": "Editorial"}}]