[{"web_url": "https://www.nytimes.com/reuters/2017/03/02/world/europe/02reuters-belgium-security-car.html", "source": "Reuters", "_id": "58b84c4495d0e024902fd2ac", "pub_date": "2017-03-02T16:45:52+0000", "lead_paragraph": "Brussels police detained a man with suspected militant links who was found to be carrying two gas cylinders in his car after he was pulled over on Thursday for running a red light, officials said.", "section_name": "World", "type_of_material": "News", "snippet": "Brussels police detained a man with suspected militant links who was found to be carrying two gas cylinders in his car after he was pulled over on Thursday for running a red light, officials said....", "document_type": "article", "headline": {"kicker": "Home and Work", "main": "The Surprisingly Lively Home of a Controversial Artist", "print_headline": "The Surprisingly Lively Home of a Controversial Artist", "content_kicker": "Home and Work"}}]