[{"web_url": "https://www.nytimes.com/aponline/2017/03/02/world/europe/ap-eu-eu-parliament-sexism.html", "source": "AP", "_id": "58b84ba995d0e024902fd2aa", "pub_date": "2017-03-02T16:43:16+0000", "lead_paragraph": "A Polish European Parliament lawmaker may face punishment after telling the legislature that women should earn less than men because they are weaker, smaller and \"less intelligent.\"", "section_name": "World", "type_of_material": "News", "snippet": "A Polish European Parliament lawmaker may face punishment after telling the legislature that women should earn less than men because they are weaker, smaller and \"less intelligent.\"...", "document_type": "article", "headline": {"kicker": "Home and Work", "main": "The Surprisingly Lively Home of a Controversial Artist", "print_headline": "The Surprisingly Lively Home of a Controversial Artist", "content_kicker": "Home and Work"}}]