[{"web_url": "https://www.nytimes.com/2017/03/02/sports/football/jets-release-brandon-marshall-receiver.html", "source": "The New York Times", "_id": "58b8eecf95d0e024902fd473", "pub_date": "2017-03-03T04:19:21+0000", "lead_paragraph": "The Jets are continuing their off-season roster purge by releasing Marshall, a wide receiver who was set to make $7.5 million this season.", "section_name": "Sports", "type_of_material": "News", "snippet": "The Jets are continuing their off-season roster purge by releasing Marshall, a wide receiver who was set to make $7.5 million this season....", "document_type": "article", "headline": {"main": "Brandon Marshall Is Expected to Join Growing List of Jets\u2019 Castoffs", "print_headline": "Marshall Is Expected to Join Growing List of Jets\u2019 Castoffs"}}]