[{"web_url": "https://www.nytimes.com/reuters/2017/03/02/us/02reuters-barge-ohioriver.html", "source": "Reuters", "_id": "58b8a2a795d0e024902fd3d8", "pub_date": "2017-03-02T22:54:27+0000", "lead_paragraph": "A barge breakaway at the Racine Lock and Dam on the Ohio River near Huntington, West Virginia, led to the closure of the waterway, the U.S. Coast Guard said on Thursday.", "section_name": "U.S.", "type_of_material": "News", "snippet": "A barge breakaway at the Racine Lock and Dam on the Ohio River near Huntington, West Virginia, led to the closure of the waterway, the U.S. Coast Guard said on Thursday....", "document_type": "article", "headline": {"main": "Eight-Year-Old Canadian Goalie's Dance Moves Go Viral", "print_headline": "Eight-Year-Old Canadian Goalie's Dance Moves Go Viral"}}]