[{"web_url": "http://cooking.nytimes.com/recipes/1018640-stuffed-flank-steak-matambre", "source": "du_recipe", "_id": "58b8974e95d0e024902fd3b1", "pub_date": "2008-10-01T04:00:00+0000", "lead_paragraph": "Matambre is a contraction of the Spanish words for \"kill\" and \"hunger\" -- it's the hunger killer. It's beef traditionally stuffed with vegetables, herbs, hard-cooked egg and seasonings. I cannot abide hard-boiled egg in cooked meat dishes, so I've substituted olives. It is often served as a kind of cold cut in Argentina, where it was created, but it can also be served hot.", "section_name": null, "type_of_material": "Recipe", "snippet": "Matambre is a contraction of the Spanish words for \"kill\" and \"hunger\" -- it's the hunger killer. It's beef traditionally stuffed with vegetables, herbs, hard-cooked egg and seasonings. I cannot abide hard-boiled egg in cooked meat dishes, so I've...", "document_type": "recipe", "headline": {"main": "Ben Martin, Time Photographer Who Captured the 1960s, Dies at 86", "print_headline": "Ben Martin, Time Photographer Who Captured the 1960s, Dies at 86"}}]