[{"web_url": "https://www.nytimes.com/2017/03/02/world/europe/ukraine-blockaders-cut-off-rail-traffic-from-rebel-areas.html", "source": "The New York Times", "_id": "58b84be395d0e024902fd2ab", "pub_date": "2017-03-02T16:44:16+0000", "lead_paragraph": "Armed with hunting rifles and clubs, members of the new movement aim to choke off coal supplies that provide income for Russian-backed separatists.", "section_name": "World", "type_of_material": "News", "snippet": "Armed with hunting rifles and clubs, members of the new movement aim to choke off coal supplies that provide income for Russian-backed separatists....", "document_type": "article", "headline": {"kicker": "Home and Work", "main": "The Surprisingly Lively Home of a Controversial Artist", "print_headline": "The Surprisingly Lively Home of a Controversial Artist", "content_kicker": "Home and Work"}}]