[{"web_url": "https://www.nytimes.com/reuters/2017/03/02/world/europe/02reuters-usa-trump-russia-aclu.html", "source": "Reuters", "_id": "58b837cc95d0e024902fd25f", "pub_date": "2017-03-02T15:18:27+0000", "lead_paragraph": "The American Civil Liberties Union on Thursday called for an investigation into whether Attorney General Jeff Sessions perjured himself during a confirmation hearing in which he denied having contacts with Russians during the U.S. presidential campaign.", "section_name": "World", "type_of_material": "News", "snippet": "The American Civil Liberties Union on Thursday called for an investigation into whether Attorney General Jeff Sessions perjured himself during a confirmation hearing in which he denied having contacts with Russians during the U.S. presidential cam...", "document_type": "article", "headline": {"main": "World Cup Fans Will Need Special Identity Cards for Matches", "print_headline": "World Cup Fans Will Need Special Identity Cards for Matches"}}]