[{"web_url": "https://www.nytimes.com/2017/03/02/us/politics/obamacare-aca-repeal-replace.html", "source": "The New York Times", "_id": "58b8c99195d0e024902fd43c", "pub_date": "2017-03-03T01:40:27+0000", "lead_paragraph": "Republicans excoriated Democrats for making \u201cback-room deals\u201d to pass the health law, but now they are being accused of violating vows of transparency.", "section_name": "U.S.", "type_of_material": "News", "snippet": "Republicans excoriated Democrats for making \u201cback-room deals\u201d to pass the health law, but now they are being accused of violating vows of transparency....", "document_type": "article", "headline": {"kicker": "Editorial", "main": "Jeff Sessions Had No Choice", "print_headline": "Jeff Sessions Had No Choice", "content_kicker": "Editorial"}}]