[{"web_url": "https://www.nytimes.com/2017/03/02/opinion/jeff-sessions-had-no-choice.html", "source": "The New York Times", "_id": "58b8cb9295d0e024902fd43f", "pub_date": "2017-03-03T01:49:01+0000", "lead_paragraph": "The attorney general is the latest official to be caught between his words and the truth.", "section_name": "Opinion", "type_of_material": "Editorial", "snippet": "The attorney general is the latest official to be caught between his words and the truth....", "document_type": "article", "headline": {"kicker": "Editorial", "main": "Jeff Sessions Had No Choice", "print_headline": "Jeff Sessions Had No Choice", "content_kicker": "Editorial"}}]