[{"web_url": "https://www.nytimes.com/aponline/2017/03/02/us/politics/ap-us-attorney-general-russia-glance.html", "source": "AP", "_id": "58b8773595d0e024902fd345", "pub_date": "2017-03-02T19:49:05+0000", "lead_paragraph": "Attorney General Jeff Sessions recused himself from an investigation into any ties between Moscow and President Donald Trump's 2016 campaign Thursday after revelations that he talked with Russia's ambassador to the United States twice during the presidential campaign. Sessions had faced mounting pressure from both parties on Capitol Hill that he step aside or resign.", "section_name": "U.S.", "type_of_material": "News", "snippet": "Attorney General Jeff Sessions recused himself from an investigation into any ties between Moscow and President Donald Trump's 2016 campaign Thursday after revelations that he talked with Russia's ambassador to the United States twice during the p...", "document_type": "article", "headline": {"main": "UK Banks Need to Build Operations in EU Post-Brexit-ECB", "print_headline": "UK Banks Need to Build Operations in EU Post-Brexit-ECB"}}]