[{"web_url": "https://www.nytimes.com/2017/03/02/nyregion/marian-javits-dead.html", "source": "The New York Times", "_id": "58b8bd5695d0e024902fd41b", "pub_date": "2017-03-03T00:48:12+0000", "lead_paragraph": "Mrs. Javits, the wife of Jacob K. Javits, a United States senator from 1957 to 1981, was a bon vivant who once said, \u201cI\u2019m my husband\u2019s wife, and I\u2019m striving to be my own person.\u201d", "section_name": "N.Y. / Region", "type_of_material": "Obituary (Obit)", "snippet": "Mrs. Javits, the wife of Jacob K. Javits, a United States senator from 1957 to 1981, was a bon vivant who once said, \u201cI\u2019m my husband\u2019s wife, and I\u2019m striving to be my own person.\u201d...", "document_type": "article", "headline": {"main": "David Rubinger, 92, Photographer Who Chronicled Israeli History, Dies", "print_headline": "David Rubinger, Who Captured Israeli History, Dies at 92"}}]