[{"web_url": "https://www.nytimes.com/reuters/2017/03/02/business/02reuters-boeing-layoffs.html", "source": "Reuters", "_id": "58b88c3295d0e024902fd381", "pub_date": "2017-03-02T21:18:34+0000", "lead_paragraph": "Boeing Co has accepted 1,880 voluntary layoffs from its union machinists and engineers in the Seattle area, the unions said on Thursday, part of the jet maker's drive to cut costs through job reductions and other measures.", "section_name": "Business Day", "type_of_material": "News", "snippet": "Boeing Co has accepted 1,880 voluntary layoffs from its union machinists and engineers in the Seattle area, the unions said on Thursday, part of the jet maker's drive to cut costs through job reductions and other measures....", "document_type": "article", "headline": {"main": "U.S. Prosecutors Fight Ruling Limiting Foreign Bribery Cases", "print_headline": "U.S. Prosecutors Fight Ruling Limiting Foreign Bribery Cases"}}]