[{"web_url": "https://www.nytimes.com/reuters/2017/03/02/us/politics/02reuters-usa-trump-sessions-russia.html", "source": "Reuters", "_id": "58b88ac795d0e024902fd380", "pub_date": "2017-03-02T21:12:28+0000", "lead_paragraph": "The conversations U.S. Attorney General Jeff Sessions had last year with Russia's ambassador were not related to his role advising the Trump campaign but solely to his work as a U.S. senator, the White House said on Thursday.", "section_name": "U.S.", "type_of_material": "News", "snippet": "The conversations U.S. Attorney General Jeff Sessions had last year with Russia's ambassador were not related to his role advising the Trump campaign but solely to his work as a U.S. senator, the White House said on Thursday....", "document_type": "article", "headline": {"main": "U.S. Prosecutors Fight Ruling Limiting Foreign Bribery Cases", "print_headline": "U.S. Prosecutors Fight Ruling Limiting Foreign Bribery Cases"}}]