[{"web_url": "https://www.nytimes.com/2017/03/02/sports/baseball/david-wright-mets.html", "source": "The New York Times", "_id": "58b86b5c95d0e024902fd31e", "pub_date": "2017-03-02T18:58:29+0000", "lead_paragraph": "Wright, the Mets\u2019 third baseman who has been unable to throw because of shoulder pain, refused to say when he might return to the field.", "section_name": "Sports", "type_of_material": "News", "snippet": "Wright, the Mets\u2019 third baseman who has been unable to throw because of shoulder pain, refused to say when he might return to the field....", "document_type": "article", "headline": {"main": "Apple, IBM, Microsoft Back Transgender Teen at Supreme Court", "print_headline": "Apple, IBM, Microsoft Back Transgender Teen at Supreme Court"}}]