[{"web_url": "https://www.nytimes.com/aponline/2017/03/02/arts/ap-us-people-lou-reed.html", "source": "AP", "_id": "58b87cce95d0e024902fd35b", "pub_date": "2017-03-02T20:12:56+0000", "lead_paragraph": "The New York Public Library for the Performing Arts has acquired the complete archives of Lou Reed .", "section_name": "Arts", "type_of_material": "News", "snippet": "The New York Public Library for the Performing Arts has acquired the complete archives of Lou Reed ....", "document_type": "article", "headline": {"main": "Review: The New York Philharmonic Plays a Piece Inspired by Night", "print_headline": "The Goddess of Night Is Also a Muse"}}]