[{"web_url": "https://www.nytimes.com/aponline/2017/03/02/sports/tennis/ap-ten-dubai-championships.html", "source": "AP", "_id": "58b8433595d0e024902fd28a", "pub_date": "2017-03-02T16:07:11+0000", "lead_paragraph": "Andy Murray saved seven match points before beating Philipp Kohlschreiber 6-7 (4), 7-6 (18), 6-1 to reach the Dubai Tennis Championships semifinals on Thursday.", "section_name": "Sports", "type_of_material": "News", "snippet": "Andy Murray saved seven match points before beating Philipp Kohlschreiber 6-7 (4), 7-6 (18), 6-1 to reach the Dubai Tennis Championships semifinals on Thursday....", "document_type": "article", "headline": {"main": "Murray Survives Seven Match Points in Dubai Quarterfinals", "print_headline": "Murray Survives Seven Match Points in Dubai Quarterfinals"}}]