[{"web_url": "https://www.nytimes.com/reuters/2017/03/02/world/europe/02reuters-mideast-crisis-syria-turkey-usa-analysis.html", "source": "Reuters", "_id": "58b8371895d0e024902fd259", "pub_date": "2017-03-02T15:15:32+0000", "lead_paragraph": "Turkey is ruling out compromise with the United States over the involvement of Kurdish militia fighters in an assault in Syria, an obstacle for Washington's plan to deploy its strongest allies on the ground in a decisive showdown with Islamic State.", "section_name": "World", "type_of_material": "News", "snippet": "Turkey is ruling out compromise with the United States over the involvement of Kurdish militia fighters in an assault in Syria, an obstacle for Washington's plan to deploy its strongest allies on the ground in a decisive showdown with Islamic Stat...", "document_type": "article", "headline": {"main": "World Cup Fans Will Need Special Identity Cards for Matches", "print_headline": "World Cup Fans Will Need Special Identity Cards for Matches"}}]