[{"web_url": "https://www.nytimes.com/aponline/2017/03/02/world/americas/ap-lt-guatemala-rights-abuses.html", "source": "AP", "_id": "58b8bd8a95d0e024902fd41e", "pub_date": "2017-03-03T00:49:04+0000", "lead_paragraph": "Five former Guatemalan army officers will face trial charged with the disappearance of a 14-year-old boy and the rape of his sister during the country's civil war.", "section_name": "World", "type_of_material": "News", "snippet": "Five former Guatemalan army officers will face trial charged with the disappearance of a 14-year-old boy and the rape of his sister during the country's civil war....", "document_type": "article", "headline": {"main": "David Rubinger, 92, Photographer Who Chronicled Israeli History, Dies", "print_headline": "David Rubinger, Who Captured Israeli History, Dies at 92"}}]