[{"web_url": "https://www.nytimes.com/aponline/2017/03/02/us/ap-us-mosque-vandalism-charges.html", "source": "AP", "_id": "58b8961e95d0e024902fd3aa", "pub_date": "2017-03-02T22:00:56+0000", "lead_paragraph": "A man accused of writing anti-Muslim comments on an Ohio mosque has been charged with committing a hate crime.", "section_name": "U.S.", "type_of_material": "News", "snippet": "A man accused of writing anti-Muslim comments on an Ohio mosque has been charged with committing a hate crime....", "document_type": "article", "headline": {"main": "Ben Martin, Time Photographer Who Captured the 1960s, Dies at 86", "print_headline": "Ben Martin, Time Photographer Who Captured the 1960s, Dies at 86"}}]