[{"web_url": "https://www.nytimes.com/reuters/2017/03/03/sports/olympics/03reuters-gymnastics-australia.html", "source": "Reuters", "_id": "58b8fbf895d0e024902fd486", "pub_date": "2017-03-03T05:15:29+0000", "lead_paragraph": "Former United States head coach Mihai Brestyan has been appointed as the new coach of Australia's national gymnastics women's team.", "section_name": "Sports", "type_of_material": "News", "snippet": "Former United States head coach Mihai Brestyan has been appointed as the new coach of Australia's national gymnastics women's team....", "document_type": "article", "headline": {"main": "What\u2019s on TV Friday: \u2018Fire at Sea\u2019 and \u2018Vice: Trans Youth\u2019", "print_headline": "What\u2019s on Friday"}}]