[{"web_url": "https://www.nytimes.com/2017/03/02/technology/personaltech/taking-netflix-on-the-road.html", "source": "The New York Times", "_id": "58b8569d95d0e024902fd2cc", "pub_date": "2017-03-02T17:29:58+0000", "lead_paragraph": "The streaming service offers a selection of shows and movies to download for offline viewing. The amount of space they take up depends on their length and picture quality.", "section_name": "Technology", "type_of_material": "Question", "snippet": "The streaming service offers a selection of shows and movies to download for offline viewing. The amount of space they take up depends on their length and picture quality....", "document_type": "article", "headline": {"main": "2 Charged With Trying to Bring Loaded Guns Onto Planes", "print_headline": "2 Charged With Trying to Bring Loaded Guns Onto Planes"}}]