[{"web_url": "https://www.nytimes.com/aponline/2017/03/02/us/politics/ap-us-zinke.html", "source": "AP", "_id": "58b8428b95d0e024902fd287", "pub_date": "2017-03-02T16:04:20+0000", "lead_paragraph": "Interior Secretary Ryan Zinke arrived on horseback for his first day of work Thursday.", "section_name": "U.S.", "type_of_material": "News", "snippet": "Interior Secretary Ryan Zinke arrived on horseback for his first day of work Thursday....", "document_type": "article", "headline": {"main": "Murray Survives Seven Match Points in Dubai Quarterfinals", "print_headline": "Murray Survives Seven Match Points in Dubai Quarterfinals"}}]