[{"web_url": "https://www.nytimes.com/reuters/2017/03/02/technology/02reuters-snap-ipo-hqprotest.html", "source": "Reuters", "_id": "58b8b0b895d0e024902fd401", "pub_date": "2017-03-02T23:54:29+0000", "lead_paragraph": "As shares of California-based Snap Inc began trading on the New York Stock Exchange on Thursday, two dozen residents of the company's adopted home of Venice Beach protested outside its offices, accusing the growing tech company of spoiling their seaside community.", "section_name": "Technology", "type_of_material": "News", "snippet": "As shares of California-based Snap Inc began trading on the New York Stock Exchange on Thursday, two dozen residents of the company's adopted home of Venice Beach protested outside its offices, accusing the growing tech company of spoiling their s...", "document_type": "article", "headline": {"main": "Fun-Loving South African Golfer Hobday Dies at 76", "print_headline": "Fun-Loving South African Golfer Hobday Dies at 76"}}]