[{"web_url": "https://www.nytimes.com/2017/03/02/arts/music/pop-rock-and-jazz-in-nyc-this-week.html", "source": "The New York Times", "_id": "58b8a14695d0e024902fd3d1", "pub_date": "2017-03-02T22:48:35+0000", "lead_paragraph": "Our guide to pop and rock shows and the best of live jazz.", "section_name": "Arts", "type_of_material": "News", "snippet": "Our guide to pop and rock shows and the best of live jazz....", "document_type": "article", "headline": {"main": "Eight-Year-Old Canadian Goalie's Dance Moves Go Viral", "print_headline": "Eight-Year-Old Canadian Goalie's Dance Moves Go Viral"}}]