[{"web_url": "https://www.nytimes.com/reuters/2017/03/02/sports/soccer/02reuters-soccer-worldcup-russia.html", "source": "Reuters", "_id": "58b8388695d0e024902fd262", "pub_date": "2017-03-02T15:21:35+0000", "lead_paragraph": "Fans at next year's World Cup and this year's Confederations Cup in Russia will need special identity cards before they can watch matches, soccer's governing body said Thursday.", "section_name": "Sports", "type_of_material": "News", "snippet": "Fans at next year's World Cup and this year's Confederations Cup in Russia will need special identity cards before they can watch matches, soccer's governing body said Thursday....", "document_type": "article", "headline": {"main": "World Cup Fans Will Need Special Identity Cards for Matches", "print_headline": "World Cup Fans Will Need Special Identity Cards for Matches"}}]