[{"web_url": "https://www.nytimes.com/2017/03/02/movies/the-human-surge-review.html", "source": "The New York Times", "_id": "58b896c995d0e024902fd3af", "pub_date": "2017-03-02T22:03:49+0000", "lead_paragraph": "Eduardo Williams\u2019s film blurs the lines between narrative and documentary, adding cryptic observations while navigating Buenos Aires and the Web.", "section_name": "Movies", "type_of_material": "Review", "snippet": "Eduardo Williams\u2019s film blurs the lines between narrative and documentary, adding cryptic observations while navigating Buenos Aires and the Web....", "document_type": "article", "headline": {"main": "Ben Martin, Time Photographer Who Captured the 1960s, Dies at 86", "print_headline": "Ben Martin, Time Photographer Who Captured the 1960s, Dies at 86"}}]