[{"web_url": "https://www.nytimes.com/aponline/2017/03/02/us/ap-hko-dancing-goalie.html", "source": "AP", "_id": "58b8a2cf95d0e024902fd3d9", "pub_date": "2017-03-02T22:55:01+0000", "lead_paragraph": "An 8-year-old Canadian hockey goalie whose dance moves on the ice have made him an online sensation is being called up to the big leagues for a dance-off.", "section_name": "U.S.", "type_of_material": "News", "snippet": "An 8-year-old Canadian hockey goalie whose dance moves on the ice have made him an online sensation is being called up to the big leagues for a dance-off....", "document_type": "article", "headline": {"main": "Eight-Year-Old Canadian Goalie's Dance Moves Go Viral", "print_headline": "Eight-Year-Old Canadian Goalie's Dance Moves Go Viral"}}]