[{"web_url": "https://www.nytimes.com/aponline/2017/03/02/us/ap-us-lee-king-holiday-arkansas.html", "source": "AP", "_id": "58b856e095d0e024902fd2ce", "pub_date": "2017-03-02T17:31:07+0000", "lead_paragraph": "Arkansas has taken a first step toward celebrating Martin Luther King Jr. on the third Monday in January and honoring Robert E. Lee in the fall rather than the current practice of recognizing both men on the same day in January.", "section_name": "U.S.", "type_of_material": "News", "snippet": "Arkansas has taken a first step toward celebrating Martin Luther King Jr. on the third Monday in January and honoring Robert E. Lee in the fall rather than the current practice of recognizing both men on the same day in January....", "document_type": "article", "headline": {"main": "2 Charged With Trying to Bring Loaded Guns Onto Planes", "print_headline": "2 Charged With Trying to Bring Loaded Guns Onto Planes"}}]