[{"web_url": "https://www.nytimes.com/aponline/2017/03/02/sports/baseball/ap-bbn-cards-wainwrights-car.html", "source": "AP", "_id": "58b8962495d0e024902fd3ab", "pub_date": "2017-03-02T22:01:01+0000", "lead_paragraph": "St. Louis Cardinals pitcher Ryan Sherriff thought clubhouse prankster Adam Wainwright was taking him for a ride. Turns out, Sherriff was about to be given one.", "section_name": "Sports", "type_of_material": "News", "snippet": "St. Louis Cardinals pitcher Ryan Sherriff thought clubhouse prankster Adam Wainwright was taking him for a ride. Turns out, Sherriff was about to be given one....", "document_type": "article", "headline": {"main": "Ben Martin, Time Photographer Who Captured the 1960s, Dies at 86", "print_headline": "Ben Martin, Time Photographer Who Captured the 1960s, Dies at 86"}}]