[{"web_url": "https://www.nytimes.com/2017/03/02/arts/music/leon-ware-dead-soul-singer-and-producer.html", "source": "The New York Times", "_id": "58b8d68495d0e024902fd455", "pub_date": "2017-03-03T02:35:44+0000", "lead_paragraph": "Mr. Ware helped popularize the \u201cquiet storm\u201d sound, a mix of jazz and R&B, through collaborations with Gaye, Quincy Jones and other notables.", "section_name": "Arts", "type_of_material": "Obituary (Obit)", "snippet": "Mr. Ware helped popularize the \u201cquiet storm\u201d sound, a mix of jazz and R&B, through collaborations with Gaye, Quincy Jones and other notables....", "document_type": "article", "headline": {"main": "Anti-Black Slur in Stamford Is Painted Over After Two Months", "print_headline": "Anti-Black Slur in Stamford Is Painted Over After Two Months"}}]