[{"web_url": "https://www.nytimes.com/2017/03/02/sports/rangers-edge-bruins-in-boston-as-henrik-lundqvist-shines-in-goal.html", "source": "The New York Times", "_id": "58b8e4ae95d0e024902fd468", "pub_date": "2017-03-03T03:36:09+0000", "lead_paragraph": "Lundqvist, playing on his 35th birthday, finished with 32 saves and moved into a tie for 10th place on the N.H.L.\u2019s career wins list, notching his 403rd victory.", "section_name": "Sports", "type_of_material": "News", "snippet": "Lundqvist, playing on his 35th birthday, finished with 32 saves and moved into a tie for 10th place on the N.H.L.\u2019s career wins list, notching his 403rd victory....", "document_type": "article", "headline": {"main": "Bulls Top Golden State in Warriors' 1st Game Without Durant", "print_headline": "Bulls Top Golden State in Warriors' 1st Game Without Durant"}}]