[{"web_url": "https://www.nytimes.com/reuters/2017/03/02/world/europe/02reuters-hungary-government-ngos.html", "source": "Reuters", "_id": "58b8788095d0e024902fd34b", "pub_date": "2017-03-02T19:54:29+0000", "lead_paragraph": "Hungary's government plans to submit a law on the way non-governmental organizations operate next week, two sources with knowledge of the matter told Reuters on Thursday, raising concerns about a crackdown on dissenting groups.", "section_name": "World", "type_of_material": "News", "snippet": "Hungary's government plans to submit a law on the way non-governmental organizations operate next week, two sources with knowledge of the matter told Reuters on Thursday, raising concerns about a crackdown on dissenting groups....", "document_type": "article", "headline": {"main": "UK Banks Need to Build Operations in EU Post-Brexit-ECB", "print_headline": "UK Banks Need to Build Operations in EU Post-Brexit-ECB"}}]