[{"web_url": "https://www.nytimes.com/aponline/2017/03/02/world/europe/ap-eu-italy-avalanche-deaths.html", "source": "AP", "_id": "58b8373595d0e024902fd25d", "pub_date": "2017-03-02T15:16:01+0000", "lead_paragraph": "Italian alpine rescuers say three skiers have been killed in avalanche in the northern Italian Alps near the French border that injured another five people.", "section_name": "World", "type_of_material": "News", "snippet": "Italian alpine rescuers say three skiers have been killed in avalanche in the northern Italian Alps near the French border that injured another five people....", "document_type": "article", "headline": {"main": "World Cup Fans Will Need Special Identity Cards for Matches", "print_headline": "World Cup Fans Will Need Special Identity Cards for Matches"}}]