[{"web_url": "https://www.nytimes.com/aponline/2017/03/02/sports/football/ap-fbn-jets-marshall-released.html", "source": "AP", "_id": "58b8e79d95d0e024902fd46d", "pub_date": "2017-03-03T03:48:41+0000", "lead_paragraph": "Brandon Marshall is on the move again &#8212; and the New York Jets' roster purge of big-name players with big salaries continues.", "section_name": "Sports", "type_of_material": "News", "snippet": "Brandon Marshall is on the move again &#8212; and the New York Jets' roster purge of big-name players with big salaries continues....", "document_type": "article", "headline": {"main": "Bulls Top Golden State in Warriors' 1st Game Without Durant", "print_headline": "Bulls Top Golden State in Warriors' 1st Game Without Durant"}}]