[{"web_url": "https://www.nytimes.com/aponline/2017/03/02/business/ap-us-earns-costco.html", "source": "AP", "_id": "58b8a16495d0e024902fd3d2", "pub_date": "2017-03-02T22:49:01+0000", "lead_paragraph": "Costco Wholesale Corp. announced Thursday that it's raising its membership fees, as the warehouse club operator released quarterly results that fell short of Wall Street's expectations. Its shares fell more than 4 percent in after-hours trading.", "section_name": "Business Day", "type_of_material": "News", "snippet": "Costco Wholesale Corp. announced Thursday that it's raising its membership fees, as the warehouse club operator released quarterly results that fell short of Wall Street's expectations. Its shares fell more than 4 percent in after-hours trading....", "document_type": "article", "headline": {"main": "Eight-Year-Old Canadian Goalie's Dance Moves Go Viral", "print_headline": "Eight-Year-Old Canadian Goalie's Dance Moves Go Viral"}}]