[{"web_url": "https://www.nytimes.com/interactive/2017/03/02/arts/music/noname-concert.html", "source": "The New York Times", "_id": "58b85da195d0e024902fd2f4", "pub_date": "2017-03-02T17:59:58+0000", "lead_paragraph": "Noname, the Chicago rapper known for her collaborations with Chance the Rapper, is in The New York Times headquarters to perform some songs and answer questions from the online audience. Joe Coscarelli and Andrew Chow, who cover music for The Times, are in the room with her and will be addressing your questions and sharing their thoughts throughout. Join in the conversation here.", "section_name": "Arts", "type_of_material": "Interactive Feature", "snippet": "Noname, the Chicago rapper known for her collaborations with Chance the Rapper, is in The New York Times headquarters to perform some songs and answer questions from the online audience. Joe Coscarelli and Andrew Chow, who cover music for The Time...", "document_type": "multimedia", "headline": {"main": "Trump Win Probably Didn\u2019t Cause Canadian Immigration Website\u2019s Crash", "print_headline": "Trump Win Probably Didn\u2019t Cause Canadian Immigration Website\u2019s Crash"}}]