[{"web_url": "https://www.nytimes.com/reuters/2017/03/02/technology/02reuters-blackberry-mackey.html", "source": "Reuters", "_id": "58b8853195d0e024902fd36f", "pub_date": "2017-03-02T20:48:41+0000", "lead_paragraph": "Jim Mackey, BlackBerry Ltd's head of corporate development and strategy, left the technology company in mid-February, he said on Thursday, leaving a leadership gap as it transitions to software from smartphone hardware.", "section_name": "Technology", "type_of_material": "News", "snippet": "Jim Mackey, BlackBerry Ltd's head of corporate development and strategy, left the technology company in mid-February, he said on Thursday, leaving a leadership gap as it transitions to software from smartphone hardware....", "document_type": "article", "headline": {"kicker": "Behind the Poster", "main": "Who\u2019s That on the Grill in \u2018Barbecue\u2019?", "print_headline": "", "content_kicker": "Behind the Poster"}}]