[{"web_url": "https://www.nytimes.com/aponline/2017/03/02/us/ap-us-oscars-pwc.html", "source": "AP", "_id": "58b8769395d0e024902fd343", "pub_date": "2017-03-02T19:46:20+0000", "lead_paragraph": "A spokeswoman for the PwC auditing firm says the company has hired protection for the two accountants responsible for the best-picture flub at the Oscars.", "section_name": "U.S.", "type_of_material": "News", "snippet": "A spokeswoman for the PwC auditing firm says the company has hired protection for the two accountants responsible for the best-picture flub at the Oscars....", "document_type": "article", "headline": {"main": "UK Banks Need to Build Operations in EU Post-Brexit-ECB", "print_headline": "UK Banks Need to Build Operations in EU Post-Brexit-ECB"}}]