[{"web_url": "https://www.nytimes.com/reuters/2017/03/02/world/europe/02reuters-usa-corruption-alstom.html", "source": "Reuters", "_id": "58b88efc95d0e024902fd389", "pub_date": "2017-03-02T21:30:30+0000", "lead_paragraph": "U.S. prosecutors on Thursday urged a federal appeals court to overturn a 2015 court ruling that sharply limited their ability to prosecute foreigners under a U.S. bribery law.", "section_name": "World", "type_of_material": "News", "snippet": "U.S. prosecutors on Thursday urged a federal appeals court to overturn a 2015 court ruling that sharply limited their ability to prosecute foreigners under a U.S. bribery law....", "document_type": "article", "headline": {"main": "U.S. Prosecutors Fight Ruling Limiting Foreign Bribery Cases", "print_headline": "U.S. Prosecutors Fight Ruling Limiting Foreign Bribery Cases"}}]