[{"web_url": "https://www.nytimes.com/aponline/2017/03/02/us/ap-us-snap-venice-protest.html", "source": "AP", "_id": "58b8db0695d0e024902fd459", "pub_date": "2017-03-03T02:54:53+0000", "lead_paragraph": "Snapchat's owner is making new friends on Wall Street but its Los Angeles neighbors aren't putting any filters on their anger.", "section_name": "U.S.", "type_of_material": "News", "snippet": "Snapchat's owner is making new friends on Wall Street but its Los Angeles neighbors aren't putting any filters on their anger....", "document_type": "article", "headline": {"main": "Anti-Black Slur in Stamford Is Painted Over After Two Months", "print_headline": "Anti-Black Slur in Stamford Is Painted Over After Two Months"}}]