[{"web_url": "https://www.nytimes.com/reuters/2017/03/02/business/02reuters-3i-group-agent-provocateur.html", "source": "Reuters", "_id": "58b8431395d0e024902fd289", "pub_date": "2017-03-02T16:06:34+0000", "lead_paragraph": "Luxury lingerie retailer Agent Provocateur was sold to Four Holdings on Thursday, after going into administration, its administrator AlixPartners said. ", "section_name": "Business Day", "type_of_material": "News", "snippet": "Luxury lingerie retailer Agent Provocateur was sold to Four Holdings on Thursday, after going into administration, its administrator AlixPartners said....", "document_type": "article", "headline": {"main": "Murray Survives Seven Match Points in Dubai Quarterfinals", "print_headline": "Murray Survives Seven Match Points in Dubai Quarterfinals"}}]