[{"web_url": "https://www.nytimes.com/2017/03/02/t-magazine/design/vincenzo-de-cotiis-progetto-domestico-cabinet.html", "source": "The New York Times", "_id": "58b82bcc95d0e024902fd231", "pub_date": "2017-03-02T14:27:14+0000", "lead_paragraph": "From Vincenzo De Cotiis\u2018s limited-edition collection of sculptural pieces.", "section_name": "T Magazine", "type_of_material": "News", "snippet": "From Vincenzo De Cotiis\u2018s limited-edition collection of sculptural pieces....", "document_type": "article", "headline": {"main": "Vintage Western Phone Brands Resurrected by Chinese Players", "print_headline": "Vintage Western Phone Brands Resurrected by Chinese Players"}}]