[{"web_url": "https://www.nytimes.com/reuters/2017/03/02/business/02reuters-britain-eu-banks.html", "source": "Reuters", "_id": "58b879e995d0e024902fd34c", "pub_date": "2017-03-02T20:00:32+0000", "lead_paragraph": "Banks based in Britain seeking to do business in the European Union after Brexit should apply early for a licence to set up actual operations and not \"empty shells\", European Central Bank supervisor Sabine Lautenschlaeger said on Thursday.", "section_name": "Business Day", "type_of_material": "News", "snippet": "Banks based in Britain seeking to do business in the European Union after Brexit should apply early for a licence to set up actual operations and not \"empty shells\", European Central Bank supervisor Sabine Lautenschlaeger said on Thursday....", "document_type": "article", "headline": {"main": "UK Banks Need to Build Operations in EU Post-Brexit-ECB", "print_headline": "UK Banks Need to Build Operations in EU Post-Brexit-ECB"}}]