[{"web_url": "https://www.nytimes.com/2017/03/02/nyregion/brian-young-nyc-subway-next-stop-1984.html", "source": "The New York Times", "_id": "58b8d5f595d0e024902fd454", "pub_date": "2017-03-03T02:33:20+0000", "lead_paragraph": "The photographer Brian Young has compiled images of straphangers from that year in a new book.", "section_name": "N.Y. / Region", "type_of_material": "News", "snippet": "The photographer Brian Young has compiled images of straphangers from that year in a new book....", "document_type": "article", "headline": {"main": "Anti-Black Slur in Stamford Is Painted Over After Two Months", "print_headline": "Anti-Black Slur in Stamford Is Painted Over After Two Months"}}]