[{"web_url": "https://www.nytimes.com/2017/03/02/business/media/ben-martin-dead-time-magazine-photographer.html", "source": "The New York Times", "_id": "58b896f995d0e024902fd3b0", "pub_date": "2017-03-02T22:04:36+0000", "lead_paragraph": "Mr. Martin photographed a Nixon-Kennedy debate, as well as Kennedy\u2019s funeral and the Rev. Dr. Martin Luther King Jr.\u2019s march to Montgomery, Ala.", "section_name": "Business Day", "type_of_material": "Obituary (Obit)", "snippet": "Mr. Martin photographed a Nixon-Kennedy debate, as well as Kennedy\u2019s funeral and the Rev. Dr. Martin Luther King Jr.\u2019s march to Montgomery, Ala....", "document_type": "article", "headline": {"main": "Ben Martin, Time Photographer Who Captured the 1960s, Dies at 86", "print_headline": "Ben Martin, Time Photographer Who Captured the 1960s, Dies at 86"}}]