[{"web_url": "https://www.nytimes.com/2017/03/02/opinion/why-the-met-should-appoint-a-female-director.html", "source": "The New York Times", "_id": "58b87c0795d0e024902fd358", "pub_date": "2017-03-02T20:09:35+0000", "lead_paragraph": "It is time the leadership reflected the field\u2019s diversity.", "section_name": "Opinion", "type_of_material": "Op-Ed", "snippet": "It is time the leadership reflected the field\u2019s diversity....", "document_type": "article", "headline": {"main": "Review: The New York Philharmonic Plays a Piece Inspired by Night", "print_headline": "The Goddess of Night Is Also a Muse"}}]