[{"web_url": "https://www.nytimes.com/2017/03/02/style/joan-osborne-bob-dylan-greenwich-village.html", "source": "The New York Times", "_id": "58b87ce495d0e024902fd35c", "pub_date": "2017-03-02T20:13:20+0000", "lead_paragraph": "The bluesy singer, best known for the 1995 single \u201cOne of Us,\u201d is performing an all-Dylan cabaret set at Caf\u00e9 Carlyle.", "section_name": "Style", "type_of_material": "News", "snippet": "The bluesy singer, best known for the 1995 single \u201cOne of Us,\u201d is performing an all-Dylan cabaret set at Caf\u00e9 Carlyle....", "document_type": "article", "headline": {"main": "Review: The New York Philharmonic Plays a Piece Inspired by Night", "print_headline": "The Goddess of Night Is Also a Muse"}}]