[{"web_url": "https://www.nytimes.com/aponline/2017/03/02/us/politics/ap-us-attorney-general-russia-perjury-qa.html", "source": "AP", "_id": "58b87e2f95d0e024902fd35e", "pub_date": "2017-03-02T20:18:46+0000", "lead_paragraph": "Attorney General Jeff Sessions agreed Thursday to recuse himself from any investigation into Russian interference in the 2016 presidential election. The move came after revelations that Sessions twice spoke with the Russian ambassador during the campaign, a fact that seemingly contradicts sworn statements he made to Congress during his confirmation hearings.", "section_name": "U.S.", "type_of_material": "News", "snippet": "Attorney General Jeff Sessions agreed Thursday to recuse himself from any investigation into Russian interference in the 2016 presidential election. The move came after revelations that Sessions twice spoke with the Russian ambassador during the c...", "document_type": "article", "headline": {"main": "Review: The New York Philharmonic Plays a Piece Inspired by Night", "print_headline": "The Goddess of Night Is Also a Muse"}}]