[{"web_url": "https://www.nytimes.com/reuters/2017/03/02/business/02reuters-banks-fines.html", "source": "Reuters", "_id": "58b896b695d0e024902fd3ad", "pub_date": "2017-03-02T22:03:30+0000", "lead_paragraph": "Banks across the world have paid about $321 billion in fines since the 2007-2008 financial crisis as regulators stepped up scrutiny, according to a note by the Boston Consulting Group.", "section_name": "Business Day", "type_of_material": "News", "snippet": "Banks across the world have paid about $321 billion in fines since the 2007-2008 financial crisis as regulators stepped up scrutiny, according to a note by the Boston Consulting Group....", "document_type": "article", "headline": {"main": "Ben Martin, Time Photographer Who Captured the 1960s, Dies at 86", "print_headline": "Ben Martin, Time Photographer Who Captured the 1960s, Dies at 86"}}]