[{"web_url": "https://www.nytimes.com/reuters/2017/03/02/world/middleeast/02reuters-egypt-insurgency-christians.html", "source": "Reuters", "_id": "58b84ce795d0e024902fd2ae", "pub_date": "2017-03-02T16:48:29+0000", "lead_paragraph": "When Islamic State militants began circulating names of Christians who must leave their Egyptian hometown of Arish or die, Munir Munir's father Adel, a civil servant, brought home a hit list that had his own name as number two.", "section_name": "World", "type_of_material": "News", "snippet": "When Islamic State militants began circulating names of Christians who must leave their Egyptian hometown of Arish or die, Munir Munir's father Adel, a civil servant, brought home a hit list that had his own name as number two....", "document_type": "article", "headline": {"kicker": "Home and Work", "main": "The Surprisingly Lively Home of a Controversial Artist", "print_headline": "The Surprisingly Lively Home of a Controversial Artist", "content_kicker": "Home and Work"}}]