[{"web_url": "https://www.nytimes.com/2017/03/02/theater/whos-that-on-the-grill-in-barbecue.html", "source": "The New York Times", "_id": "58b886f095d0e024902fd374", "pub_date": "2017-03-02T20:56:12+0000", "lead_paragraph": "Sean Higgins, the designer of artwork for the play \u201cBarbecue,\u201d is a vegetarian who knows how to make a meaty poster.", "section_name": "Theater", "type_of_material": "News", "snippet": "Sean Higgins, the designer of artwork for the play \u201cBarbecue,\u201d is a vegetarian who knows how to make a meaty poster....", "document_type": "article", "headline": {"kicker": "Behind the Poster", "main": "Who\u2019s That on the Grill in \u2018Barbecue\u2019?", "print_headline": "", "content_kicker": "Behind the Poster"}}]