[{"web_url": "https://www.nytimes.com/reuters/2017/03/02/business/02reuters-jcdecaux-britain.html", "source": "Reuters", "_id": "58b85e7995d0e024902fd2f5", "pub_date": "2017-03-02T18:03:29+0000", "lead_paragraph": "French outdoor advertising company JCDecaux is no longer planning to reduce investments in Britain, which it had considered following the country's vote to leave the European Union, after \"a good first quarter\", its co-CEO told Reuters.", "section_name": "Business Day", "type_of_material": "News", "snippet": "French outdoor advertising company JCDecaux is no longer planning to reduce investments in Britain, which it had considered following the country's vote to leave the European Union, after \"a good first quarter\", its co-CEO told Reuters....", "document_type": "article", "headline": {"main": "Trump Win Probably Didn\u2019t Cause Canadian Immigration Website\u2019s Crash", "print_headline": "Trump Win Probably Didn\u2019t Cause Canadian Immigration Website\u2019s Crash"}}]