[{"web_url": "https://www.nytimes.com/aponline/2017/03/02/world/africa/ap-af-kenya-somalia-violence.html", "source": "AP", "_id": "58b841c595d0e024902fd284", "pub_date": "2017-03-02T16:01:02+0000", "lead_paragraph": "At least 57 members of the al-Shabab extremist group were killed Thursday as African Union and Somali forces attacked one of its camps, the AU peacekeeping mission in Somalia announced. It was one of the deadliest assaults on the al-Qaida-linked group by the joint forces.", "section_name": "World", "type_of_material": "News", "snippet": "At least 57 members of the al-Shabab extremist group were killed Thursday as African Union and Somali forces attacked one of its camps, the AU peacekeeping mission in Somalia announced. It was one of the deadliest assaults on the al-Qaida-linked g...", "document_type": "article", "headline": {"main": "Murray Survives Seven Match Points in Dubai Quarterfinals", "print_headline": "Murray Survives Seven Match Points in Dubai Quarterfinals"}}]