[{"web_url": "https://www.nytimes.com/reuters/2017/03/02/world/asia/02reuters-northkorea-malaysia-ri.html", "source": "Reuters", "_id": "58b8c7ed95d0e024902fd439", "pub_date": "2017-03-03T01:33:29+0000", "lead_paragraph": "The North Korean suspect held over the killing of Kim Jong Nam, the estranged half-brother of the North's leader, was released from a detention centre and driven away in a police convoy, a Reuters witness said.", "section_name": "World", "type_of_material": "News", "snippet": "The North Korean suspect held over the killing of Kim Jong Nam, the estranged half-brother of the North's leader, was released from a detention centre and driven away in a police convoy, a Reuters witness said....", "document_type": "article", "headline": {"kicker": "Editorial", "main": "Jeff Sessions Had No Choice", "print_headline": "Jeff Sessions Had No Choice", "content_kicker": "Editorial"}}]