[{"web_url": "https://www.nytimes.com/2017/03/02/crosswords/takes-the-edge-off-jumpsuit-richest-country.html", "source": "The New York Times", "_id": "58b8dc3d95d0e024902fd45c", "pub_date": "2017-03-03T03:00:03+0000", "lead_paragraph": "Take the edge off your week with a crunchy Patrick Berry puzzle.", "section_name": "Crosswords & Games", "type_of_material": "News", "snippet": "Take the edge off your week with a crunchy Patrick Berry puzzle....", "document_type": "article", "headline": {"main": "Anti-Black Slur in Stamford Is Painted Over After Two Months", "print_headline": "Anti-Black Slur in Stamford Is Painted Over After Two Months"}}]