[{"web_url": "https://www.nytimes.com/2017/03/02/arts/design/the-12-lives-of-mike-white-hollywood-screenwriter.html", "source": "The New York Times", "_id": "58b8968b95d0e024902fd3ac", "pub_date": "2017-03-02T22:02:41+0000", "lead_paragraph": "Taking a tip from Shirley MacLaine, the screenwriter of \u201cChuck & Buck\u201d and \u201cSchool of Rock\u201d searched for his past lives, then put them on display.", "section_name": "Arts", "type_of_material": "News", "snippet": "Taking a tip from Shirley MacLaine, the screenwriter of \u201cChuck & Buck\u201d and \u201cSchool of Rock\u201d searched for his past lives, then put them on display....", "document_type": "article", "headline": {"main": "Ben Martin, Time Photographer Who Captured the 1960s, Dies at 86", "print_headline": "Ben Martin, Time Photographer Who Captured the 1960s, Dies at 86"}}]