[{"web_url": "https://www.nytimes.com/reuters/2017/03/02/us/politics/02reuters-usa-pence-email.html", "source": "Reuters", "_id": "58b8becc95d0e024902fd41f", "pub_date": "2017-03-03T00:54:28+0000", "lead_paragraph": "U.S. Vice President Mike Pence used a private email account to conduct public business as governor of Indiana, his office said in a statement on Thursday.", "section_name": "U.S.", "type_of_material": "News", "snippet": "U.S. Vice President Mike Pence used a private email account to conduct public business as governor of Indiana, his office said in a statement on Thursday....", "document_type": "article", "headline": {"main": "David Rubinger, 92, Photographer Who Chronicled Israeli History, Dies", "print_headline": "David Rubinger, Who Captured Israeli History, Dies at 92"}}]