[{"web_url": "https://www.nytimes.com/aponline/2017/03/02/us/ap-us-montana-special-election.html", "source": "AP", "_id": "58b85f6695d0e024902fd2f7", "pub_date": "2017-03-02T18:07:27+0000", "lead_paragraph": "Technology entrepreneur Greg Gianforte says he has commitments from enough delegates to secure the Republican nomination for Ryan Zinke's former seat in the U.S. House, but another Montana contender said Thursday he doesn't believe Gianforte has the votes locked down.", "section_name": "U.S.", "type_of_material": "News", "snippet": "Technology entrepreneur Greg Gianforte says he has commitments from enough delegates to secure the Republican nomination for Ryan Zinke's former seat in the U.S. House, but another Montana contender said Thursday he doesn't believe Gianforte has t...", "document_type": "article", "headline": {"main": "Trump Win Probably Didn\u2019t Cause Canadian Immigration Website\u2019s Crash", "print_headline": "Trump Win Probably Didn\u2019t Cause Canadian Immigration Website\u2019s Crash"}}]