[{"web_url": "https://www.nytimes.com/aponline/2017/03/02/us/ap-us-college-speaker-controversy.html", "source": "AP", "_id": "58b8a17695d0e024902fd3d4", "pub_date": "2017-03-02T22:49:17+0000", "lead_paragraph": "Hundreds of college students on Thursday protested a lecture by a writer some called a white nationalist, forcing the college to move his talk to an undisclosed campus location from which it was live-streamed to the original venue but couldn't be heard above protesters' chants, feet stamping and occasional smoke alarms.", "section_name": "U.S.", "type_of_material": "News", "snippet": "Hundreds of college students on Thursday protested a lecture by a writer some called a white nationalist, forcing the college to move his talk to an undisclosed campus location from which it was live-streamed to the original venue but couldn't be ...", "document_type": "article", "headline": {"main": "Eight-Year-Old Canadian Goalie's Dance Moves Go Viral", "print_headline": "Eight-Year-Old Canadian Goalie's Dance Moves Go Viral"}}]