[{"web_url": "https://www.nytimes.com/video/movies/100000004952423/trailer-the-human-surge.html", "source": "Internet Video Archive", "_id": "58b896c995d0e024902fd3ae", "pub_date": "2017-03-02T22:03:08+0000", "lead_paragraph": "A preview of the film.", "section_name": "Movies", "type_of_material": "Video", "snippet": "A preview of the film....", "document_type": "multimedia", "headline": {"main": "Ben Martin, Time Photographer Who Captured the 1960s, Dies at 86", "print_headline": "Ben Martin, Time Photographer Who Captured the 1960s, Dies at 86"}}]