[{"web_url": "https://www.nytimes.com/2017/03/02/dining/danny-meyer-restaurant-financial-district.html", "source": "The New York Times", "_id": "58b8787895d0e024902fd34a", "pub_date": "2017-03-02T19:54:23+0000", "lead_paragraph": "Union Square Hospitality Group will run a restaurant and rooms for private events at the top of the former One Chase Manhattan Plaza, now known as 28 Liberty.", "section_name": "Food", "type_of_material": "News", "snippet": "Union Square Hospitality Group will run a restaurant and rooms for private events at the top of the former One Chase Manhattan Plaza, now known as 28 Liberty....", "document_type": "article", "headline": {"main": "UK Banks Need to Build Operations in EU Post-Brexit-ECB", "print_headline": "UK Banks Need to Build Operations in EU Post-Brexit-ECB"}}]