[{"web_url": "https://www.nytimes.com/2017/03/02/world/europe/russia-dmitri-medvedev-aleksei-navalny.html", "source": "The New York Times", "_id": "58b87cc995d0e024902fd35a", "pub_date": "2017-03-02T20:12:51+0000", "lead_paragraph": "Alexei A. Navalny, an anticorruption crusader, said in a report that Mr. Medvedev had amassed a lavish empire of luxury properties, yachts and a vineyard in Italy.", "section_name": "World", "type_of_material": "News", "snippet": "Alexei A. Navalny, an anticorruption crusader, said in a report that Mr. Medvedev had amassed a lavish empire of luxury properties, yachts and a vineyard in Italy....", "document_type": "article", "headline": {"main": "Review: The New York Philharmonic Plays a Piece Inspired by Night", "print_headline": "The Goddess of Night Is Also a Muse"}}]