[{"web_url": "https://www.nytimes.com/aponline/2017/03/02/us/ap-us-doctor-charged-pain-pills.html", "source": "AP", "_id": "58b86a0095d0e024902fd31a", "pub_date": "2017-03-02T18:52:45+0000", "lead_paragraph": "A New Jersey doctor was indicted Thursday on charges that he sold prescriptions for addictive opioid painkillers to people who had no medical need for them, including one man who died from an overdose.", "section_name": "U.S.", "type_of_material": "News", "snippet": "A New Jersey doctor was indicted Thursday on charges that he sold prescriptions for addictive opioid painkillers to people who had no medical need for them, including one man who died from an overdose....", "document_type": "article", "headline": {"main": "Apple, IBM, Microsoft Back Transgender Teen at Supreme Court", "print_headline": "Apple, IBM, Microsoft Back Transgender Teen at Supreme Court"}}]