[{"web_url": "https://www.nytimes.com/aponline/2017/03/02/sports/ncaafootball/ap-fbc-baylor-sexual-assault-investigation.html", "source": "AP", "_id": "58b87e3295d0e024902fd35f", "pub_date": "2017-03-02T20:18:53+0000", "lead_paragraph": "Breaking months of public silence, former Baylor coach Art Briles said Thursday he could no longer \"remain silent\" and insisted he did not cover up sexual violence by his players or try to obstruct any investigations tied to the assault scandal at the nation's largest Baptist university.", "section_name": "Sports", "type_of_material": "News", "snippet": "Breaking months of public silence, former Baylor coach Art Briles said Thursday he could no longer \"remain silent\" and insisted he did not cover up sexual violence by his players or try to obstruct any investigations tied to the assault scandal at...", "document_type": "article", "headline": {"main": "Review: The New York Philharmonic Plays a Piece Inspired by Night", "print_headline": "The Goddess of Night Is Also a Muse"}}]