[{"web_url": "https://www.nytimes.com/2017/03/02/opinion/betsy-devoss-power-over-black-colleges.html", "source": "The New York Times", "_id": "58b87c1095d0e024902fd359", "pub_date": "2017-03-02T20:09:44+0000", "lead_paragraph": "Her comments about H.B.C.U.s were troubling, but it\u2019s her approach to the budget that will determine whether she\u2019s a friend or foe.", "section_name": "Opinion", "type_of_material": "Op-Ed", "snippet": "Her comments about H.B.C.U.s were troubling, but it\u2019s her approach to the budget that will determine whether she\u2019s a friend or foe....", "document_type": "article", "headline": {"main": "Review: The New York Philharmonic Plays a Piece Inspired by Night", "print_headline": "The Goddess of Night Is Also a Muse"}}]