[{"web_url": "https://www.nytimes.com/2017/03/02/world/canada/canada-immigration-website-crash.html", "source": "The New York Times", "_id": "58b8603b95d0e024902fd2f9", "pub_date": "2017-03-02T18:11:00+0000", "lead_paragraph": "The malfunction on election night was linked on social media to despondent Americans hoping to emigrate. It was more likely an unrelated travel program deadline.", "section_name": "World", "type_of_material": "News", "snippet": "The malfunction on election night was linked on social media to despondent Americans hoping to emigrate. It was more likely an unrelated travel program deadline....", "document_type": "article", "headline": {"main": "Trump Win Probably Didn\u2019t Cause Canadian Immigration Website\u2019s Crash", "print_headline": "Trump Win Probably Didn\u2019t Cause Canadian Immigration Website\u2019s Crash"}}]