[{"web_url": "https://www.nytimes.com/2017/03/02/arts/review-the-new-york-philharmonic-plays-a-piece-inspired-by-night.html", "source": "The New York Times", "_id": "58b87ead95d0e024902fd360", "pub_date": "2017-03-02T20:20:57+0000", "lead_paragraph": "\u201cNYx: Fractured Dreams\u201c by Lera Auerbach and Mahler\u2019s Fourth Symphony were conducted by Alan Gilbert on Wednesday.", "section_name": "Arts", "type_of_material": "Review", "snippet": "\u201cNYx: Fractured Dreams\u201c by Lera Auerbach and Mahler\u2019s Fourth Symphony were conducted by Alan Gilbert on Wednesday....", "document_type": "article", "headline": {"main": "Review: The New York Philharmonic Plays a Piece Inspired by Night", "print_headline": "The Goddess of Night Is Also a Muse"}}]