[{"web_url": "https://www.nytimes.com/aponline/2017/03/02/us/ap-us-bar-shooting-kansas-survivor-released.html", "source": "AP", "_id": "58b8bee195d0e024902fd421", "pub_date": "2017-03-03T00:54:54+0000", "lead_paragraph": "A Kansas man who survived an apparently racially motivated shooting at a suburban Kansas City restaurant and bar is out of the hospital and has already visited the scene of the attack.", "section_name": "U.S.", "type_of_material": "News", "snippet": "A Kansas man who survived an apparently racially motivated shooting at a suburban Kansas City restaurant and bar is out of the hospital and has already visited the scene of the attack....", "document_type": "article", "headline": {"main": "David Rubinger, 92, Photographer Who Chronicled Israeli History, Dies", "print_headline": "David Rubinger, Who Captured Israeli History, Dies at 92"}}]