[{"web_url": "https://www.nytimes.com/aponline/2017/03/03/us/ap-us-harvard-slavery.html", "source": "AP", "_id": "58b8fe1895d0e024902fd488", "pub_date": "2017-03-03T05:24:37+0000", "lead_paragraph": "Harvard University publicly acknowledged its deep ties to colonial-era slavery on Friday, casting a light on parts of its history that long remained in the shadows.", "section_name": "U.S.", "type_of_material": "News", "snippet": "Harvard University publicly acknowledged its deep ties to colonial-era slavery on Friday, casting a light on parts of its history that long remained in the shadows....", "document_type": "article", "headline": {"main": "What\u2019s on TV Friday: \u2018Fire at Sea\u2019 and \u2018Vice: Trans Youth\u2019", "print_headline": "What\u2019s on Friday"}}]