[{"web_url": "https://www.nytimes.com/aponline/2017/03/02/us/ap-us-trump-taunts.html", "source": "AP", "_id": "58b8405595d0e024902fd282", "pub_date": "2017-03-02T15:54:46+0000", "lead_paragraph": "The principal of a suburban Connecticut high school says some of his students crossed the line into hate speech when they taunted basketball players from a predominantly black and Latino school with chants of \"Trump, Trump, Trump!\"", "section_name": "U.S.", "type_of_material": "News", "snippet": "The principal of a suburban Connecticut high school says some of his students crossed the line into hate speech when they taunted basketball players from a predominantly black and Latino school with chants of \"Trump, Trump, Trump!\"...", "document_type": "article", "headline": {"main": "Murray Survives Seven Match Points in Dubai Quarterfinals", "print_headline": "Murray Survives Seven Match Points in Dubai Quarterfinals"}}]