[{"web_url": "https://www.nytimes.com/aponline/2017/03/02/sports/ncaabasketball/ap-bkw-t25-acc-north-carolina-syracuse.html", "source": "AP", "_id": "58b8e90c95d0e024902fd471", "pub_date": "2017-03-03T03:54:44+0000", "lead_paragraph": "Alexis Peterson made four 3-pointers and scored 29 points and 21st-ranked Syracuse defeated North Carolina 83-64 in the second round of the ACC Tournament on Saturday night.", "section_name": "Sports", "type_of_material": "News", "snippet": "Alexis Peterson made four 3-pointers and scored 29 points and 21st-ranked Syracuse defeated North Carolina 83-64 in the second round of the ACC Tournament on Saturday night....", "document_type": "article", "headline": {"main": "Brandon Marshall Is Expected to Join Growing List of Jets\u2019 Castoffs", "print_headline": "Marshall Is Expected to Join Growing List of Jets\u2019 Castoffs"}}]