[{"web_url": "https://www.nytimes.com/aponline/2017/03/02/us/ap-us-christie-traffic-jams-complaint.html", "source": "AP", "_id": "58b88c3a95d0e024902fd382", "pub_date": "2017-03-02T21:18:45+0000", "lead_paragraph": "For the second time, a New Jersey prosecutor has declined to pursue a resident's criminal misconduct case against Republican Gov. Chris Christie over the George Washington Bridge lane closure scandal.", "section_name": "U.S.", "type_of_material": "News", "snippet": "For the second time, a New Jersey prosecutor has declined to pursue a resident's criminal misconduct case against Republican Gov. Chris Christie over the George Washington Bridge lane closure scandal....", "document_type": "article", "headline": {"main": "U.S. Prosecutors Fight Ruling Limiting Foreign Bribery Cases", "print_headline": "U.S. Prosecutors Fight Ruling Limiting Foreign Bribery Cases"}}]