[{"web_url": "https://www.nytimes.com/aponline/2017/03/02/us/ap-us-harvard-journalism-prize.html", "source": "AP", "_id": "58b8bee795d0e024902fd422", "pub_date": "2017-03-03T00:54:54+0000", "lead_paragraph": "Mother Jones senior reporter Shane Bauer has won a $25,000 prize from Harvard University for an investigative report that exposed mismanagement in private prisons.", "section_name": "U.S.", "type_of_material": "News", "snippet": "Mother Jones senior reporter Shane Bauer has won a $25,000 prize from Harvard University for an investigative report that exposed mismanagement in private prisons....", "document_type": "article", "headline": {"main": "David Rubinger, 92, Photographer Who Chronicled Israeli History, Dies", "print_headline": "David Rubinger, Who Captured Israeli History, Dies at 92"}}]