[{"web_url": "http://iht-retrospective.blogs.nytimes.com/2017/03/02/1967-kennedys-plan-quit-bombing-negotiate-now/", "source": "The New York Times", "_id": "58b8430d95d0e024902fd288", "pub_date": "2017-03-02T16:05:27+0000", "lead_paragraph": null, "section_name": "World", "type_of_material": "Blog", "snippet": "Senator Robert Kennedy proposed that the United States halt the bombing of North Vietnam, and open peace talks with the Communists instead....", "document_type": "blogpost", "headline": {"main": "Murray Survives Seven Match Points in Dubai Quarterfinals", "print_headline": "Murray Survives Seven Match Points in Dubai Quarterfinals"}}]