[{"web_url": "https://www.nytimes.com/aponline/2017/03/02/us/politics/ap-us-congress-pentagon-budget.html", "source": "AP", "_id": "58b85cbb95d0e024902fd2f1", "pub_date": "2017-03-02T17:56:05+0000", "lead_paragraph": "Lawmakers on Thursday unveiled a $578 billion spending bill to keep the U.S. armed forces operating through September as President Donald Trump has vowed to add billions more for what he's described as a depleted American military.", "section_name": "U.S.", "type_of_material": "News", "snippet": "Lawmakers on Thursday unveiled a $578 billion spending bill to keep the U.S. armed forces operating through September as President Donald Trump has vowed to add billions more for what he's described as a depleted American military....", "document_type": "article", "headline": {"main": "Trump Win Probably Didn\u2019t Cause Canadian Immigration Website\u2019s Crash", "print_headline": "Trump Win Probably Didn\u2019t Cause Canadian Immigration Website\u2019s Crash"}}]