[{"web_url": "https://www.nytimes.com/aponline/2017/03/02/us/ap-us-beau-bidens-widow-brother.html", "source": "AP", "_id": "58b88e5a95d0e024902fd387", "pub_date": "2017-03-02T21:27:51+0000", "lead_paragraph": "The estranged wife of former Vice President Joe Biden's youngest son, Hunter Biden, claims he squandered the couple's money on drugs, alcohol and prostitutes since the couple separated in 2015.", "section_name": "U.S.", "type_of_material": "News", "snippet": "The estranged wife of former Vice President Joe Biden's youngest son, Hunter Biden, claims he squandered the couple's money on drugs, alcohol and prostitutes since the couple separated in 2015....", "document_type": "article", "headline": {"main": "U.S. Prosecutors Fight Ruling Limiting Foreign Bribery Cases", "print_headline": "U.S. Prosecutors Fight Ruling Limiting Foreign Bribery Cases"}}]