[{"web_url": "https://www.nytimes.com/aponline/2017/03/02/us/ap-us-locker-room-assault-judge.html", "source": "AP", "_id": "58b8af6595d0e024902fd3fa", "pub_date": "2017-03-02T23:48:47+0000", "lead_paragraph": "The panel that disciplines judges in Idaho says it has not received any verified complaints against the judge who sentenced a teen to probation for sexually assaulting a high school football teammate.", "section_name": "U.S.", "type_of_material": "News", "snippet": "The panel that disciplines judges in Idaho says it has not received any verified complaints against the judge who sentenced a teen to probation for sexually assaulting a high school football teammate....", "document_type": "article", "headline": {"main": "Fun-Loving South African Golfer Hobday Dies at 76", "print_headline": "Fun-Loving South African Golfer Hobday Dies at 76"}}]