[{"web_url": "https://www.nytimes.com/aponline/2017/03/02/us/ap-us-pneumonia-death-parents-charged.html", "source": "AP", "_id": "58b8854995d0e024902fd370", "pub_date": "2017-03-02T20:49:10+0000", "lead_paragraph": "The pastor of a church that shuns modern medicine was charged with a felony Thursday in his toddler granddaughter's death from pneumonia, joining his son and daughter-in-law as defendants in the latest criminal case involving the Christian fundamentalist sect.", "section_name": "U.S.", "type_of_material": "News", "snippet": "The pastor of a church that shuns modern medicine was charged with a felony Thursday in his toddler granddaughter's death from pneumonia, joining his son and daughter-in-law as defendants in the latest criminal case involving the Christian fundame...", "document_type": "article", "headline": {"kicker": "Behind the Poster", "main": "Who\u2019s That on the Grill in \u2018Barbecue\u2019?", "print_headline": "", "content_kicker": "Behind the Poster"}}]