[{"web_url": "https://www.nytimes.com/reuters/2017/03/02/world/europe/02reuters-usa-trump-russia-pelosi.html", "source": "Reuters", "_id": "58b82c8f95d0e024902fd234", "pub_date": "2017-03-02T14:30:32+0000", "lead_paragraph": "House of Representatives Democratic leader Nancy Pelosi said on Thursday that Attorney General Jeff Sessions \"lied under oath\" and called for his resignation or removal from office.", "section_name": "World", "type_of_material": "News", "snippet": "House of Representatives Democratic leader Nancy Pelosi said on Thursday that Attorney General Jeff Sessions \"lied under oath\" and called for his resignation or removal from office....", "document_type": "article", "headline": {"main": "Vintage Western Phone Brands Resurrected by Chinese Players", "print_headline": "Vintage Western Phone Brands Resurrected by Chinese Players"}}]