[{"web_url": "https://www.nytimes.com/reuters/2017/03/02/world/europe/02reuters-europe-migrants-hungary-fence.html", "source": "Reuters", "_id": "58b86b2395d0e024902fd31d", "pub_date": "2017-03-02T18:57:29+0000", "lead_paragraph": "A daunting new barrier is beginning to loom over Hungary's southern border, capable of delivering electric shocks to unwanted migrants and armed with heat sensors, cameras, and loudspeakers that blare in several languages.", "section_name": "World", "type_of_material": "News", "snippet": "A daunting new barrier is beginning to loom over Hungary's southern border, capable of delivering electric shocks to unwanted migrants and armed with heat sensors, cameras, and loudspeakers that blare in several languages....", "document_type": "article", "headline": {"main": "Apple, IBM, Microsoft Back Transgender Teen at Supreme Court", "print_headline": "Apple, IBM, Microsoft Back Transgender Teen at Supreme Court"}}]