[{"web_url": "https://www.nytimes.com/reuters/2017/03/02/world/asia/02reuters-southchinasea-china-ship.html", "source": "Reuters", "_id": "58b8d76395d0e024902fd456", "pub_date": "2017-03-03T02:39:27+0000", "lead_paragraph": "A new Chinese cruise ship has embarked on its maiden voyage to the disputed Paracel Islands in the South China Sea, state news agency Xinhua said on Friday, the latest effort by Beijing to bolster its claims in the strategic waterway.", "section_name": "World", "type_of_material": "News", "snippet": "A new Chinese cruise ship has embarked on its maiden voyage to the disputed Paracel Islands in the South China Sea, state news agency Xinhua said on Friday, the latest effort by Beijing to bolster its claims in the strategic waterway....", "document_type": "article", "headline": {"main": "Anti-Black Slur in Stamford Is Painted Over After Two Months", "print_headline": "Anti-Black Slur in Stamford Is Painted Over After Two Months"}}]