[{"web_url": "https://www.nytimes.com/aponline/2017/03/03/us/ap-us-attorney-general-trial.html", "source": "AP", "_id": "58b9263495d0e024902fd4bd", "pub_date": "2017-03-03T08:15:42+0000", "lead_paragraph": "Two former Utah attorneys general who avoided convictions in a bribery case that was one of the highest-profile scandals in state history said Friday they were naive and made missteps but that the justice system got it right in not convicting them.", "section_name": "U.S.", "type_of_material": "News", "snippet": "Two former Utah attorneys general who avoided convictions in a bribery case that was one of the highest-profile scandals in state history said Friday they were naive and made missteps but that the justice system got it right in not convicting them...", "document_type": "article", "headline": {"print_headline": "A Great New Accidental Renaissance", "main": "A Great New Accidental Renaissance", "kicker": "Contributing Op-Ed Writer", "content_kicker": "Contributing Op-Ed Writer"}}]