[{"web_url": "https://www.nytimes.com/aponline/2017/03/03/us/ap-financial-markets-markets-right-now.html", "source": "AP", "_id": "58b980e595d0e024902fd5d0", "pub_date": "2017-03-03T14:42:41+0000", "lead_paragraph": "The latest on developments in financial markets (All times local):", "section_name": "U.S.", "type_of_material": "News", "snippet": "The latest on developments in financial markets (All times local):...", "document_type": "article", "headline": {"main": "Moroccan Designer's Embroidery School Revives Fading Art", "print_headline": "Moroccan Designer's Embroidery School Revives Fading Art"}}]