[{"web_url": "https://www.nytimes.com/reuters/2017/03/03/world/europe/03reuters-britain-eu-davis.html", "source": "Reuters", "_id": "58b9489f95d0e024902fd532", "pub_date": "2017-03-03T10:42:33+0000", "lead_paragraph": "Britain will trigger the legal process for leaving the European Union by the end of March, Brexit minister David Davis said on Friday.", "section_name": "World", "type_of_material": "News", "snippet": "Britain will trigger the legal process for leaving the European Union by the end of March, Brexit minister David Davis said on Friday....", "document_type": "article", "headline": {"main": "WH Defends Pence's Use of Private Email While Governor", "print_headline": "WH Defends Pence's Use of Private Email While Governor"}}]