[{"web_url": "https://www.nytimes.com/reuters/2017/03/03/us/03reuters-utah-crime.html", "source": "Reuters", "_id": "58b90a0695d0e024902fd493", "pub_date": "2017-03-03T06:15:27+0000", "lead_paragraph": "A former Utah attorney general was found not guilty on Thursday of bribery and corruption charges after he was accused in a pay-to-play graft scandal, media said. ", "section_name": "U.S.", "type_of_material": "News", "snippet": "A former Utah attorney general was found not guilty on Thursday of bribery and corruption charges after he was accused in a pay-to-play graft scandal, media said....", "document_type": "article", "headline": {"main": "Lillard Scores 33 as Trail Blazers Beat Thunder 114-109", "print_headline": "Lillard Scores 33 as Trail Blazers Beat Thunder 114-109"}}]