[{"web_url": "https://www.nytimes.com/aponline/2017/03/03/world/asia/ap-as-afghanistan-.html", "source": "AP", "_id": "58b9527e95d0e024902fd558", "pub_date": "2017-03-03T11:24:37+0000", "lead_paragraph": "Afghan government forces have recaptured the Tala Wa Barfak district from the Taliban after heavy fighting in northern Baghlan province.", "section_name": "World", "type_of_material": "News", "snippet": "Afghan government forces have recaptured the Tala Wa Barfak district from the Taliban after heavy fighting in northern Baghlan province....", "document_type": "article", "headline": {"main": "Government Forces Recapture Northern Afghanistan District", "print_headline": "Government Forces Recapture Northern Afghanistan District"}}]