[{"web_url": "https://www.nytimes.com/aponline/2017/03/03/world/europe/ap-eu-france-fillon.html", "source": "AP", "_id": "58b9577195d0e024902fd560", "pub_date": "2017-03-03T11:45:48+0000", "lead_paragraph": "The once promising presidential bid of French conservative Francois Fillon, already seriously hobbled by pending corruption charges, was coming unraveled Friday with the resignation of his campaign director and his campaign spokesman, adding momentum to a stream of defections and panicking his party.", "section_name": "World", "type_of_material": "News", "snippet": "The once promising presidential bid of French conservative Francois Fillon, already seriously hobbled by pending corruption charges, was coming unraveled Friday with the resignation of his campaign director and his campaign spokesman, adding momen...", "document_type": "article", "headline": {"main": "McAuley Closing In on New West Brom Deal", "print_headline": "McAuley Closing In on New West Brom Deal"}}]