[{"web_url": "https://www.nytimes.com/reuters/2017/03/03/sports/soccer/03reuters-soccer-france-kopa.html", "source": "Reuters", "_id": "58b9321a95d0e024902fd4e3", "pub_date": "2017-03-03T09:06:28+0000", "lead_paragraph": "Former France soccer great Raymond Kopa, who won three European Cups with Real Madrid in the 1950s, died at the age of 85 on Friday.", "section_name": "Sports", "type_of_material": "News", "snippet": "Former France soccer great Raymond Kopa, who won three European Cups with Real Madrid in the 1950s, died at the age of 85 on Friday....", "document_type": "article", "headline": {"main": "North Korean Suspect in Airport Murder to Be Deported From Malaysia and Not Allowed Back", "print_headline": "North Korean Suspect in Airport Murder to Be Deported From Malaysia and Not Allowed Back"}}]