[{"web_url": "https://www.nytimes.com/reuters/2017/03/03/sports/tennis/03reuters-tennis-men-acapulco.html", "source": "Reuters", "_id": "58b90d8b95d0e024902fd499", "pub_date": "2017-03-03T06:30:28+0000", "lead_paragraph": "Nick Kyrgios served like a demon to bounce Serbia's world number two and top seed Novak Djokovic out of the quarter-finals of the Acapulco International with a 7-6(9) 7-5 victory on Thursday.", "section_name": "Sports", "type_of_material": "News", "snippet": "Nick Kyrgios served like a demon to bounce Serbia's world number two and top seed Novak Djokovic out of the quarter-finals of the Acapulco International with a 7-6(9) 7-5 victory on Thursday....", "document_type": "article", "headline": {"main": "Lillard Scores 33 as Trail Blazers Beat Thunder 114-109", "print_headline": "Lillard Scores 33 as Trail Blazers Beat Thunder 114-109"}}]