[{"web_url": "https://www.nytimes.com/reuters/2017/03/03/business/03reuters-autoshow-geneva-nissan-infiniti.html", "source": "Reuters", "_id": "58b94c1e95d0e024902fd53d", "pub_date": "2017-03-03T10:57:29+0000", "lead_paragraph": "Infiniti, Nissan Motor Co's premium brand, will display a concept car at next week's Geneva motor show that will hint at a new \"Formula One-inspired\" high-performance model based on its Q60 coupe.", "section_name": "Business Day", "type_of_material": "News", "snippet": "Infiniti, Nissan Motor Co's premium brand, will display a concept car at next week's Geneva motor show that will hint at a new \"Formula One-inspired\" high-performance model based on its Q60 coupe....", "document_type": "article", "headline": {"print_headline": "Where Stylishness Is a Priority", "main": "A Stylish Base in Paris for Exploring the Right Bank", "kicker": "Check In", "content_kicker": "Check In"}}]