[{"web_url": "https://www.nytimes.com/2017/03/03/nyregion/new-york-today-nyc-snow-salt-spreaders-plows.html", "source": "The New York Times", "_id": "58b94c1595d0e024902fd53c", "pub_date": "2017-03-03T10:57:16+0000", "lead_paragraph": "Friday: Return of the snowflakes, weekend events and a milestone at Gracie Mansion.", "section_name": "N.Y. / Region", "type_of_material": "briefing", "snippet": "Friday: Return of the snowflakes, weekend events and a milestone at Gracie Mansion....", "document_type": "article", "headline": {"print_headline": "Where Stylishness Is a Priority", "main": "A Stylish Base in Paris for Exploring the Right Bank", "kicker": "Check In", "content_kicker": "Check In"}}]