[{"web_url": "https://www.nytimes.com/aponline/2017/03/03/world/europe/ap-eu-tunisia-germany.html", "source": "AP", "_id": "58b98fac95d0e024902fd604", "pub_date": "2017-03-03T15:45:45+0000", "lead_paragraph": "Tunisia agreed Friday to speed its acceptance of 1,500 citizens whose asylum applications were rejected by Germany, accepting a 250-million-euro ($264 million) loan to help develop rural regions and create jobs for young people.", "section_name": "World", "type_of_material": "News", "snippet": "Tunisia agreed Friday to speed its acceptance of 1,500 citizens whose asylum applications were rejected by Germany, accepting a 250-million-euro ($264 million) loan to help develop rural regions and create jobs for young people....", "document_type": "article", "headline": {"main": "Queen Elizabeth Marks St David's Day With Leek Gifts", "print_headline": "Queen Elizabeth Marks St David's Day With Leek Gifts"}}]