[{"web_url": "https://www.nytimes.com/reuters/2017/03/03/world/europe/03reuters-nireland-politics-election.html", "source": "Reuters", "_id": "58b9370695d0e024902fd4ed", "pub_date": "2017-03-03T09:27:30+0000", "lead_paragraph": "Irish nationalists Sinn Fein and the pro-British Democratic Unionist Party were neck-and-neck on Friday almost halfway through the counting of votes in a snap election that could dramatically shift the balance of power in Northern Ireland.", "section_name": "World", "type_of_material": "News", "snippet": "Irish nationalists Sinn Fein and the pro-British Democratic Unionist Party were neck-and-neck on Friday almost halfway through the counting of votes in a snap election that could dramatically shift the balance of power in Northern Ireland....", "document_type": "article", "headline": {"main": "Peak Gasoline Demand Looms With Engine Efficiency Gains", "print_headline": "Peak Gasoline Demand Looms With Engine Efficiency Gains"}}]