[{"web_url": "https://www.nytimes.com/2017/03/03/upshot/obamacare-got-their-goat-an-illustrated-guide-to-republicans-metaphors.html", "source": "The New York Times", "_id": "58b945af95d0e024902fd52a", "pub_date": "2017-03-03T10:30:03+0000", "lead_paragraph": "Health care legislation is complicated. And efforts to sum it up in a vivid, memorable phrase can result in images that verge on the surreal.", "section_name": "The Upshot", "type_of_material": "News", "snippet": "Health care legislation is complicated. And efforts to sum it up in a vivid, memorable phrase can result in images that verge on the surreal....", "document_type": "article", "headline": {"main": "There Is No Economic Case for Breaking Up the United Kingdom, Says May", "print_headline": "There Is No Economic Case for Breaking Up the United Kingdom, Says May"}}]