[{"web_url": "https://www.nytimes.com/aponline/2017/03/03/world/europe/ap-eu-hungary-media.html", "source": "AP", "_id": "58b9744095d0e024902fd5b1", "pub_date": "2017-03-03T13:48:41+0000", "lead_paragraph": "A close ally of Hungarian Prime Minister Viktor Orban has acquired an ownership stake in a major print and online media company, adding weight to suspicions that the company's closure of the largest opposition newspaper last year was politically motivated.", "section_name": "World", "type_of_material": "News", "snippet": "A close ally of Hungarian Prime Minister Viktor Orban has acquired an ownership stake in a major print and online media company, adding weight to suspicions that the company's closure of the largest opposition newspaper last year was politically m...", "document_type": "article", "headline": {"print_headline": "Money Worries", "main": "Money Worries for Retired Women", "kicker": "", "content_kicker": ""}}]