[{"web_url": "https://www.nytimes.com/reuters/2017/03/03/world/europe/03reuters-mideast-crisis-syria-makdissi.html", "source": "Reuters", "_id": "58b9575f95d0e024902fd55d", "pub_date": "2017-03-03T11:45:29+0000", "lead_paragraph": "The head of a Syrian dissident group at peace talks in Geneva said on Friday that the United Nations was likely to conclude eight days of negotiations later in the day and outline an agenda, format and date for the next round.", "section_name": "World", "type_of_material": "News", "snippet": "The head of a Syrian dissident group at peace talks in Geneva said on Friday that the United Nations was likely to conclude eight days of negotiations later in the day and outline an agenda, format and date for the next round....", "document_type": "article", "headline": {"main": "McAuley Closing In on New West Brom Deal", "print_headline": "McAuley Closing In on New West Brom Deal"}}]