[{"web_url": "https://www.nytimes.com/aponline/2017/03/03/us/ap-us-atlanta-jewish-community-hate.html", "source": "AP", "_id": "58b924c195d0e024902fd4ba", "pub_date": "2017-03-03T08:09:33+0000", "lead_paragraph": "Amid a surge of bomb threats and vandalism at Jewish institutions nationwide, members of Atlanta's Jewish community have felt a familiar wave of apprehension about what may come next.", "section_name": "U.S.", "type_of_material": "News", "snippet": "Amid a surge of bomb threats and vandalism at Jewish institutions nationwide, members of Atlanta's Jewish community have felt a familiar wave of apprehension about what may come next....", "document_type": "article", "headline": {"print_headline": "A Great New Accidental Renaissance", "main": "A Great New Accidental Renaissance", "kicker": "Contributing Op-Ed Writer", "content_kicker": "Contributing Op-Ed Writer"}}]