[{"web_url": "https://www.nytimes.com/2017/03/03/t-magazine/entertainment/suzanne-vega-favorite-books-list.html", "source": "The New York Times", "_id": "58b976fa95d0e024902fd5b8", "pub_date": "2017-03-03T14:00:15+0000", "lead_paragraph": "The singer shares the titles she would most want with her on a desert island.", "section_name": "T Magazine", "type_of_material": "News", "snippet": "The singer shares the titles she would most want with her on a desert island....", "document_type": "article", "headline": {"main": "South Africa's Zuma Won't Suspend Prosecutor Over Gordhan Charges", "print_headline": "South Africa's Zuma Won't Suspend Prosecutor Over Gordhan Charges"}}]