[{"web_url": "https://www.nytimes.com/2017/03/03/opinion/sunday/how-donald-trump-wins-by-losing.html", "source": "The New York Times", "_id": "58b987c695d0e024902fd5eb", "pub_date": "2017-03-03T15:12:03+0000", "lead_paragraph": "Donald Trump has waged almost continual warfare against his critics. The result: more people are paying attention to the president than ever.", "section_name": "Opinion", "type_of_material": "Op-Ed", "snippet": "Donald Trump has waged almost continual warfare against his critics. The result: more people are paying attention to the president than ever....", "document_type": "article", "headline": {"main": "Daimler to Recall One Million Mercedes Globally After 51 Fires", "print_headline": "Daimler to Recall One Million Mercedes Globally After 51 Fires"}}]