[{"web_url": "https://www.nytimes.com/reuters/2017/03/03/world/asia/03reuters-kazakhstan-constitution.html", "source": "Reuters", "_id": "58b93f7695d0e024902fd513", "pub_date": "2017-03-03T10:03:29+0000", "lead_paragraph": "Kazakhstan's parliament on Friday provisionally approved amendments to the country's constitution to reduce presidential powers in favor of lawmakers and the cabinet, a move that could facilitate an eventual political transition.", "section_name": "World", "type_of_material": "News", "snippet": "Kazakhstan's parliament on Friday provisionally approved amendments to the country's constitution to reduce presidential powers in favor of lawmakers and the cabinet, a move that could facilitate an eventual political transition....", "document_type": "article", "headline": {"main": "Greece Seeks France's Help on Bailout, Eyes 2017 Bond 'Test'", "print_headline": "Greece Seeks France's Help on Bailout, Eyes 2017 Bond 'Test'"}}]