[{"web_url": "https://www.nytimes.com/reuters/2017/03/03/sports/cricket/03reuters-cricket-india-australia-smith.html", "source": "Reuters", "_id": "58b9387695d0e024902fd4f2", "pub_date": "2017-03-03T09:33:32+0000", "lead_paragraph": "Australia named an unchanged squad for the second test against India on Friday with skipper Steve Smith stressing on the need to post a big first innings total to strengthen their position in the four-match series.", "section_name": "Sports", "type_of_material": "News", "snippet": "Australia named an unchanged squad for the second test against India on Friday with skipper Steve Smith stressing on the need to post a big first innings total to strengthen their position in the four-match series....", "document_type": "article", "headline": {"main": "Peak Gasoline Demand Looms With Engine Efficiency Gains", "print_headline": "Peak Gasoline Demand Looms With Engine Efficiency Gains"}}]