[{"web_url": "https://www.nytimes.com/reuters/2017/03/03/business/03reuters-uber-britain-appeal.html", "source": "Reuters", "_id": "58b95fce95d0e024902fd578", "pub_date": "2017-03-03T12:21:28+0000", "lead_paragraph": "Taxi app Uber said it would appeal after it lost a legal attempt in London's High Court to stop the British capital's transport regulator from forcing private hire drivers to prove their reading and writing skills in English.", "section_name": "Business Day", "type_of_material": "News", "snippet": "Taxi app Uber said it would appeal after it lost a legal attempt in London's High Court to stop the British capital's transport regulator from forcing private hire drivers to prove their reading and writing skills in English....", "document_type": "article", "headline": {"main": "Kirkuk Oil Flows in Jeopardy Again as Kurdish Tensions Grow", "print_headline": "Kirkuk Oil Flows in Jeopardy Again as Kurdish Tensions Grow"}}]