[{"web_url": "https://www.nytimes.com/aponline/2017/03/03/world/asia/ap-as-malaysia-north-korea-the-latest.html", "source": "AP", "_id": "58b92a6d95d0e024902fd4d2", "pub_date": "2017-03-03T08:33:39+0000", "lead_paragraph": "The Latest on the investigation into the assassination of Kim Jong Nam, the estranged half brother of North Korea's leader, in Malaysia (all times local):", "section_name": "World", "type_of_material": "News", "snippet": "The Latest on the investigation into the assassination of Kim Jong Nam, the estranged half brother of North Korea's leader, in Malaysia (all times local):...", "document_type": "article", "headline": {"main": "WBC Hands Povetkin Suspension, $250,000 Fine in Doping Case", "print_headline": "WBC Hands Povetkin Suspension, $250,000 Fine in Doping Case"}}]