[{"web_url": "https://www.nytimes.com/reuters/2017/03/03/world/africa/03reuters-mozambique-violence.html", "source": "Reuters", "_id": "58b937be95d0e024902fd4ef", "pub_date": "2017-03-03T09:30:29+0000", "lead_paragraph": "Mozambique's Renamo opposition party and rebel movement extended a ceasefire by two months on Friday to allow further peace talks with President Filipe Nyusi's government, raising hopes of an end to years of tit-for-tat violence.", "section_name": "World", "type_of_material": "News", "snippet": "Mozambique's Renamo opposition party and rebel movement extended a ceasefire by two months on Friday to allow further peace talks with President Filipe Nyusi's government, raising hopes of an end to years of tit-for-tat violence....", "document_type": "article", "headline": {"main": "Peak Gasoline Demand Looms With Engine Efficiency Gains", "print_headline": "Peak Gasoline Demand Looms With Engine Efficiency Gains"}}]