[{"web_url": "https://www.nytimes.com/reuters/2017/03/03/sports/soccer/03reuters-soccer-england-sun-borini.html", "source": "Reuters", "_id": "58b9473a95d0e024902fd52f", "pub_date": "2017-03-03T10:36:31+0000", "lead_paragraph": "Sunderland forward Fabio Borini believes his relegation-threatened team can take advantage of Manchester City's \"shaky\" defence in Sunday's Premier League contest.", "section_name": "Sports", "type_of_material": "News", "snippet": "Sunderland forward Fabio Borini believes his relegation-threatened team can take advantage of Manchester City's \"shaky\" defence in Sunday's Premier League contest....", "document_type": "article", "headline": {"main": "There Is No Economic Case for Breaking Up the United Kingdom, Says May", "print_headline": "There Is No Economic Case for Breaking Up the United Kingdom, Says May"}}]