[{"web_url": "https://www.nytimes.com/reuters/2017/03/03/world/americas/03reuters-venezuela-health.html", "source": "Reuters", "_id": "58b972ce95d0e024902fd5ab", "pub_date": "2017-03-03T13:42:29+0000", "lead_paragraph": "Venezuelan plumber Marcos Heredia scoured 20 pharmacies in one day but could not find crucial medicines to stop his epileptic 8-year-old from convulsions that caused irreparable brain damage late last year.", "section_name": "World", "type_of_material": "News", "snippet": "Venezuelan plumber Marcos Heredia scoured 20 pharmacies in one day but could not find crucial medicines to stop his epileptic 8-year-old from convulsions that caused irreparable brain damage late last year....", "document_type": "article", "headline": {"main": "NBCUniversal Invested $500 Million in Snap Inc as Part of IPO", "print_headline": "NBCUniversal Invested $500 Million in Snap Inc as Part of IPO"}}]