[{"web_url": "https://www.nytimes.com/reuters/2017/03/03/world/asia/03reuters-northkorea-malaysia-kim.html", "source": "Reuters", "_id": "58b9365995d0e024902fd4ea", "pub_date": "2017-03-03T09:24:33+0000", "lead_paragraph": "Malaysia released on Friday a North Korean suspect in the murder of the estranged half-brother of North Korea's leader and prepared to deport him, while police issued an arrest warrant for another North Korean wanted in connection with the killing.", "section_name": "World", "type_of_material": "News", "snippet": "Malaysia released on Friday a North Korean suspect in the murder of the estranged half-brother of North Korea's leader and prepared to deport him, while police issued an arrest warrant for another North Korean wanted in connection with the killing...", "document_type": "article", "headline": {"main": "Peak Gasoline Demand Looms With Engine Efficiency Gains", "print_headline": "Peak Gasoline Demand Looms With Engine Efficiency Gains"}}]