[{"web_url": "https://www.nytimes.com/2017/03/03/learning/questions-for-before-vaquitas-vanish-a-desperate-bid-to-save-them.html", "source": "The New York Times", "_id": "58b91b7e95d0e024902fd4ad", "pub_date": "2017-03-03T07:30:02+0000", "lead_paragraph": "How is the strong resistance to eliminating gillnets contributing to the vaquitas\u2019 extinction?", "section_name": "The Learning Network", "type_of_material": "News", "snippet": "How is the strong resistance to eliminating gillnets contributing to the vaquitas\u2019 extinction?...", "document_type": "article", "headline": {"print_headline": "Questions for: \u2018Before Vaquitas Vanish, a Desperate Bid to Save Them\u2019", "main": "Questions for: \u2018Before Vaquitas Vanish, a Desperate Bid to Save Them\u2019", "kicker": "Article of the Day", "content_kicker": "Article of the Day"}}]