[{"web_url": "https://www.nytimes.com/reuters/2017/03/03/technology/03reuters-paytm-alibaba-investment.html", "source": "Reuters", "_id": "58b9473895d0e024902fd52e", "pub_date": "2017-03-03T10:36:34+0000", "lead_paragraph": "India's Paytm E-Commerce Pvt Ltd has raised $200 million from China's Alibaba Group Holding and venture capital fund SAIF Partners to expand its online retail business in a market dominated by homegrown Flipkart and U.S. tech giant Amazon.", "section_name": "Technology", "type_of_material": "News", "snippet": "India's Paytm E-Commerce Pvt Ltd has raised $200 million from China's Alibaba Group Holding and venture capital fund SAIF Partners to expand its online retail business in a market dominated by homegrown Flipkart and U.S. tech giant Amazon....", "document_type": "article", "headline": {"main": "There Is No Economic Case for Breaking Up the United Kingdom, Says May", "print_headline": "There Is No Economic Case for Breaking Up the United Kingdom, Says May"}}]