[{"web_url": "https://www.nytimes.com/aponline/2017/03/03/sports/baseball/ap-bbn-rockies-ardent-arenado.html", "source": "AP", "_id": "58b9236995d0e024902fd4b6", "pub_date": "2017-03-03T08:03:47+0000", "lead_paragraph": "Every once in a while, Nolan Arenado runs across a story that mentions his name and makes him shake his head.", "section_name": "Sports", "type_of_material": "News", "snippet": "Every once in a while, Nolan Arenado runs across a story that mentions his name and makes him shake his head....", "document_type": "article", "headline": {"main": "In Atlanta, Anti-Semitism Is Viewed Through Lens of History", "print_headline": "In Atlanta, Anti-Semitism Is Viewed Through Lens of History"}}]