[{"web_url": "https://www.nytimes.com/aponline/2017/03/03/us/ap-us-facebook-dying-man.html", "source": "AP", "_id": "58b95f2295d0e024902fd576", "pub_date": "2017-03-03T12:18:35+0000", "lead_paragraph": "Police in North Carolina say the person who livestreamed a dying man's final moments on Facebook won't be charged because no law was broken.", "section_name": "U.S.", "type_of_material": "News", "snippet": "Police in North Carolina say the person who livestreamed a dying man's final moments on Facebook won't be charged because no law was broken....", "document_type": "article", "headline": {"main": "Kirkuk Oil Flows in Jeopardy Again as Kurdish Tensions Grow", "print_headline": "Kirkuk Oil Flows in Jeopardy Again as Kurdish Tensions Grow"}}]