[{"web_url": "https://www.nytimes.com/reuters/2017/03/03/us/03reuters-usa-security-jewish-charges.html", "source": "Reuters", "_id": "58b9895295d0e024902fd5f3", "pub_date": "2017-03-03T15:18:35+0000", "lead_paragraph": "Prosecutors in New York charged a 31-year-old man in Missouri on Friday with making at least eight bomb threats against Jewish centers, officials said.", "section_name": "U.S.", "type_of_material": "News", "snippet": "Prosecutors in New York charged a 31-year-old man in Missouri on Friday with making at least eight bomb threats against Jewish centers, officials said....", "document_type": "article", "headline": {"main": "Trump to Host Germany's Merkel at the White House", "print_headline": "Trump to Host Germany's Merkel at the White House"}}]