[{"web_url": "https://www.nytimes.com/aponline/2017/03/03/us/ap-us-transgender-rights-yelp.html", "source": "AP", "_id": "58b98b7e95d0e024902fd5f9", "pub_date": "2017-03-03T15:27:51+0000", "lead_paragraph": "Yelp, the crowd-sourced company specializing in online reviews, is wading into the national debate over transgender people's bathroom access with a new feature that will enable consumers to search for businesses offering gender-neutral restrooms.", "section_name": "U.S.", "type_of_material": "News", "snippet": "Yelp, the crowd-sourced company specializing in online reviews, is wading into the national debate over transgender people's bathroom access with a new feature that will enable consumers to search for businesses offering gender-neutral restrooms....", "document_type": "article", "headline": {"main": "Trump to Host Germany's Merkel at the White House", "print_headline": "Trump to Host Germany's Merkel at the White House"}}]