[{"web_url": "https://www.nytimes.com/reuters/2017/03/03/sports/skiing/03reuters-nordic-world.html", "source": "Reuters", "_id": "58b97e1295d0e024902fd5c9", "pub_date": "2017-03-03T14:30:33+0000", "lead_paragraph": "Norway extended their dominance at the Nordic World Ski Championships on Friday when they held off a strong challenge from Russia to sweep to victory in the men's 4 x 10 km relay and claim their sixth gold medal in Lahti.  ", "section_name": "Sports", "type_of_material": "News", "snippet": "Norway extended their dominance at the Nordic World Ski Championships on Friday when they held off a strong challenge from Russia to sweep to victory in the men's 4 x 10 km relay and claim their sixth gold medal in Lahti....", "document_type": "article", "headline": {"print_headline": "Jeff Sessions Violated His Oath", "main": "Jeff Sessions Violated His Oath", "kicker": "Op-Ed Columnist", "content_kicker": "Op-Ed Columnist"}}]