[{"web_url": "https://www.nytimes.com/reuters/2017/03/03/world/europe/03reuters-france-election-resignation.html", "source": "Reuters", "_id": "58b94a0295d0e024902fd537", "pub_date": "2017-03-03T10:48:31+0000", "lead_paragraph": "The chief spokesman of French presidential candidate Francois Fillon said on Friday he was stepping down, one of the most high-profile resignations so far from the campaign of the conservative Fillon who faces a deepening probe into his financial affairs.", "section_name": "World", "type_of_material": "News", "snippet": "The chief spokesman of French presidential candidate Francois Fillon said on Friday he was stepping down, one of the most high-profile resignations so far from the campaign of the conservative Fillon who faces a deepening probe into his financial ...", "document_type": "article", "headline": {"main": "WH Defends Pence's Use of Private Email While Governor", "print_headline": "WH Defends Pence's Use of Private Email While Governor"}}]