[{"web_url": "https://www.nytimes.com/aponline/2017/03/03/world/europe/ap-eu-russia-us.html", "source": "AP", "_id": "58b9598e95d0e024902fd566", "pub_date": "2017-03-03T11:54:48+0000", "lead_paragraph": "As the drama over Attorney General Jeff Sessions plays out in Washington, the Kremlin is watching with a mixture of frustration and regret how the uproar is blocking progress on pressing issues on the U.S.-Russian agenda.", "section_name": "World", "type_of_material": "News", "snippet": "As the drama over Attorney General Jeff Sessions plays out in Washington, the Kremlin is watching with a mixture of frustration and regret how the uproar is blocking progress on pressing issues on the U.S.-Russian agenda....", "document_type": "article", "headline": {"main": "PETA Condemns N.H.L.\u2019s Use of Real Penguins in Pittsburgh Pregame Show", "print_headline": "Activists Condemn the Use of Live Penguins"}}]