[{"web_url": "https://www.nytimes.com/reuters/2017/03/03/sports/soccer/03reuters-soccer-spain-atm-torres.html", "source": "Reuters", "_id": "58b937be95d0e024902fd4ee", "pub_date": "2017-03-03T09:30:31+0000", "lead_paragraph": "Striker Fernando Torres has been released from hospital, his club Atletico Madrid said on Friday, after sustaining a head injury during Thursday's 1-1 draw at Deportivo La Coruna.", "section_name": "Sports", "type_of_material": "News", "snippet": "Striker Fernando Torres has been released from hospital, his club Atletico Madrid said on Friday, after sustaining a head injury during Thursday's 1-1 draw at Deportivo La Coruna....", "document_type": "article", "headline": {"main": "Peak Gasoline Demand Looms With Engine Efficiency Gains", "print_headline": "Peak Gasoline Demand Looms With Engine Efficiency Gains"}}]