[{"web_url": "https://www.nytimes.com/2017/03/03/arts/television/alison-wright-exiled-from-the-americans-perhaps-hits-broadway.html", "source": "The New York Times", "_id": "58b9851095d0e024902fd5e1", "pub_date": "2017-03-03T15:00:26+0000", "lead_paragraph": "Ms. Wright discusses her characters on \u201cThe Americans\u201d and \u201cThe Feud,\u201d and her role in the Lynn Nottage play \u201cSweat.\u201d", "section_name": "Arts", "type_of_material": "News", "snippet": "Ms. Wright discusses her characters on \u201cThe Americans\u201d and \u201cThe Feud,\u201d and her role in the Lynn Nottage play \u201cSweat.\u201d...", "document_type": "article", "headline": {"main": "Film 'Trespass Against Us' Sees Fassbender Tackle Family Woes, Crime", "print_headline": "Film 'Trespass Against Us' Sees Fassbender Tackle Family Woes, Crime"}}]