[{"web_url": "https://www.nytimes.com/reuters/2017/03/03/business/03reuters-britain-eu-cash.html", "source": "Reuters", "_id": "58b9030095d0e024902fd48c", "pub_date": "2017-03-03T05:45:29+0000", "lead_paragraph": "Britain's smaller companies are hoarding cash and cutting investment, bankers say, a sign of business confidence starting to wobble as the government sets off down the uncertain path of leaving the European Union.", "section_name": "Business Day", "type_of_material": "News", "snippet": "Britain's smaller companies are hoarding cash and cutting investment, bankers say, a sign of business confidence starting to wobble as the government sets off down the uncertain path of leaving the European Union....", "document_type": "article", "headline": {"main": "What\u2019s on TV Friday: \u2018Fire at Sea\u2019 and \u2018Vice: Trans Youth\u2019", "print_headline": "What\u2019s on Friday"}}]