[{"web_url": "https://www.nytimes.com/reuters/2017/03/03/world/03reuters-southsudan-security.html", "source": "Reuters", "_id": "58b9889c95d0e024902fd5f1", "pub_date": "2017-03-03T15:15:32+0000", "lead_paragraph": "South Sudan has arrested four soldiers after residents accused the army of beating and raping civilians in a small village near the capital last month, a military spokesman said on Friday, in a case that became a symbol of spiraling military abuses. ", "section_name": "World", "type_of_material": "News", "snippet": "South Sudan has arrested four soldiers after residents accused the army of beating and raping civilians in a small village near the capital last month, a military spokesman said on Friday, in a case that became a symbol of spiraling military abuse...", "document_type": "article", "headline": {"print_headline": "High Priestesses of the Runway Wild", "main": "Rituals, Wild Animals and a Few Giggles", "kicker": "Fashion Review", "content_kicker": "Fashion Review"}}]