[{"web_url": "https://www.nytimes.com/reuters/2017/03/03/sports/soccer/03reuters-soccer-england-bou-howe.html", "source": "Reuters", "_id": "58b94cd395d0e024902fd542", "pub_date": "2017-03-03T11:00:27+0000", "lead_paragraph": "Manager Eddie Howe has focused his Bournemouth training sessions on improving their defence this week as they prepare to face free-scoring Manchester United striker Zlatan Ibrahimovic in the Premier League on Saturday.", "section_name": "Sports", "type_of_material": "News", "snippet": "Manager Eddie Howe has focused his Bournemouth training sessions on improving their defence this week as they prepare to face free-scoring Manchester United striker Zlatan Ibrahimovic in the Premier League on Saturday....", "document_type": "article", "headline": {"print_headline": "Where Stylishness Is a Priority", "main": "A Stylish Base in Paris for Exploring the Right Bank", "kicker": "Check In", "content_kicker": "Check In"}}]