[{"web_url": "https://www.nytimes.com/aponline/2017/03/03/world/asia/ap-as-china-taiwan.html", "source": "AP", "_id": "58b93ed195d0e024902fd50c", "pub_date": "2017-03-03T10:00:44+0000", "lead_paragraph": "A top Chinese official called for more contacts between politicians in mainland China and Taiwan despite Beijing's ongoing refusal to engage with the self-governing island's president.", "section_name": "World", "type_of_material": "News", "snippet": "A top Chinese official called for more contacts between politicians in mainland China and Taiwan despite Beijing's ongoing refusal to engage with the self-governing island's president....", "document_type": "article", "headline": {"main": "Greece Seeks France's Help on Bailout, Eyes 2017 Bond 'Test'", "print_headline": "Greece Seeks France's Help on Bailout, Eyes 2017 Bond 'Test'"}}]