[{"web_url": "https://www.nytimes.com/aponline/2017/03/03/us/politics/ap-us-health-overhaul-qa.html", "source": "AP", "_id": "58b92a7295d0e024902fd4d3", "pub_date": "2017-03-03T08:33:43+0000", "lead_paragraph": "Health insurance tax credits, mandates, taxation of employer coverage, essential benefits. Mind-numbing health care jargon is flying around again as Republicans move to repeal and replace the Obama-era Affordable Care Act. It's time to start paying attention.", "section_name": "U.S.", "type_of_material": "News", "snippet": "Health insurance tax credits, mandates, taxation of employer coverage, essential benefits. Mind-numbing health care jargon is flying around again as Republicans move to repeal and replace the Obama-era Affordable Care Act. It's time to start payin...", "document_type": "article", "headline": {"main": "WBC Hands Povetkin Suspension, $250,000 Fine in Doping Case", "print_headline": "WBC Hands Povetkin Suspension, $250,000 Fine in Doping Case"}}]