[{"web_url": "https://www.nytimes.com/reuters/2017/03/03/business/03reuters-congo-mining-glencore.html", "source": "Reuters", "_id": "58b9467d95d0e024902fd52c", "pub_date": "2017-03-03T10:33:27+0000", "lead_paragraph": "Tens of millions of dollars in royalties and signing bonuses that Glencore told an independent transparency board it had paid to Congo's state mining company actually went to a business controlled by Israeli billionaire Dan Gertler, advocacy group Global Witness said in a report on Friday.", "section_name": "Business Day", "type_of_material": "News", "snippet": "Tens of millions of dollars in royalties and signing bonuses that Glencore told an independent transparency board it had paid to Congo's state mining company actually went to a business controlled by Israeli billionaire Dan Gertler, advocacy group...", "document_type": "article", "headline": {"main": "There Is No Economic Case for Breaking Up the United Kingdom, Says May", "print_headline": "There Is No Economic Case for Breaking Up the United Kingdom, Says May"}}]