[{"web_url": "https://www.nytimes.com/2017/03/03/your-money/401ks-and-similar-plans/when-teachers-face-the-task-of-fixing-their-retirement-accounts.html", "source": "The New York Times", "_id": "58b93ebd95d0e024902fd504", "pub_date": "2017-03-03T10:00:26+0000", "lead_paragraph": "In Greenwich, Conn., a town brimming with hedge fund managers, teachers have to study up on finance to try to find better investment options for retirement.", "section_name": "Your Money", "type_of_material": "News", "snippet": "In Greenwich, Conn., a town brimming with hedge fund managers, teachers have to study up on finance to try to find better investment options for retirement....", "document_type": "article", "headline": {"print_headline": "Majority Rules on Investigations", "main": "Majority Rule Means the Power to Stop, Not Just Start, an Investigation", "kicker": "On Washington", "content_kicker": "On Washington"}}]