[{"web_url": "https://www.nytimes.com/reuters/2017/03/03/business/03reuters-usa-fed-inflation.html", "source": "Reuters", "_id": "58b9895195d0e024902fd5f2", "pub_date": "2017-03-03T15:18:34+0000", "lead_paragraph": "Two tools that the Federal Reserve heavily relies upon to predict U.S. inflation in fact provide little practical help, and the Fed would be wise to only modestly overshoot its 2-percent price target, concludes a high-profile paper published on Friday.", "section_name": "Business Day", "type_of_material": "News", "snippet": "Two tools that the Federal Reserve heavily relies upon to predict U.S. inflation in fact provide little practical help, and the Fed would be wise to only modestly overshoot its 2-percent price target, concludes a high-profile paper published on Fr...", "document_type": "article", "headline": {"main": "Trump to Host Germany's Merkel at the White House", "print_headline": "Trump to Host Germany's Merkel at the White House"}}]