[{"web_url": "https://www.nytimes.com/aponline/2017/03/03/world/africa/ap-af-burkina-faso-attacks.html", "source": "AP", "_id": "58b97e1c95d0e024902fd5ca", "pub_date": "2017-03-03T14:30:47+0000", "lead_paragraph": "Jihadists on motorbikes killed two people including a school official early Friday in a village in Burkina Faso's north and then went to other villages demanding that schools close, a provincial official said.", "section_name": "World", "type_of_material": "News", "snippet": "Jihadists on motorbikes killed two people including a school official early Friday in a village in Burkina Faso's north and then went to other villages demanding that schools close, a provincial official said....", "document_type": "article", "headline": {"main": "Disgraced Journalist Charged Over Bomb Threats to U.S. Jewish Groups", "print_headline": "Disgraced Journalist Charged Over Bomb Threats to U.S. Jewish Groups"}}]