[{"web_url": "https://www.nytimes.com/2017/03/03/nytnow/fenn-treasure-rent-dog.html", "source": "The New York Times", "_id": "58b95ac995d0e024902fd56b", "pub_date": "2017-03-03T12:00:04+0000", "lead_paragraph": "Overwhelmed by political news? Check out these stories of dog rentals, treasure hunts and strolls in the park.", "section_name": "NYT Now", "type_of_material": "News", "snippet": "Overwhelmed by political news? Check out these stories of dog rentals, treasure hunts and strolls in the park....", "document_type": "article", "headline": {"main": "PETA Condemns N.H.L.\u2019s Use of Real Penguins in Pittsburgh Pregame Show", "print_headline": "Activists Condemn the Use of Live Penguins"}}]