[{"web_url": "https://www.nytimes.com/reuters/2017/03/03/world/europe/03reuters-france-election.html", "source": "Reuters", "_id": "58b939d895d0e024902fd4f9", "pub_date": "2017-03-03T09:39:30+0000", "lead_paragraph": "Centrist candidate Emmanuel Macron cemented his status as favourite to win the French presidency on Friday as pressure mounted on his conservative rival, Francois Fillon, to pull out because of a deepening financial scandal.", "section_name": "World", "type_of_material": "News", "snippet": "Centrist candidate Emmanuel Macron cemented his status as favourite to win the French presidency on Friday as pressure mounted on his conservative rival, Francois Fillon, to pull out because of a deepening financial scandal....", "document_type": "article", "headline": {"print_headline": "How to Start a Soccer Chant", "main": "How to Start a Soccer Chant", "kicker": "Tip", "content_kicker": "Tip"}}]