[{"web_url": "https://www.nytimes.com/aponline/2017/03/03/us/ap-us-group-home-slaying.html", "source": "AP", "_id": "58b98d8b95d0e024902fd601", "pub_date": "2017-03-03T15:36:36+0000", "lead_paragraph": "A man has been indicted in the slaying of an employee at a central Kentucky group home where he lived.", "section_name": "U.S.", "type_of_material": "News", "snippet": "A man has been indicted in the slaying of an employee at a central Kentucky group home where he lived....", "document_type": "article", "headline": {"main": "Queen Elizabeth Marks St David's Day With Leek Gifts", "print_headline": "Queen Elizabeth Marks St David's Day With Leek Gifts"}}]