[{"web_url": "https://www.nytimes.com/reuters/2017/03/03/business/03reuters-germany-autos.html", "source": "Reuters", "_id": "58b9656d95d0e024902fd58a", "pub_date": "2017-03-03T12:45:29+0000", "lead_paragraph": "Sales of new cars in Germany fell last month for the first time since October, with diesel models worst hit as authorities debate tighter regulation to help tackle pollution.", "section_name": "Business Day", "type_of_material": "News", "snippet": "Sales of new cars in Germany fell last month for the first time since October, with diesel models worst hit as authorities debate tighter regulation to help tackle pollution....", "document_type": "article", "headline": {"main": "Vanessa Seward: Fall 2017"}}]