[{"web_url": "https://www.nytimes.com/aponline/2017/03/03/us/ap-us-jewish-cemetery-vandalism-.html", "source": "AP", "_id": "58b93cb195d0e024902fd4fd", "pub_date": "2017-03-03T09:51:42+0000", "lead_paragraph": "A cemetery in Rochester, New York, has been targeted in the latest in a string of anti-Semitic incidents around the country.", "section_name": "U.S.", "type_of_material": "News", "snippet": "A cemetery in Rochester, New York, has been targeted in the latest in a string of anti-Semitic incidents around the country....", "document_type": "article", "headline": {"print_headline": "How to Start a Soccer Chant", "main": "How to Start a Soccer Chant", "kicker": "Tip", "content_kicker": "Tip"}}]