[{"web_url": "https://www.nytimes.com/aponline/2017/03/03/us/ap-us-haiti-ex-rebel-leader.html", "source": "AP", "_id": "58b9365f95d0e024902fd4ec", "pub_date": "2017-03-03T09:24:40+0000", "lead_paragraph": "A former Haitian coup leader who was recently elected to that country's Senate is seeking immunity from U.S. prosecution in a drug case.", "section_name": "U.S.", "type_of_material": "News", "snippet": "A former Haitian coup leader who was recently elected to that country's Senate is seeking immunity from U.S. prosecution in a drug case....", "document_type": "article", "headline": {"main": "Peak Gasoline Demand Looms With Engine Efficiency Gains", "print_headline": "Peak Gasoline Demand Looms With Engine Efficiency Gains"}}]