[{"web_url": "https://www.nytimes.com/reuters/2017/03/03/business/03reuters-sec-homex.html", "source": "Reuters", "_id": "58b98ab695d0e024902fd5f7", "pub_date": "2017-03-03T15:24:30+0000", "lead_paragraph": "Mexico-based home builder Desarrolladora Homex SAB de CV has agreed to settle charges it reported fake sales to boost revenues in what U.S. authorities said on Friday was a $3.3 billion accounting fraud.", "section_name": "Business Day", "type_of_material": "News", "snippet": "Mexico-based home builder Desarrolladora Homex SAB de CV has agreed to settle charges it reported fake sales to boost revenues in what U.S. authorities said on Friday was a $3.3 billion accounting fraud....", "document_type": "article", "headline": {"main": "Trump to Host Germany's Merkel at the White House", "print_headline": "Trump to Host Germany's Merkel at the White House"}}]