[{"web_url": "https://www.nytimes.com/reuters/2017/03/03/world/europe/03reuters-hungary-media-oligarch.html", "source": "Reuters", "_id": "58b985cd95d0e024902fd5e5", "pub_date": "2017-03-03T15:03:33+0000", "lead_paragraph": "Hungarian businessman Lorinc Meszaros, an ally of Prime Minister Viktor Orban, has acquired stakes in Opimus, which owns the publisher of several of the country's main newspapers, a stock exchange filing showed.", "section_name": "World", "type_of_material": "News", "snippet": "Hungarian businessman Lorinc Meszaros, an ally of Prime Minister Viktor Orban, has acquired stakes in Opimus, which owns the publisher of several of the country's main newspapers, a stock exchange filing showed....", "document_type": "article", "headline": {"print_headline": "How Trump Wins by Losing", "main": "How Donald Trump Wins by Losing", "kicker": "Opinion", "content_kicker": "Opinion"}}]