[{"web_url": "https://www.nytimes.com/aponline/2017/03/03/us/ap-us-train-feet-amputated.html", "source": "AP", "_id": "58b9576b95d0e024902fd55e", "pub_date": "2017-03-03T11:45:44+0000", "lead_paragraph": "A 17-year-old Georgia boy has lost both his feet after being hit by a train in suburban Atlanta.", "section_name": "U.S.", "type_of_material": "News", "snippet": "A 17-year-old Georgia boy has lost both his feet after being hit by a train in suburban Atlanta....", "document_type": "article", "headline": {"main": "McAuley Closing In on New West Brom Deal", "print_headline": "McAuley Closing In on New West Brom Deal"}}]