[{"web_url": "https://www.nytimes.com/2017/03/03/books/review/what-you-dont-know-joann-chaney.html", "source": "The New York Times", "_id": "58b93ec095d0e024902fd505", "pub_date": "2017-03-03T10:00:25+0000", "lead_paragraph": "Marilyn Stasio surveys serial killers in Denver, stalkers on the London Underground, brutal bikers in Texas and a mystery-solving house cat in the Deep South.", "section_name": "Books", "type_of_material": "News", "snippet": "Marilyn Stasio surveys serial killers in Denver, stalkers on the London Underground, brutal bikers in Texas and a mystery-solving house cat in the Deep South....", "document_type": "article", "headline": {"print_headline": "Majority Rules on Investigations", "main": "Majority Rule Means the Power to Stop, Not Just Start, an Investigation", "kicker": "On Washington", "content_kicker": "On Washington"}}]