[{"web_url": "https://www.nytimes.com/aponline/2017/03/03/us/ap-us-oscars-academy-email.html", "source": "AP", "_id": "58b905de95d0e024902fd48e", "pub_date": "2017-03-03T05:57:42+0000", "lead_paragraph": "The president of the film academy has sent an email to its members telling them they have much to be proud of after this year's Oscars ceremony, and reassuring them changes will be made to avoid a repeat of problems like the botched best-picture announcement that closed the show.", "section_name": "U.S.", "type_of_material": "News", "snippet": "The president of the film academy has sent an email to its members telling them they have much to be proud of after this year's Oscars ceremony, and reassuring them changes will be made to avoid a repeat of problems like the botched best-picture a...", "document_type": "article", "headline": {"main": "What\u2019s on TV Friday: \u2018Fire at Sea\u2019 and \u2018Vice: Trans Youth\u2019", "print_headline": "What\u2019s on Friday"}}]