[{"web_url": "https://www.nytimes.com/reuters/2017/03/03/world/europe/03reuters-eu-future-finland.html", "source": "Reuters", "_id": "58b9846195d0e024902fd5de", "pub_date": "2017-03-03T14:57:33+0000", "lead_paragraph": "The European Union should not be split into groups of states that increase their cooperation at different speeds, Finnish Prime Minister Juha Sipila said on Friday.", "section_name": "World", "type_of_material": "News", "snippet": "The European Union should not be split into groups of states that increase their cooperation at different speeds, Finnish Prime Minister Juha Sipila said on Friday....", "document_type": "article", "headline": {"main": "Film 'Trespass Against Us' Sees Fassbender Tackle Family Woes, Crime", "print_headline": "Film 'Trespass Against Us' Sees Fassbender Tackle Family Woes, Crime"}}]