[{"web_url": "https://www.nytimes.com/aponline/2017/03/03/world/europe/ap-eu-france-obama-president.html", "source": "AP", "_id": "58b95fd695d0e024902fd579", "pub_date": "2017-03-03T12:21:35+0000", "lead_paragraph": "\"Oui on peut!\"", "section_name": "World", "type_of_material": "News", "snippet": "\"Oui on peut!\"...", "document_type": "article", "headline": {"main": "Kirkuk Oil Flows in Jeopardy Again as Kurdish Tensions Grow", "print_headline": "Kirkuk Oil Flows in Jeopardy Again as Kurdish Tensions Grow"}}]