[{"web_url": "https://www.nytimes.com/2017/03/03/travel/cruises-recruit-millennials.html", "source": "The New York Times", "_id": "58b94cd295d0e024902fd541", "pub_date": "2017-03-03T11:00:27+0000", "lead_paragraph": "Lines like Regent Seven Seas are trying to attract younger passengers with trips that feature hip-hop dance parties and spinning sessions.", "section_name": "Travel", "type_of_material": "News", "snippet": "Lines like Regent Seven Seas are trying to attract younger passengers with trips that feature hip-hop dance parties and spinning sessions....", "document_type": "article", "headline": {"print_headline": "Where Stylishness Is a Priority", "main": "A Stylish Base in Paris for Exploring the Right Bank", "kicker": "Check In", "content_kicker": "Check In"}}]