[{"web_url": "https://www.nytimes.com/interactive/2017/03/03/well/live/healthquiz-03032017.html", "source": "The New York Times", "_id": "58b984fd95d0e024902fd5e0", "pub_date": "2017-03-03T15:00:00+0000", "lead_paragraph": "Test your knowledge of this week\u2019s health news.", "section_name": "Well", "type_of_material": "Interactive Feature", "snippet": "Test your knowledge of this week\u2019s health news....", "document_type": "multimedia", "headline": {"main": "Film 'Trespass Against Us' Sees Fassbender Tackle Family Woes, Crime", "print_headline": "Film 'Trespass Against Us' Sees Fassbender Tackle Family Woes, Crime"}}]