[{"web_url": "https://www.nytimes.com/reuters/2017/03/03/business/03reuters-southkorea-china-tourism.html", "source": "Reuters", "_id": "58b9235795d0e024902fd4b4", "pub_date": "2017-03-03T08:03:30+0000", "lead_paragraph": "South Korean companies on Friday bore the brunt of a perceived backlash from China over the deployment of a U.S. missile system outside Seoul, with shares tumbling on media reports of Beijing telling tour operators to stop selling trips to the country.", "section_name": "Business Day", "type_of_material": "News", "snippet": "South Korean companies on Friday bore the brunt of a perceived backlash from China over the deployment of a U.S. missile system outside Seoul, with shares tumbling on media reports of Beijing telling tour operators to stop selling trips to the cou...", "document_type": "article", "headline": {"main": "In Atlanta, Anti-Semitism Is Viewed Through Lens of History", "print_headline": "In Atlanta, Anti-Semitism Is Viewed Through Lens of History"}}]