[{"web_url": "https://www.nytimes.com/aponline/2017/03/03/us/ap-us-girl-killed-florida.html", "source": "AP", "_id": "58b9905f95d0e024902fd605", "pub_date": "2017-03-03T15:48:42+0000", "lead_paragraph": "A Florida man accused of throwing his young daughter to her death off a Tampa Bay area bridge has been found competent to stand trial.", "section_name": "U.S.", "type_of_material": "News", "snippet": "A Florida man accused of throwing his young daughter to her death off a Tampa Bay area bridge has been found competent to stand trial....", "document_type": "article", "headline": {"main": "Queen Elizabeth Marks St David's Day With Leek Gifts", "print_headline": "Queen Elizabeth Marks St David's Day With Leek Gifts"}}]