[{"web_url": "https://www.nytimes.com/reuters/2017/03/03/business/03reuters-tata-sons-ntt-docomo-settlement.html", "source": "Reuters", "_id": "58b92a6695d0e024902fd4d1", "pub_date": "2017-03-03T08:33:31+0000", "lead_paragraph": "India's Tata Sons will split a dispute settlement payment of $1.18 billion owed to NTT DoCoMo over the Japanese firm's exit from a telecoms joint venture, leaving it with about two-thirds of the amount to invest in India, a source said.", "section_name": "Business Day", "type_of_material": "News", "snippet": "India's Tata Sons will split a dispute settlement payment of $1.18 billion owed to NTT DoCoMo over the Japanese firm's exit from a telecoms joint venture, leaving it with about two-thirds of the amount to invest in India, a source said....", "document_type": "article", "headline": {"main": "WBC Hands Povetkin Suspension, $250,000 Fine in Doping Case", "print_headline": "WBC Hands Povetkin Suspension, $250,000 Fine in Doping Case"}}]