[{"web_url": "https://www.nytimes.com/aponline/2017/03/03/world/europe/ap-eu-greece-bailout.html", "source": "AP", "_id": "58b9403395d0e024902fd514", "pub_date": "2017-03-03T10:06:40+0000", "lead_paragraph": "Greece is seeking help from France, its close ally in the 19-country eurozone, as it seeks to overcome stubborn sticking points in its bailout talks and return to international bond markets later this year.", "section_name": "World", "type_of_material": "News", "snippet": "Greece is seeking help from France, its close ally in the 19-country eurozone, as it seeks to overcome stubborn sticking points in its bailout talks and return to international bond markets later this year....", "document_type": "article", "headline": {"main": "Greece Seeks France's Help on Bailout, Eyes 2017 Bond 'Test'", "print_headline": "Greece Seeks France's Help on Bailout, Eyes 2017 Bond 'Test'"}}]