[{"web_url": "https://www.nytimes.com/reuters/2017/03/03/world/africa/03reuters-safrica-zuma.html", "source": "Reuters", "_id": "58b979d795d0e024902fd5bf", "pub_date": "2017-03-03T14:12:29+0000", "lead_paragraph": "South Africa's President Jacob Zuma will not suspend the head of the prosecution service for laying and then withdrawing corruption charges against Finance Minister Pravin Gordhan, the presidency said on Friday.", "section_name": "World", "type_of_material": "News", "snippet": "South Africa's President Jacob Zuma will not suspend the head of the prosecution service for laying and then withdrawing corruption charges against Finance Minister Pravin Gordhan, the presidency said on Friday....", "document_type": "article", "headline": {"main": "Trump Torture Remarks 'Lay Down Gauntlet' for Other States: U.N. Expert", "print_headline": "Trump Torture Remarks 'Lay Down Gauntlet' for Other States: U.N. Expert"}}]