[{"web_url": "https://www.nytimes.com/2017/03/03/arts/music/stephin-merritt-magnetic-fields-50-song-memoir.html", "source": "The New York Times", "_id": "58b9851495d0e024902fd5e2", "pub_date": "2017-03-03T15:00:27+0000", "lead_paragraph": "The singer-songwriter behind Magnetic Fields is releasing \u201c50 Song Memoir,\u201d a five-CD set of autobiographical songs that reflect on each year of his life.", "section_name": "Arts", "type_of_material": "News", "snippet": "The singer-songwriter behind Magnetic Fields is releasing \u201c50 Song Memoir,\u201d a five-CD set of autobiographical songs that reflect on each year of his life....", "document_type": "article", "headline": {"print_headline": "How Trump Wins by Losing", "main": "How Donald Trump Wins by Losing", "kicker": "Opinion", "content_kicker": "Opinion"}}]