[{"web_url": "https://www.nytimes.com/reuters/2017/03/03/us/03reuters-usa-trump-russia-sessions.html", "source": "Reuters", "_id": "58b9359f95d0e024902fd4e8", "pub_date": "2017-03-03T09:21:28+0000", "lead_paragraph": "U.S. Attorney General Jeff Sessions said on Thursday he would stay out of any probe into alleged Russian meddling in the 2016 presidential election but maintained he did nothing wrong by failing to disclose he met last year with Russia's ambassador.", "section_name": "U.S.", "type_of_material": "News", "snippet": "U.S. Attorney General Jeff Sessions said on Thursday he would stay out of any probe into alleged Russian meddling in the 2016 presidential election but maintained he did nothing wrong by failing to disclose he met last year with Russia's ambassado...", "document_type": "article", "headline": {"main": "North Korean Suspect in Airport Murder to Be Deported From Malaysia and Not Allowed Back", "print_headline": "North Korean Suspect in Airport Murder to Be Deported From Malaysia and Not Allowed Back"}}]