[{"web_url": "https://www.nytimes.com/aponline/2017/03/03/world/europe/ap-eu-britain-may-scotland.html", "source": "AP", "_id": "58b9549695d0e024902fd559", "pub_date": "2017-03-03T11:33:36+0000", "lead_paragraph": "Prime Minister Theresa May has told her Conservative Party's Scottish conference that preserving the unity of the United Kingdom is a key objective of her government.", "section_name": "World", "type_of_material": "News", "snippet": "Prime Minister Theresa May has told her Conservative Party's Scottish conference that preserving the unity of the United Kingdom is a key objective of her government....", "document_type": "article", "headline": {"main": "McAuley Closing In on New West Brom Deal", "print_headline": "McAuley Closing In on New West Brom Deal"}}]