[{"web_url": "https://www.nytimes.com/reuters/2017/03/03/business/03reuters-britain-eu-credit-agricole-jobs.html", "source": "Reuters", "_id": "58b9554895d0e024902fd55b", "pub_date": "2017-03-03T11:36:32+0000", "lead_paragraph": "Credit Agricole, France's third-biggest listed bank, could relocate about one hundred employees from its London hub to France out of 1,000 based there, in case of a \"hard\" Brexit from the European Union, its chief executive said.", "section_name": "Business Day", "type_of_material": "News", "snippet": "Credit Agricole, France's third-biggest listed bank, could relocate about one hundred employees from its London hub to France out of 1,000 based there, in case of a \"hard\" Brexit from the European Union, its chief executive said....", "document_type": "article", "headline": {"main": "McAuley Closing In on New West Brom Deal", "print_headline": "McAuley Closing In on New West Brom Deal"}}]