[{"web_url": "https://www.nytimes.com/aponline/2017/03/03/world/europe/ap-eu-norway-child-porn.html", "source": "AP", "_id": "58b9473f95d0e024902fd530", "pub_date": "2017-03-03T10:36:39+0000", "lead_paragraph": "Norwegian police say they are worried about the increase in men ordering child-like sex dolls from Hong Kong.", "section_name": "World", "type_of_material": "News", "snippet": "Norwegian police say they are worried about the increase in men ordering child-like sex dolls from Hong Kong....", "document_type": "article", "headline": {"main": "There Is No Economic Case for Breaking Up the United Kingdom, Says May", "print_headline": "There Is No Economic Case for Breaking Up the United Kingdom, Says May"}}]