[{"web_url": "https://www.nytimes.com/aponline/2017/03/03/world/europe/ap-eu-shakira-vives-plagiarism.html", "source": "AP", "_id": "58b9495395d0e024902fd535", "pub_date": "2017-03-03T10:45:35+0000", "lead_paragraph": "A Cuban singer and music producer has filed a plagiarism lawsuit against pop stars Shakira and Carlos Vives for allegedly copying his work in the Colombian duo's award-winning music hit \"La Bicicleta .\"", "section_name": "World", "type_of_material": "News", "snippet": "A Cuban singer and music producer has filed a plagiarism lawsuit against pop stars Shakira and Carlos Vives for allegedly copying his work in the Colombian duo's award-winning music hit \"La Bicicleta .\"...", "document_type": "article", "headline": {"main": "WH Defends Pence's Use of Private Email While Governor", "print_headline": "WH Defends Pence's Use of Private Email While Governor"}}]