[{"web_url": "https://www.nytimes.com/aponline/2017/03/03/us/ap-us-jewish-groups-threats.html", "source": "AP", "_id": "58b9880195d0e024902fd5ee", "pub_date": "2017-03-03T15:12:56+0000", "lead_paragraph": "A former journalist fired for fabricating details in stories made at least eight of the scores of threats against Jewish institutions nationwide, including a bomb threat to the Anti-Defamation League, as part of a bizarre campaign to harass and frame his ex-girlfriend, federal officials said Friday.", "section_name": "U.S.", "type_of_material": "News", "snippet": "A former journalist fired for fabricating details in stories made at least eight of the scores of threats against Jewish institutions nationwide, including a bomb threat to the Anti-Defamation League, as part of a bizarre campaign to harass and fr...", "document_type": "article", "headline": {"print_headline": "High Priestesses of the Runway Wild", "main": "Rituals, Wild Animals and a Few Giggles", "kicker": "Fashion Review", "content_kicker": "Fashion Review"}}]