[{"web_url": "https://www.nytimes.com/2017/03/03/briefing/jeff-sessions-obamacare-palmyra.html", "source": "The New York Times", "_id": "58b949b095d0e024902fd536", "pub_date": "2017-03-03T10:47:05+0000", "lead_paragraph": "Here\u2019s what you need to know to start your day.", "section_name": "Briefing", "type_of_material": "briefing", "snippet": "Here\u2019s what you need to know to start your day....", "document_type": "article", "headline": {"main": "WH Defends Pence's Use of Private Email While Governor", "print_headline": "WH Defends Pence's Use of Private Email While Governor"}}]