[{"web_url": "https://www.nytimes.com/aponline/2017/03/03/world/europe/ap-eu-europe-migrants.html", "source": "AP", "_id": "58b98b8995d0e024902fd5fa", "pub_date": "2017-03-03T15:28:02+0000", "lead_paragraph": "Aid groups feeding migrants in the northern French port city of Calais are defying a municipal order to stop.", "section_name": "World", "type_of_material": "News", "snippet": "Aid groups feeding migrants in the northern French port city of Calais are defying a municipal order to stop....", "document_type": "article", "headline": {"main": "Trump to Host Germany's Merkel at the White House", "print_headline": "Trump to Host Germany's Merkel at the White House"}}]