[{"web_url": "https://www.nytimes.com/reuters/2017/03/03/business/03reuters-global-oil.html", "source": "Reuters", "_id": "58b908a195d0e024902fd490", "pub_date": "2017-03-03T06:09:31+0000", "lead_paragraph": "Oil prices surged on Friday, as a weaker dollar encouraged buying but investors remained cautious after Russian production figures showed weak compliance with a global deal to cut output.", "section_name": "Business Day", "type_of_material": "News", "snippet": "Oil prices surged on Friday, as a weaker dollar encouraged buying but investors remained cautious after Russian production figures showed weak compliance with a global deal to cut output....", "document_type": "article", "headline": {"main": "Oil Rebounds From Recent Weakness, Remains Range Bound", "print_headline": "Oil Rebounds From Recent Weakness, Remains Range Bound"}}]