[{"web_url": "https://www.nytimes.com/aponline/2017/03/03/world/europe/ap-eu-eu-us-medical-inspections.html", "source": "AP", "_id": "58b974f495d0e024902fd5b4", "pub_date": "2017-03-03T13:51:39+0000", "lead_paragraph": "The European Union and the United States have agreed to recognize each other's inspections of facilities where medicines are made.", "section_name": "World", "type_of_material": "News", "snippet": "The European Union and the United States have agreed to recognize each other's inspections of facilities where medicines are made....", "document_type": "article", "headline": {"print_headline": "Money Worries", "main": "Money Worries for Retired Women", "kicker": "", "content_kicker": ""}}]