[{"web_url": "https://www.nytimes.com/aponline/2017/03/03/world/europe/ap-eu-russia-nato.html", "source": "AP", "_id": "58b93a9895d0e024902fd4fa", "pub_date": "2017-03-03T09:42:40+0000", "lead_paragraph": "The Russian Defense Ministry says the nation's top military officer has spoken to his NATO counterpart for the first time in several years.", "section_name": "World", "type_of_material": "News", "snippet": "The Russian Defense Ministry says the nation's top military officer has spoken to his NATO counterpart for the first time in several years....", "document_type": "article", "headline": {"print_headline": "How to Start a Soccer Chant", "main": "How to Start a Soccer Chant", "kicker": "Tip", "content_kicker": "Tip"}}]