[{"web_url": "https://www.nytimes.com/2017/03/03/business/retirement/money-worries-for-retired-women.html", "source": "The New York Times", "_id": "58b976fa95d0e024902fd5b9", "pub_date": "2017-03-03T14:00:18+0000", "lead_paragraph": "Less income and time off for families can mean less savings and a greater chance of poverty after age 65.", "section_name": "Business Day", "type_of_material": "News", "snippet": "Less income and time off for families can mean less savings and a greater chance of poverty after age 65....", "document_type": "article", "headline": {"main": "South Africa's Zuma Won't Suspend Prosecutor Over Gordhan Charges", "print_headline": "South Africa's Zuma Won't Suspend Prosecutor Over Gordhan Charges"}}]