[{"web_url": "https://www.nytimes.com/reuters/2017/03/03/business/03reuters-macy-s-m-a-hudson-s-bay.html", "source": "Reuters", "_id": "58b97bf395d0e024902fd5c5", "pub_date": "2017-03-03T14:21:31+0000", "lead_paragraph": "Canada's Hudson's Bay Co, owner of the Lord &amp; Taylor and Saks Fifth Avenue retail chains, has yet to line up equity financing for a bid for Macy's Inc, over a month after approaching its U.S. peer, people familiar with the matter said.", "section_name": "Business Day", "type_of_material": "News", "snippet": "Canada's Hudson's Bay Co, owner of the Lord &amp; Taylor and Saks Fifth Avenue retail chains, has yet to line up equity financing for a bid for Macy's Inc, over a month after approaching its U.S. peer, people familiar with the matter said....", "document_type": "article", "headline": {"print_headline": "Jeff Sessions Violated His Oath", "main": "Jeff Sessions Violated His Oath", "kicker": "Op-Ed Columnist", "content_kicker": "Op-Ed Columnist"}}]