[{"web_url": "https://www.nytimes.com/2017/03/03/nyregion/duffy-square-times-square.html", "source": "The New York Times", "_id": "58b95ade95d0e024902fd56e", "pub_date": "2017-03-03T12:00:24+0000", "lead_paragraph": "A reader wonders where the namesake of a section of Times Square has gotten to.", "section_name": "N.Y. / Region", "type_of_material": "News", "snippet": "A reader wonders where the namesake of a section of Times Square has gotten to....", "document_type": "article", "headline": {"main": "PETA Condemns N.H.L.\u2019s Use of Real Penguins in Pittsburgh Pregame Show", "print_headline": "Activists Condemn the Use of Live Penguins"}}]