[{"web_url": "https://www.nytimes.com/reuters/2017/03/03/world/europe/03reuters-eu-defence.html", "source": "Reuters", "_id": "58b9613c95d0e024902fd57c", "pub_date": "2017-03-03T12:27:32+0000", "lead_paragraph": "European Union states will take the formal decision on Monday to create a joint command center for the bloc's military missions, a symbolic step in the renewed quest for more security and defense cooperation, officials and diplomats in Brussels said. ", "section_name": "World", "type_of_material": "News", "snippet": "European Union states will take the formal decision on Monday to create a joint command center for the bloc's military missions, a symbolic step in the renewed quest for more security and defense cooperation, officials and diplomats in Brussels sa...", "document_type": "article", "headline": {"main": "Kirkuk Oil Flows in Jeopardy Again as Kurdish Tensions Grow", "print_headline": "Kirkuk Oil Flows in Jeopardy Again as Kurdish Tensions Grow"}}]