[{"web_url": "https://www.nytimes.com/2017/03/03/realestate/east-side-mansion-tops-february-home-sales.html", "source": "The New York Times", "_id": "58b9770e95d0e024902fd5bc", "pub_date": "2017-03-03T14:00:40+0000", "lead_paragraph": "Manhattan\u2019s luxury market saw a flow of activity in townhouses. Topping the list of sales was a $41 million East Side mansion owned by the investor Andrew L. Farkas.", "section_name": "Real Estate", "type_of_material": "News", "snippet": "Manhattan\u2019s luxury market saw a flow of activity in townhouses. Topping the list of sales was a $41 million East Side mansion owned by the investor Andrew L. Farkas....", "document_type": "article", "headline": {"main": "South Africa's Zuma Won't Suspend Prosecutor Over Gordhan Charges", "print_headline": "South Africa's Zuma Won't Suspend Prosecutor Over Gordhan Charges"}}]