[{"web_url": "https://www.nytimes.com/reuters/2017/03/03/world/europe/03reuters-netherlands-election-paradox.html", "source": "Reuters", "_id": "58b9338795d0e024902fd4e7", "pub_date": "2017-03-03T09:12:32+0000", "lead_paragraph": "The Dutch fishing village of Volendam hardly seems like a hotbed of discontent: tidy, prosperous, little crime or unemployment. Yet a third of its voters are likely to back anti-immigrant nationalist Geert Wilders in the March 15 general election.", "section_name": "World", "type_of_material": "News", "snippet": "The Dutch fishing village of Volendam hardly seems like a hotbed of discontent: tidy, prosperous, little crime or unemployment. Yet a third of its voters are likely to back anti-immigrant nationalist Geert Wilders in the March 15 general election....", "document_type": "article", "headline": {"main": "North Korean Suspect in Airport Murder to Be Deported From Malaysia and Not Allowed Back", "print_headline": "North Korean Suspect in Airport Murder to Be Deported From Malaysia and Not Allowed Back"}}]