[{"web_url": "https://www.nytimes.com/reuters/2017/03/03/sports/soccer/03reuters-soccer-england-eve-koeman.html", "source": "Reuters", "_id": "58b9802a95d0e024902fd5cf", "pub_date": "2017-03-03T14:39:29+0000", "lead_paragraph": "Everton manager Ronald Koeman says his team must win the midfield battle and keep the likes of Christian Eriksen and Dele Alli quiet to stand any chance of an away win at Tottenham Hotspur in the Premier League on Sunday.", "section_name": "Sports", "type_of_material": "News", "snippet": "Everton manager Ronald Koeman says his team must win the midfield battle and keep the likes of Christian Eriksen and Dele Alli quiet to stand any chance of an away win at Tottenham Hotspur in the Premier League on Sunday....", "document_type": "article", "headline": {"main": "Moroccan Designer's Embroidery School Revives Fading Art", "print_headline": "Moroccan Designer's Embroidery School Revives Fading Art"}}]