[{"web_url": "https://www.nytimes.com/aponline/2017/03/03/us/politics/ap-us-mccaskill-fact-check.html", "source": "AP", "_id": "58b92b2095d0e024902fd4d5", "pub_date": "2017-03-03T08:36:41+0000", "lead_paragraph": "Sen. Claire McCaskill was one of many Democrats taking umbrage at the revelation that Attorney General Jeff Sessions had twice met with the Russian ambassador to the U.S. during last year's presidential campaign, during a furor over that country's alleged interference in the election, and misled his colleagues about it during his confirmation hearing.", "section_name": "U.S.", "type_of_material": "News", "snippet": "Sen. Claire McCaskill was one of many Democrats taking umbrage at the revelation that Attorney General Jeff Sessions had twice met with the Russian ambassador to the U.S. during last year's presidential campaign, during a furor over that country's...", "document_type": "article", "headline": {"main": "WBC Hands Povetkin Suspension, $250,000 Fine in Doping Case", "print_headline": "WBC Hands Povetkin Suspension, $250,000 Fine in Doping Case"}}]