[{"web_url": "https://www.nytimes.com/aponline/2017/03/03/world/asia/ap-as-china-india-dalai-lama.html", "source": "AP", "_id": "58b9430595d0e024902fd51e", "pub_date": "2017-03-03T10:18:34+0000", "lead_paragraph": "China is warning of \"severe damage\" to relations with India and increased regional instability if exiled Tibetan leader the Dalai Lama proceeds with a visit to a disputed area along their still-unsettled border.", "section_name": "World", "type_of_material": "News", "snippet": "China is warning of \"severe damage\" to relations with India and increased regional instability if exiled Tibetan leader the Dalai Lama proceeds with a visit to a disputed area along their still-unsettled border....", "document_type": "article", "headline": {"main": "US Admiral in Disputed South China Sea: 'We Will Be Here'", "print_headline": "US Admiral in Disputed South China Sea: 'We Will Be Here'"}}]