[{"web_url": "https://www.nytimes.com/aponline/2017/03/03/us/ap-us-mercedes-recall.html", "source": "AP", "_id": "58b97bf795d0e024902fd5c6", "pub_date": "2017-03-03T14:21:37+0000", "lead_paragraph": "Mercedes is recalling about 1 million cars and SUVs worldwide because a starter part can overheat and cause fires.", "section_name": "U.S.", "type_of_material": "News", "snippet": "Mercedes is recalling about 1 million cars and SUVs worldwide because a starter part can overheat and cause fires....", "document_type": "article", "headline": {"print_headline": "Jeff Sessions Violated His Oath", "main": "Jeff Sessions Violated His Oath", "kicker": "Op-Ed Columnist", "content_kicker": "Op-Ed Columnist"}}]