[{"web_url": "https://www.nytimes.com/aponline/2017/03/03/world/europe/ap-eu-switzerland-seal-products.html", "source": "AP", "_id": "58b94e4495d0e024902fd549", "pub_date": "2017-03-03T11:06:36+0000", "lead_paragraph": "The Swiss government has banned imports of most seal products, bringing its rules in line with those of the European Union.", "section_name": "World", "type_of_material": "News", "snippet": "The Swiss government has banned imports of most seal products, bringing its rules in line with those of the European Union....", "document_type": "article", "headline": {"main": "Syria Talks Set to End With 'Agreed Agenda'-Diplomats", "print_headline": "Syria Talks Set to End With 'Agreed Agenda'-Diplomats"}}]