[{"web_url": "https://www.nytimes.com/reuters/2017/03/03/world/europe/03reuters-eu-albania.html", "source": "Reuters", "_id": "58b9505795d0e024902fd54e", "pub_date": "2017-03-03T11:15:29+0000", "lead_paragraph": "Albania expects another surge in tourists this year and the economy is making progress but Economy Minister Milva Ekonomi says it is reform of the justice system that is holding back European Union membership talks. ", "section_name": "World", "type_of_material": "News", "snippet": "Albania expects another surge in tourists this year and the economy is making progress but Economy Minister Milva Ekonomi says it is reform of the justice system that is holding back European Union membership talks....", "document_type": "article", "headline": {"main": "Syria Talks Set to End With 'Agreed Agenda'-Diplomats", "print_headline": "Syria Talks Set to End With 'Agreed Agenda'-Diplomats"}}]