[{"web_url": "https://www.nytimes.com/aponline/2017/03/03/us/politics/ap-us-attorney-general-russia-glance.html", "source": "AP", "_id": "58b929ba95d0e024902fd4ce", "pub_date": "2017-03-03T08:30:40+0000", "lead_paragraph": "Attorney General Jeff Sessions has recused himself from an investigation into any ties between Moscow and President Donald Trump's 2016 campaign after revelations that he talked with Russia's ambassador to the United States twice during the presidential campaign. Sessions had faced mounting pressure from both parties on Capitol Hill that he step aside or resign.", "section_name": "U.S.", "type_of_material": "News", "snippet": "Attorney General Jeff Sessions has recused himself from an investigation into any ties between Moscow and President Donald Trump's 2016 campaign after revelations that he talked with Russia's ambassador to the United States twice during the presid...", "document_type": "article", "headline": {"main": "WBC Hands Povetkin Suspension, $250,000 Fine in Doping Case", "print_headline": "WBC Hands Povetkin Suspension, $250,000 Fine in Doping Case"}}]