[{"web_url": "https://www.nytimes.com/2017/03/03/nyregion/dominique-ansel-cronut-sunday-routine.html", "source": "The New York Times", "_id": "58b976e995d0e024902fd5b5", "pub_date": "2017-03-03T14:00:03+0000", "lead_paragraph": "The pastry chef tours new neighborhoods in his bakery\u2019s minivan and finds time to hone his Taiwanese cooking skills.", "section_name": "N.Y. / Region", "type_of_material": "News", "snippet": "The pastry chef tours new neighborhoods in his bakery\u2019s minivan and finds time to hone his Taiwanese cooking skills....", "document_type": "article", "headline": {"print_headline": "Money Worries", "main": "Money Worries for Retired Women", "kicker": "", "content_kicker": ""}}]