[{"web_url": "https://www.nytimes.com/2017/03/03/well/family/heres-to-the-good-times-and-an-open-mind.html", "source": "The New York Times", "_id": "58b94cb895d0e024902fd53f", "pub_date": "2017-03-03T11:00:02+0000", "lead_paragraph": "At a country music concert, my 11-year-old son taught me a lesson about refraining from snap judgments.", "section_name": "Well", "type_of_material": "News", "snippet": "At a country music concert, my 11-year-old son taught me a lesson about refraining from snap judgments....", "document_type": "article", "headline": {"print_headline": "Where Stylishness Is a Priority", "main": "A Stylish Base in Paris for Exploring the Right Bank", "kicker": "Check In", "content_kicker": "Check In"}}]