[{"web_url": "https://www.nytimes.com/aponline/2017/03/03/world/europe/ap-eu-united-nations-rights-us.html", "source": "AP", "_id": "58b980f695d0e024902fd5d1", "pub_date": "2017-03-03T14:42:51+0000", "lead_paragraph": "A United Nations human rights expert has slammed U.S. President Donald Trump over his view on torture as a useful counter-terrorism measure.", "section_name": "World", "type_of_material": "News", "snippet": "A United Nations human rights expert has slammed U.S. President Donald Trump over his view on torture as a useful counter-terrorism measure....", "document_type": "article", "headline": {"main": "Moroccan Designer's Embroidery School Revives Fading Art", "print_headline": "Moroccan Designer's Embroidery School Revives Fading Art"}}]