[{"web_url": "https://www.nytimes.com/reuters/2017/03/03/business/03reuters-britain-investment-fca.html", "source": "Reuters", "_id": "58b961ee95d0e024902fd57e", "pub_date": "2017-03-03T12:30:29+0000", "lead_paragraph": "Asset managers could face enforcement action for failing to give value for money from \"dealing commissions\" they charge customers for research and for executing share orders, Britain's Financial Conduct Authority said on Friday.", "section_name": "Business Day", "type_of_material": "News", "snippet": "Asset managers could face enforcement action for failing to give value for money from \"dealing commissions\" they charge customers for research and for executing share orders, Britain's Financial Conduct Authority said on Friday....", "document_type": "article", "headline": {"main": "Kirkuk Oil Flows in Jeopardy Again as Kurdish Tensions Grow", "print_headline": "Kirkuk Oil Flows in Jeopardy Again as Kurdish Tensions Grow"}}]