[{"web_url": "https://www.nytimes.com/aponline/2017/03/03/us/politics/ap-us-attorney-general-civil-rights.html", "source": "AP", "_id": "58b9824e95d0e024902fd5d6", "pub_date": "2017-03-03T14:48:40+0000", "lead_paragraph": "Attorney General Jeff Sessions has been on the job less than a month but has already made some civil rights groups nervous by indicating the Justice Department will likely soften its focus on protecting voter rights and monitoring troubled police departments.", "section_name": "U.S.", "type_of_material": "News", "snippet": "Attorney General Jeff Sessions has been on the job less than a month but has already made some civil rights groups nervous by indicating the Justice Department will likely soften its focus on protecting voter rights and monitoring troubled police ...", "document_type": "article", "headline": {"main": "Klopp Urges Inconsistent Liverpool to Get Back on Track", "print_headline": "Klopp Urges Inconsistent Liverpool to Get Back on Track"}}]