[{"web_url": "https://www.nytimes.com/reuters/2017/03/03/world/europe/03reuters-turkey-security-germany-merkel.html", "source": "Reuters", "_id": "58b969a995d0e024902fd597", "pub_date": "2017-03-03T13:03:32+0000", "lead_paragraph": "Decisions about public gatherings are made at a local level in Germany, Chancellor Angela Merkel said on Friday, after Turkey accused Berlin of scandalous behavior in cancelling rallies of Turkish citizens where key Turkish ministers were to speak.", "section_name": "World", "type_of_material": "News", "snippet": "Decisions about public gatherings are made at a local level in Germany, Chancellor Angela Merkel said on Friday, after Turkey accused Berlin of scandalous behavior in cancelling rallies of Turkish citizens where key Turkish ministers were to speak...", "document_type": "article", "headline": {"main": "EU Nations Thrash Out Deal on Carbon Market Reform", "print_headline": "EU Nations Thrash Out Deal on Carbon Market Reform"}}]