[{"web_url": "https://www.nytimes.com/reuters/2017/03/03/business/03reuters-carrefour-carmila-ipo.html", "source": "Reuters", "_id": "58b9527e95d0e024902fd557", "pub_date": "2017-03-03T11:24:32+0000", "lead_paragraph": "Carrefour has moved a step closer to floating its property unit Carmila this year with the planned merger of Carmila with Cardety, a listed property firm owned by the French retailer.", "section_name": "Business Day", "type_of_material": "News", "snippet": "Carrefour has moved a step closer to floating its property unit Carmila this year with the planned merger of Carmila with Cardety, a listed property firm owned by the French retailer....", "document_type": "article", "headline": {"main": "Government Forces Recapture Northern Afghanistan District", "print_headline": "Government Forces Recapture Northern Afghanistan District"}}]