[{"web_url": "https://www.nytimes.com/aponline/2017/03/03/world/africa/ap-af-nigeria-boko-haram.html", "source": "AP", "_id": "58b92f4f95d0e024902fd4df", "pub_date": "2017-03-03T08:54:34+0000", "lead_paragraph": "Three suicide bombers set ablaze three fuel tankers in the center of Nigeria's northeastern city of Maiduguri before dawn Friday, officials said, just days before a planned visit by the U.N. Security Council.", "section_name": "World", "type_of_material": "News", "snippet": "Three suicide bombers set ablaze three fuel tankers in the center of Nigeria's northeastern city of Maiduguri before dawn Friday, officials said, just days before a planned visit by the U.N. Security Council....", "document_type": "article", "headline": {"main": "UN Security Council Begins Africa Trip Focused on Boko Haram", "print_headline": "UN Security Council Begins Africa Trip Focused on Boko Haram"}}]