[{"web_url": "https://www.nytimes.com/reuters/2017/03/03/sports/soccer/03reuters-soccer-england-sou-puel.html", "source": "Reuters", "_id": "58b9489e95d0e024902fd531", "pub_date": "2017-03-03T10:42:30+0000", "lead_paragraph": "Southampton manager Claude Puel said his team will find it hard to maintain concentration levels with only two games in March and face a disadvantage against other Premier League sides that play more frequently.", "section_name": "Sports", "type_of_material": "News", "snippet": "Southampton manager Claude Puel said his team will find it hard to maintain concentration levels with only two games in March and face a disadvantage against other Premier League sides that play more frequently....", "document_type": "article", "headline": {"main": "WH Defends Pence's Use of Private Email While Governor", "print_headline": "WH Defends Pence's Use of Private Email While Governor"}}]