[{"web_url": "https://www.nytimes.com/reuters/2017/03/03/world/europe/03reuters-britain-politics-scotland-may.html", "source": "Reuters", "_id": "58b9489f95d0e024902fd533", "pub_date": "2017-03-03T10:42:30+0000", "lead_paragraph": "There is no economic case for breaking up the United Kingdom, British Prime Minister Theresa May said on Friday, in a speech attacking Scottish nationalists for being \"obsessed\" with independence.", "section_name": "World", "type_of_material": "News", "snippet": "There is no economic case for breaking up the United Kingdom, British Prime Minister Theresa May said on Friday, in a speech attacking Scottish nationalists for being \"obsessed\" with independence....", "document_type": "article", "headline": {"main": "WH Defends Pence's Use of Private Email While Governor", "print_headline": "WH Defends Pence's Use of Private Email While Governor"}}]