[{"web_url": "https://www.nytimes.com/reuters/2017/03/03/us/politics/03reuters-usa-trump-un-torture.html", "source": "Reuters", "_id": "58b97e1295d0e024902fd5c8", "pub_date": "2017-03-03T14:30:31+0000", "lead_paragraph": "A U.N. human rights expert voiced alarm on Friday that U.S. President Donald Trump might allow torture in interrogations, warning that it \"lays down the gauntlet\" for other countries to follow suit.", "section_name": "U.S.", "type_of_material": "News", "snippet": "A U.N. human rights expert voiced alarm on Friday that U.S. President Donald Trump might allow torture in interrogations, warning that it \"lays down the gauntlet\" for other countries to follow suit....", "document_type": "article", "headline": {"print_headline": "Jeff Sessions Violated His Oath", "main": "Jeff Sessions Violated His Oath", "kicker": "Op-Ed Columnist", "content_kicker": "Op-Ed Columnist"}}]