[{"web_url": "https://www.nytimes.com/2017/03/03/magazine/strangers-on-an-18-hour-train.html", "source": "The New York Times", "_id": "58b93ead95d0e024902fd503", "pub_date": "2017-03-03T10:00:04+0000", "lead_paragraph": "Discomfort and deliverance on a long trip through Pakistan.", "section_name": "Magazine", "type_of_material": "News", "snippet": "Discomfort and deliverance on a long trip through Pakistan....", "document_type": "article", "headline": {"print_headline": "Majority Rules on Investigations", "main": "Majority Rule Means the Power to Stop, Not Just Start, an Investigation", "kicker": "On Washington", "content_kicker": "On Washington"}}]