[{"web_url": "https://www.nytimes.com/reuters/2017/03/03/business/03reuters-soccer-england-whu-che-bilic.html", "source": "Reuters", "_id": "58b91fd695d0e024902fd4b0", "pub_date": "2017-03-03T07:48:31+0000", "lead_paragraph": "West Ham United rejected bids from Chinese Super League clubs for striker Andy Carroll, manager Slaven Bilic has confirmed, saying the Premier League side have no plans to sell one of their \"best players\".", "section_name": "Business Day", "type_of_material": "News", "snippet": "West Ham United rejected bids from Chinese Super League clubs for striker Andy Carroll, manager Slaven Bilic has confirmed, saying the Premier League side have no plans to sell one of their \"best players\"....", "document_type": "article", "headline": {"main": "Karanka Does Not Fear Sack, Focussed on Middlesbrough Survival", "print_headline": "Karanka Does Not Fear Sack, Focussed on Middlesbrough Survival"}}]