[{"web_url": "https://www.nytimes.com/aponline/2017/03/03/us/ap-us-chicago-violence-train-thefts-.html", "source": "AP", "_id": "58b90d9095d0e024902fd49a", "pub_date": "2017-03-03T06:30:37+0000", "lead_paragraph": "When street-gang thieves slipped with ease into a Norfolk Southern rail yard on Chicago's South Side and ripped locks off one train, they likely expected to see merchandise like toys or tennis shoes. What they beheld instead was a gangster's jackpot: box after box of brand new guns.", "section_name": "U.S.", "type_of_material": "News", "snippet": "When street-gang thieves slipped with ease into a Norfolk Southern rail yard on Chicago's South Side and ripped locks off one train, they likely expected to see merchandise like toys or tennis shoes. What they beheld instead was a gangster's jackp...", "document_type": "article", "headline": {"main": "Lillard Scores 33 as Trail Blazers Beat Thunder 114-109", "print_headline": "Lillard Scores 33 as Trail Blazers Beat Thunder 114-109"}}]