[{"web_url": "https://www.nytimes.com/reuters/2017/03/03/sports/cricket/03reuters-cricket-india-kohli.html", "source": "Reuters", "_id": "58b942fb95d0e024902fd51d", "pub_date": "2017-03-03T10:18:27+0000", "lead_paragraph": "India have learnt their lessons from the debacle in Pune and will not repeat the mistakes in the second test against Australia, captain Virat Kohli said on Friday.", "section_name": "Sports", "type_of_material": "News", "snippet": "India have learnt their lessons from the debacle in Pune and will not repeat the mistakes in the second test against Australia, captain Virat Kohli said on Friday....", "document_type": "article", "headline": {"main": "US Admiral in Disputed South China Sea: 'We Will Be Here'", "print_headline": "US Admiral in Disputed South China Sea: 'We Will Be Here'"}}]