[{"web_url": "https://www.nytimes.com/reuters/2017/03/03/world/europe/03reuters-usa-trump-merkel.html", "source": "Reuters", "_id": "58b9722095d0e024902fd5a9", "pub_date": "2017-03-03T13:39:35+0000", "lead_paragraph": "German Chancellor Angela Merkel will travel to Washington on March 14 to meet President Donald Trump, their first encounter after a rocky start to relations amid disagreements about trade, Trump&#8217;s travel ban and his comments about the media.", "section_name": "World", "type_of_material": "News", "snippet": "German Chancellor Angela Merkel will travel to Washington on March 14 to meet President Donald Trump, their first encounter after a rocky start to relations amid disagreements about trade, Trump&#8217;s travel ban and his comments about the media....", "document_type": "article", "headline": {"main": "NBCUniversal Invested $500 Million in Snap Inc as Part of IPO", "print_headline": "NBCUniversal Invested $500 Million in Snap Inc as Part of IPO"}}]