[{"web_url": "https://www.nytimes.com/reuters/2017/03/03/world/africa/03reuters-europe-migrants-tunisia-germany.html", "source": "Reuters", "_id": "58b97f7695d0e024902fd5ce", "pub_date": "2017-03-03T14:36:30+0000", "lead_paragraph": "Chancellor Angela Merkel said on Friday Tunisia had agreed to take back 1,500 rejected Tunisian migrants from Germany, after an attack by a Tunisian on a Christmas market in Berlin which killed 12 people.", "section_name": "World", "type_of_material": "News", "snippet": "Chancellor Angela Merkel said on Friday Tunisia had agreed to take back 1,500 rejected Tunisian migrants from Germany, after an attack by a Tunisian on a Christmas market in Berlin which killed 12 people....", "document_type": "article", "headline": {"main": "Moroccan Designer's Embroidery School Revives Fading Art", "print_headline": "Moroccan Designer's Embroidery School Revives Fading Art"}}]