[{"web_url": "https://www.nytimes.com/2017/03/03/books/review/pontius-pilate-aldo-schiavone.html", "source": "The New York Times", "_id": "58b976f495d0e024902fd5b6", "pub_date": "2017-03-03T14:00:13+0000", "lead_paragraph": "In \u201cPontius Pilate: Deciphering a Memory,\u201d Aldo Schiavone attempts to flesh out the real Pontius Pilate.", "section_name": "Books", "type_of_material": "Review", "snippet": "In \u201cPontius Pilate: Deciphering a Memory,\u201d Aldo Schiavone attempts to flesh out the real Pontius Pilate....", "document_type": "article", "headline": {"main": "South Africa's Zuma Won't Suspend Prosecutor Over Gordhan Charges", "print_headline": "South Africa's Zuma Won't Suspend Prosecutor Over Gordhan Charges"}}]