[{"web_url": "https://www.nytimes.com/reuters/2017/03/03/sports/soccer/03reuters-soccer-england-whu-che-wise.html", "source": "Reuters", "_id": "58b9051995d0e024902fd48d", "pub_date": "2017-03-03T05:54:27+0000", "lead_paragraph": "Former Chelsea midfielder Dennis Wise has likened N'Golo Kante to club great Claude Makelele and said the 25-year-old's stellar performance is one of the reasons the London side appear to be cruising towards the Premier League title.", "section_name": "Sports", "type_of_material": "News", "snippet": "Former Chelsea midfielder Dennis Wise has likened N'Golo Kante to club great Claude Makelele and said the 25-year-old's stellar performance is one of the reasons the London side appear to be cruising towards the Premier League title....", "document_type": "article", "headline": {"main": "What\u2019s on TV Friday: \u2018Fire at Sea\u2019 and \u2018Vice: Trans Youth\u2019", "print_headline": "What\u2019s on Friday"}}]