[{"web_url": "https://www.nytimes.com/aponline/2017/03/03/world/asia/ap-as-china-skorea.html", "source": "AP", "_id": "58b9024f95d0e024902fd48b", "pub_date": "2017-03-03T05:42:35+0000", "lead_paragraph": "Beijing's escalating condemnation of South Korea over a U.S. anti-missile system has triggered protests against a popular retail giant and a reported ban on Chinese tour groups visiting the country, apparent signs that Beijing plans to make Seoul pay an economic price over a move that China says threatens its security.", "section_name": "World", "type_of_material": "News", "snippet": "Beijing's escalating condemnation of South Korea over a U.S. anti-missile system has triggered protests against a popular retail giant and a reported ban on Chinese tour groups visiting the country, apparent signs that Beijing plans to make Seoul ...", "document_type": "article", "headline": {"main": "What\u2019s on TV Friday: \u2018Fire at Sea\u2019 and \u2018Vice: Trans Youth\u2019", "print_headline": "What\u2019s on Friday"}}]