[{"web_url": "https://www.nytimes.com/slideshow/2017/03/03/realestate/once-a-school-now-a-showcase.html", "source": "The New York Times", "_id": "58b9770e95d0e024902fd5bb", "pub_date": "2017-03-03T14:00:38+0000", "lead_paragraph": "Manhattan\u2019s luxury market saw a flow of activity in townhouses. Topping the list of sales was a mansion owned by the investor Andrew L. Farkas.", "section_name": "Real Estate", "type_of_material": "Slideshow", "snippet": "Manhattan\u2019s luxury market saw a flow of activity in townhouses. Topping the list of sales was a mansion owned by the investor Andrew L. Farkas....", "document_type": "multimedia", "headline": {"main": "South Africa's Zuma Won't Suspend Prosecutor Over Gordhan Charges", "print_headline": "South Africa's Zuma Won't Suspend Prosecutor Over Gordhan Charges"}}]