[{"web_url": "https://www.nytimes.com/2017/03/03/us/trump-trade-effects-indiana.html", "source": "The New York Times", "_id": "58b93ec395d0e024902fd50a", "pub_date": "2017-03-03T10:00:27+0000", "lead_paragraph": "As President Trump rewrites trade policy, the impact will be felt in places like Evansville, Ind., where the likely winners and losers live side by side.", "section_name": "U.S.", "type_of_material": "News", "snippet": "As President Trump rewrites trade policy, the impact will be felt in places like Evansville, Ind., where the likely winners and losers live side by side....", "document_type": "article", "headline": {"main": "Greece Seeks France's Help on Bailout, Eyes 2017 Bond 'Test'", "print_headline": "Greece Seeks France's Help on Bailout, Eyes 2017 Bond 'Test'"}}]