[{"web_url": "https://www.nytimes.com/reuters/2017/03/03/business/03reuters-snap-ipo-funds.html", "source": "Reuters", "_id": "58b9473695d0e024902fd52d", "pub_date": "2017-03-03T10:36:29+0000", "lead_paragraph": "Institutional investors anxious not to be left out of this year's marquee initial public offering helped Snap Inc pull off the biggest U.S.-listed technology share sale this week since Chinese e-commerce juggernaut Alibaba Group Holding Inc smashed records in 2014. ", "section_name": "Business Day", "type_of_material": "News", "snippet": "Institutional investors anxious not to be left out of this year's marquee initial public offering helped Snap Inc pull off the biggest U.S.-listed technology share sale this week since Chinese e-commerce juggernaut Alibaba Group Holding Inc smashe...", "document_type": "article", "headline": {"main": "There Is No Economic Case for Breaking Up the United Kingdom, Says May", "print_headline": "There Is No Economic Case for Breaking Up the United Kingdom, Says May"}}]