[{"web_url": "https://www.nytimes.com/aponline/2017/03/03/us/ap-us-cat-grave-wheelchair-access.html", "source": "AP", "_id": "58b96b1895d0e024902fd59d", "pub_date": "2017-03-03T13:09:36+0000", "lead_paragraph": "A double amputee who uses a wheelchair is suing for access to the grave of his two-legged cat, arguing that the Ohio property's new owners discriminated against him by installing landscaping barriers that block his way.", "section_name": "U.S.", "type_of_material": "News", "snippet": "A double amputee who uses a wheelchair is suing for access to the grave of his two-legged cat, arguing that the Ohio property's new owners discriminated against him by installing landscaping barriers that block his way....", "document_type": "article", "headline": {"main": "EU Nations Thrash Out Deal on Carbon Market Reform", "print_headline": "EU Nations Thrash Out Deal on Carbon Market Reform"}}]