[{"web_url": "https://www.nytimes.com/2017/03/03/science/supernova-sn1987a-hubble-space-telescope.html", "source": "The New York Times", "_id": "58b97e2695d0e024902fd5cb", "pub_date": "2017-03-03T14:30:56+0000", "lead_paragraph": "New images from the Hubble Space Telescope have been released of the supernova called SN1987A, first detected in February 1987.", "section_name": "Science", "type_of_material": "News", "snippet": "New images from the Hubble Space Telescope have been released of the supernova called SN1987A, first detected in February 1987....", "document_type": "article", "headline": {"main": "Disgraced Journalist Charged Over Bomb Threats to U.S. Jewish Groups", "print_headline": "Disgraced Journalist Charged Over Bomb Threats to U.S. Jewish Groups"}}]