[{"web_url": "https://www.nytimes.com/aponline/2017/03/03/us/ap-us-aaron-hernandez.html", "source": "AP", "_id": "58b981a295d0e024902fd5d5", "pub_date": "2017-03-03T14:45:49+0000", "lead_paragraph": "Jurors in the double-murder trial of ex-NFL star Aaron Hernandez have viewed the scene where two men were fatally shot in 2012.", "section_name": "U.S.", "type_of_material": "News", "snippet": "Jurors in the double-murder trial of ex-NFL star Aaron Hernandez have viewed the scene where two men were fatally shot in 2012....", "document_type": "article", "headline": {"main": "Klopp Urges Inconsistent Liverpool to Get Back on Track", "print_headline": "Klopp Urges Inconsistent Liverpool to Get Back on Track"}}]