[{"web_url": "https://www.nytimes.com/2017/03/03/fashion/paris-boutique-colette.html", "source": "International New York Times", "_id": "58b93ec295d0e024902fd509", "pub_date": "2017-03-03T10:00:27+0000", "lead_paragraph": "Sarah Andelman and Colette Roussaux created the well-known concept store, which turns 20 this month.", "section_name": "Fashion & Style", "type_of_material": "News", "snippet": "Sarah Andelman and Colette Roussaux created the well-known concept store, which turns 20 this month....", "document_type": "article", "headline": {"kicker": "Best of Late Night", "main": "George W. Bush Isn\u2019t Mad at Will Ferrell, His TV Counterpart", "print_headline": "", "content_kicker": "Best of Late Night"}}]