[{"web_url": "https://www.nytimes.com/2017/03/03/magazine/judge-john-hodgman-on-dog-weddings.html", "source": "The New York Times", "_id": "58b93eab95d0e024902fd4fe", "pub_date": "2017-03-03T10:00:00+0000", "lead_paragraph": "The threat of an executive order against Chihuahuas isn\u2019t real.", "section_name": "Magazine", "type_of_material": "News", "snippet": "The threat of an executive order against Chihuahuas isn\u2019t real....", "document_type": "article", "headline": {"print_headline": "Majority Rules on Investigations", "main": "Majority Rule Means the Power to Stop, Not Just Start, an Investigation", "kicker": "On Washington", "content_kicker": "On Washington"}}]