[{"web_url": "https://www.nytimes.com/2017/03/03/sports/soccer/major-league-soccer-preview-opener-2017.html", "source": "The New York Times", "_id": "58b93ec295d0e024902fd508", "pub_date": "2017-03-03T10:00:26+0000", "lead_paragraph": "Entering its 22nd season with two expansion teams, Major League Soccer remains in growth mode. Here\u2019s a look at the 2017 season\u2019s dominant story lines.", "section_name": "Sports", "type_of_material": "News", "snippet": "Entering its 22nd season with two expansion teams, Major League Soccer remains in growth mode. Here\u2019s a look at the 2017 season\u2019s dominant story lines....", "document_type": "article", "headline": {"print_headline": "Majority Rules on Investigations", "main": "Majority Rule Means the Power to Stop, Not Just Start, an Investigation", "kicker": "On Washington", "content_kicker": "On Washington"}}]