[{"web_url": "https://www.nytimes.com/reuters/2017/03/03/sports/soccer/03reuters-soccer-england-stk-hughes.html", "source": "Reuters", "_id": "58b9495395d0e024902fd534", "pub_date": "2017-03-03T10:45:28+0000", "lead_paragraph": "Stoke City manager Mark Hughes appeared to be relishing his selection dilemma ahead of his 10th-placed team's clash with Middlesbrough on Saturday, after last weekend's 4-0 drubbing at Tottenham Hotspur.", "section_name": "Sports", "type_of_material": "News", "snippet": "Stoke City manager Mark Hughes appeared to be relishing his selection dilemma ahead of his 10th-placed team's clash with Middlesbrough on Saturday, after last weekend's 4-0 drubbing at Tottenham Hotspur....", "document_type": "article", "headline": {"main": "WH Defends Pence's Use of Private Email While Governor", "print_headline": "WH Defends Pence's Use of Private Email While Governor"}}]