[{"web_url": "https://www.nytimes.com/2017/03/03/travel/hotel-providence-affordable-paris-france.html", "source": "The New York Times", "_id": "58b94cd295d0e024902fd540", "pub_date": "2017-03-03T11:00:27+0000", "lead_paragraph": "The 18-room H\u00f4tel Providence is a fashionable resting spot in one of the most dynamic neighborhoods of Paris, the 10th Arrondissement.", "section_name": "Travel", "type_of_material": "News", "snippet": "The 18-room H\u00f4tel Providence is a fashionable resting spot in one of the most dynamic neighborhoods of Paris, the 10th Arrondissement....", "document_type": "article", "headline": {"print_headline": "Where Stylishness Is a Priority", "main": "A Stylish Base in Paris for Exploring the Right Bank", "kicker": "Check In", "content_kicker": "Check In"}}]