[{"web_url": "https://www.nytimes.com/reuters/2017/03/03/business/03reuters-lse-deutsche-boerse-hq.html", "source": "Reuters", "_id": "58b9338295d0e024902fd4e6", "pub_date": "2017-03-03T09:12:28+0000", "lead_paragraph": "If the merger of the London Stock Exchange and Deutsche Boerse goes ahead, it would have its head office in London as planned, LSE Chief Executive Xavier Rolet said on Friday.", "section_name": "Business Day", "type_of_material": "News", "snippet": "If the merger of the London Stock Exchange and Deutsche Boerse goes ahead, it would have its head office in London as planned, LSE Chief Executive Xavier Rolet said on Friday....", "document_type": "article", "headline": {"main": "North Korean Suspect in Airport Murder to Be Deported From Malaysia and Not Allowed Back", "print_headline": "North Korean Suspect in Airport Murder to Be Deported From Malaysia and Not Allowed Back"}}]