[{"web_url": "https://www.nytimes.com/reuters/2017/03/03/sports/soccer/03reuters-soccer-england-mun-carrick.html", "source": "Reuters", "_id": "58b91a3395d0e024902fd4ac", "pub_date": "2017-03-03T07:24:27+0000", "lead_paragraph": "Manchester United midfielder Michael Carrick hinted he could call time on his career if the club do not offer him a new contract for the next season.", "section_name": "Sports", "type_of_material": "News", "snippet": "Manchester United midfielder Michael Carrick hinted he could call time on his career if the club do not offer him a new contract for the next season....", "document_type": "article", "headline": {"print_headline": "Questions for: \u2018Before Vaquitas Vanish, a Desperate Bid to Save Them\u2019", "main": "Questions for: \u2018Before Vaquitas Vanish, a Desperate Bid to Save Them\u2019", "kicker": "Article of the Day", "content_kicker": "Article of the Day"}}]