[{"web_url": "https://www.nytimes.com/2017/03/03/opinion/spacex-plans-to-send-tourists-to-the-moon.html", "source": "The New York Times", "_id": "58b9852595d0e024902fd5e3", "pub_date": "2017-03-03T15:00:45+0000", "lead_paragraph": "Ready for liftoff?", "section_name": "Opinion", "type_of_material": "Op-Ed", "snippet": "Ready for liftoff?...", "document_type": "article", "headline": {"print_headline": "How Trump Wins by Losing", "main": "How Donald Trump Wins by Losing", "kicker": "Opinion", "content_kicker": "Opinion"}}]