[{"web_url": "https://www.nytimes.com/reuters/2017/03/03/arts/03reuters-britain-eu-play.html", "source": "Reuters", "_id": "58b916b295d0e024902fd4a5", "pub_date": "2017-03-03T07:09:33+0000", "lead_paragraph": "Brendon O'Donnell voted to leave the European Union because he felt British money should go to struggling communities or local hospitals rather than Brussels, and his voice was not being heard.", "section_name": "Arts", "type_of_material": "News", "snippet": "Brendon O'Donnell voted to leave the European Union because he felt British money should go to struggling communities or local hospitals rather than Brussels, and his voice was not being heard....", "document_type": "article", "headline": {"print_headline": "Questions for: \u2018Before Vaquitas Vanish, a Desperate Bid to Save Them\u2019", "main": "Questions for: \u2018Before Vaquitas Vanish, a Desperate Bid to Save Them\u2019", "kicker": "Article of the Day", "content_kicker": "Article of the Day"}}]