[{"web_url": "https://www.nytimes.com/aponline/2017/03/03/us/politics/ap-us-trump.html", "source": "AP", "_id": "58b92d4195d0e024902fd4db", "pub_date": "2017-03-03T08:45:41+0000", "lead_paragraph": "President Donald Trump toured a private religious school in Florida on Friday, praising it as an ideal institution for \"disadvantaged children\" while re-emphasizing that his education agenda will focus on school choice.", "section_name": "U.S.", "type_of_material": "News", "snippet": "President Donald Trump toured a private religious school in Florida on Friday, praising it as an ideal institution for \"disadvantaged children\" while re-emphasizing that his education agenda will focus on school choice....", "document_type": "article", "headline": {"main": "UN Security Council Begins Africa Trip Focused on Boko Haram", "print_headline": "UN Security Council Begins Africa Trip Focused on Boko Haram"}}]