[{"web_url": "https://www.nytimes.com/aponline/2017/03/03/world/europe/ap-eu-northern-ireland-election.html", "source": "AP", "_id": "58b92d3a95d0e024902fd4da", "pub_date": "2017-03-03T08:45:39+0000", "lead_paragraph": "Sinn Fein, the Irish nationalist party, has fallen just short of becoming the largest party in elections for the Northern Ireland Assembly.", "section_name": "World", "type_of_material": "News", "snippet": "Sinn Fein, the Irish nationalist party, has fallen just short of becoming the largest party in elections for the Northern Ireland Assembly....", "document_type": "article", "headline": {"main": "UN Security Council Begins Africa Trip Focused on Boko Haram", "print_headline": "UN Security Council Begins Africa Trip Focused on Boko Haram"}}]