[{"web_url": "https://www.nytimes.com/aponline/2017/03/03/world/europe/ap-eu-britain-sky-merger.html", "source": "AP", "_id": "58b9657895d0e024902fd58b", "pub_date": "2017-03-03T12:45:38+0000", "lead_paragraph": "Britain's Culture Secretary says she is considering intervening in the proposed merger of Sky and Twenty-First Century Fox.", "section_name": "World", "type_of_material": "News", "snippet": "Britain's Culture Secretary says she is considering intervening in the proposed merger of Sky and Twenty-First Century Fox....", "document_type": "article", "headline": {"main": "Vanessa Seward: Fall 2017"}}]