[{"web_url": "https://www.nytimes.com/slideshow/2017/03/03/fashion/runway-womens/loewe-fall-2017.html", "source": "The New York Times", "_id": "58b9614795d0e024902fd57d", "pub_date": "2017-03-03T12:27:33+0000", "lead_paragraph": "Jonathan Anderson shows the label\u2019s fall looks.", "section_name": "Fashion & Style", "type_of_material": "Slideshow", "snippet": "Jonathan Anderson shows the label\u2019s fall looks....", "document_type": "multimedia", "headline": {"main": "Kirkuk Oil Flows in Jeopardy Again as Kurdish Tensions Grow", "print_headline": "Kirkuk Oil Flows in Jeopardy Again as Kurdish Tensions Grow"}}]