[{"web_url": "https://www.nytimes.com/aponline/2017/03/03/world/africa/ap-af-africa-un-security-council.html", "source": "AP", "_id": "58b9317695d0e024902fd4e2", "pub_date": "2017-03-03T09:03:42+0000", "lead_paragraph": "The U.N. Security Council on Friday kicked off a visit to spotlight Africa's worst humanitarian crisis as millions face hunger amid the Boko Haram insurgency in Nigeria and the Lake Chad region.", "section_name": "World", "type_of_material": "News", "snippet": "The U.N. Security Council on Friday kicked off a visit to spotlight Africa's worst humanitarian crisis as millions face hunger amid the Boko Haram insurgency in Nigeria and the Lake Chad region....", "document_type": "article", "headline": {"main": "North Korean Suspect in Airport Murder to Be Deported From Malaysia and Not Allowed Back", "print_headline": "North Korean Suspect in Airport Murder to Be Deported From Malaysia and Not Allowed Back"}}]