[{"web_url": "https://www.nytimes.com/2017/03/03/technology/review-nintendo-switch.html", "source": "The New York Times", "_id": "58b95ac995d0e024902fd56a", "pub_date": "2017-03-03T12:00:03+0000", "lead_paragraph": "A panoply of opinions take on the latest video game launch.", "section_name": "Technology", "type_of_material": "News", "snippet": "A panoply of opinions take on the latest video game launch....", "document_type": "article", "headline": {"main": "PETA Condemns N.H.L.\u2019s Use of Real Penguins in Pittsburgh Pregame Show", "print_headline": "Activists Condemn the Use of Live Penguins"}}]