[{"web_url": "https://www.nytimes.com/reuters/2017/03/03/world/europe/03reuters-germany-security.html", "source": "Reuters", "_id": "58b92a6195d0e024902fd4d0", "pub_date": "2017-03-03T08:33:29+0000", "lead_paragraph": "German authorities in the southwestern town of Gaggenau evacuated the city hall on Friday after receiving a bomb threat, its mayor told German television, one day after he canceled an event where Turkey's justice minister was to speak.", "section_name": "World", "type_of_material": "News", "snippet": "German authorities in the southwestern town of Gaggenau evacuated the city hall on Friday after receiving a bomb threat, its mayor told German television, one day after he canceled an event where Turkey's justice minister was to speak....", "document_type": "article", "headline": {"main": "WBC Hands Povetkin Suspension, $250,000 Fine in Doping Case", "print_headline": "WBC Hands Povetkin Suspension, $250,000 Fine in Doping Case"}}]