[{"web_url": "https://www.nytimes.com/reuters/2017/03/03/business/03reuters-deutsche-bank-newissue.html", "source": "Reuters", "_id": "58b983ad95d0e024902fd5da", "pub_date": "2017-03-03T14:54:34+0000", "lead_paragraph": "Deutsche Bank will soon inform investors and shareholders about adjustments to its future strategy, a person familiar with the matter told Reuters, adding a capital increase was among possible tools the lender could use.", "section_name": "Business Day", "type_of_material": "News", "snippet": "Deutsche Bank will soon inform investors and shareholders about adjustments to its future strategy, a person familiar with the matter told Reuters, adding a capital increase was among possible tools the lender could use....", "document_type": "article", "headline": {"main": "Klopp Urges Inconsistent Liverpool to Get Back on Track", "print_headline": "Klopp Urges Inconsistent Liverpool to Get Back on Track"}}]