[{"web_url": "https://www.nytimes.com/reuters/2017/03/03/business/03reuters-usa-stocks.html", "source": "Reuters", "_id": "58b9640995d0e024902fd586", "pub_date": "2017-03-03T12:39:33+0000", "lead_paragraph": "The S&amp;P 500 and Nasdaq closed out their sixth straight week of gains with a flat session after Janet Yellen signaled the Federal Reserve is set to raise interest rates this month if employment and other economic data hold up.", "section_name": "Business Day", "type_of_material": "News", "snippet": "The S&amp;P 500 and Nasdaq closed out their sixth straight week of gains with a flat session after Janet Yellen signaled the Federal Reserve is set to raise interest rates this month if employment and other economic data hold up....", "document_type": "article", "headline": {"main": "Vanessa Seward: Fall 2017"}}]