[{"web_url": "https://www.nytimes.com/aponline/2017/03/03/world/africa/ap-af-mali-extremists.html", "source": "AP", "_id": "58b93ed895d0e024902fd50f", "pub_date": "2017-03-03T10:00:50+0000", "lead_paragraph": "Three prominent Islamic extremist groups in Mali have announced they have merged into one and pledged allegiance to al-Qaida's leader, according to an organization that monitors jihadist websites.", "section_name": "World", "type_of_material": "News", "snippet": "Three prominent Islamic extremist groups in Mali have announced they have merged into one and pledged allegiance to al-Qaida's leader, according to an organization that monitors jihadist websites....", "document_type": "article", "headline": {"main": "Greece Seeks France's Help on Bailout, Eyes 2017 Bond 'Test'", "print_headline": "Greece Seeks France's Help on Bailout, Eyes 2017 Bond 'Test'"}}]