[{"web_url": "https://www.nytimes.com/reuters/2017/03/03/world/americas/03reuters-usa-immigration-parents.html", "source": "Reuters", "_id": "58b9527695d0e024902fd554", "pub_date": "2017-03-03T11:24:32+0000", "lead_paragraph": "Parents who immigrated illegally to the United States and now fear deportation under the Trump administration are inundating immigration advocates with requests for help in securing care for their children in the event they are expelled from the country.", "section_name": "World", "type_of_material": "News", "snippet": "Parents who immigrated illegally to the United States and now fear deportation under the Trump administration are inundating immigration advocates with requests for help in securing care for their children in the event they are expelled from the c...", "document_type": "article", "headline": {"main": "Government Forces Recapture Northern Afghanistan District", "print_headline": "Government Forces Recapture Northern Afghanistan District"}}]