[{"web_url": "https://www.nytimes.com/aponline/2017/03/03/us/ap-us-tennessee-officers-shot.html", "source": "AP", "_id": "58b96e9795d0e024902fd5a6", "pub_date": "2017-03-03T13:24:36+0000", "lead_paragraph": "Sentencing has been delayed for a man convicted of fatally shooting a police officer in Memphis, Tennessee, during a chaotic raid of his home.", "section_name": "U.S.", "type_of_material": "News", "snippet": "Sentencing has been delayed for a man convicted of fatally shooting a police officer in Memphis, Tennessee, during a chaotic raid of his home....", "document_type": "article", "headline": {"main": "NBCUniversal Invested $500 Million in Snap Inc as Part of IPO", "print_headline": "NBCUniversal Invested $500 Million in Snap Inc as Part of IPO"}}]