[{"web_url": "https://www.nytimes.com/reuters/2017/03/03/world/europe/03reuters-mideast-crisis-syria-palmyra.html", "source": "Reuters", "_id": "58b9786995d0e024902fd5bd", "pub_date": "2017-03-03T14:06:27+0000", "lead_paragraph": "Damage to the World Heritage site of Palymra by Islamic State militants may be less than earlier believed, Syria's antiquities chief said on Friday.", "section_name": "World", "type_of_material": "News", "snippet": "Damage to the World Heritage site of Palymra by Islamic State militants may be less than earlier believed, Syria's antiquities chief said on Friday....", "document_type": "article", "headline": {"main": "South Africa's Zuma Won't Suspend Prosecutor Over Gordhan Charges", "print_headline": "South Africa's Zuma Won't Suspend Prosecutor Over Gordhan Charges"}}]