[{"web_url": "https://www.nytimes.com/2017/03/03/business/dealbook/snap-caterpillar-tax-harvard-donations.html", "source": "The New York Times", "_id": "58b94f1495d0e024902fd54b", "pub_date": "2017-03-03T11:10:08+0000", "lead_paragraph": "Snap\u2019s spectacular debut has left some investors wondering how the company can be worth so much, while others just seem eager to jump aboard the marquee offering.", "section_name": "Business Day", "type_of_material": "News", "snippet": "Snap\u2019s spectacular debut has left some investors wondering how the company can be worth so much, while others just seem eager to jump aboard the marquee offering....", "document_type": "article", "headline": {"main": "Syria Talks Set to End With 'Agreed Agenda'-Diplomats", "print_headline": "Syria Talks Set to End With 'Agreed Agenda'-Diplomats"}}]