[{"web_url": "https://www.nytimes.com/aponline/2017/03/03/us/ap-us-trump-hotel-fire-nyc.html", "source": "AP", "_id": "58b9770d95d0e024902fd5ba", "pub_date": "2017-03-03T14:00:37+0000", "lead_paragraph": "The Fire Department of New York says it has put out an apartment fire at the Trump International Hotel and Tower in Manhattan.", "section_name": "U.S.", "type_of_material": "News", "snippet": "The Fire Department of New York says it has put out an apartment fire at the Trump International Hotel and Tower in Manhattan....", "document_type": "article", "headline": {"main": "South Africa's Zuma Won't Suspend Prosecutor Over Gordhan Charges", "print_headline": "South Africa's Zuma Won't Suspend Prosecutor Over Gordhan Charges"}}]