[{"web_url": "https://www.nytimes.com/reuters/2017/03/03/world/europe/03reuters-france-election-udi.html", "source": "Reuters", "_id": "58b966dd95d0e024902fd58d", "pub_date": "2017-03-03T12:51:33+0000", "lead_paragraph": "France's centre-right UDI party is set to withdraw its support on Friday for presidential candidate Francois Fillon, a source close to the party's leadership told Reuters as the scandal-hit conservative loses backers.", "section_name": "World", "type_of_material": "News", "snippet": "France's centre-right UDI party is set to withdraw its support on Friday for presidential candidate Francois Fillon, a source close to the party's leadership told Reuters as the scandal-hit conservative loses backers....", "document_type": "article", "headline": {"main": "Vanessa Seward: Fall 2017"}}]