[{"web_url": "https://www.nytimes.com/aponline/2017/03/03/world/africa/ap-af-congo-opposition.html", "source": "AP", "_id": "58b96f5595d0e024902fd5a7", "pub_date": "2017-03-03T13:27:42+0000", "lead_paragraph": "The opposition coalition in Congo has announced that the son of late opposition leader Etienne Tshisekedi will become the group's president.", "section_name": "World", "type_of_material": "News", "snippet": "The opposition coalition in Congo has announced that the son of late opposition leader Etienne Tshisekedi will become the group's president....", "document_type": "article", "headline": {"main": "NBCUniversal Invested $500 Million in Snap Inc as Part of IPO", "print_headline": "NBCUniversal Invested $500 Million in Snap Inc as Part of IPO"}}]