[{"web_url": "https://www.nytimes.com/aponline/2017/03/03/us/ap-us-comic-book-auction.html", "source": "AP", "_id": "58b97ed895d0e024902fd5cc", "pub_date": "2017-03-03T14:33:50+0000", "lead_paragraph": "By day, Jon Berk is a mild-mannered civil attorney in Connecticut.", "section_name": "U.S.", "type_of_material": "News", "snippet": "By day, Jon Berk is a mild-mannered civil attorney in Connecticut....", "document_type": "article", "headline": {"main": "Disgraced Journalist Charged Over Bomb Threats to U.S. Jewish Groups", "print_headline": "Disgraced Journalist Charged Over Bomb Threats to U.S. Jewish Groups"}}]