[{"web_url": "https://www.nytimes.com/reuters/2017/03/03/world/asia/03reuters-northkorea-malaysia-kim-diplomacy.html", "source": "Reuters", "_id": "58b9365295d0e024902fd4e9", "pub_date": "2017-03-03T09:24:28+0000", "lead_paragraph": "A North Korean suspect detained by Malaysia in connection with the bizarre airport murder of Kim Jong Nam will be deported to Pyongyang on Friday and not allowed back, the Malaysian deputy prime minister said on Friday. ", "section_name": "World", "type_of_material": "News", "snippet": "A North Korean suspect detained by Malaysia in connection with the bizarre airport murder of Kim Jong Nam will be deported to Pyongyang on Friday and not allowed back, the Malaysian deputy prime minister said on Friday....", "document_type": "article", "headline": {"main": "North Korean Suspect in Airport Murder to Be Deported From Malaysia and Not Allowed Back", "print_headline": "North Korean Suspect in Airport Murder to Be Deported From Malaysia and Not Allowed Back"}}]