[{"web_url": "https://www.nytimes.com/aponline/2017/03/03/us/ap-10-things-to-know-today.html", "source": "AP", "_id": "58b9511095d0e024902fd551", "pub_date": "2017-03-03T11:18:35+0000", "lead_paragraph": "Your daily look at late-breaking news, upcoming events and the stories that will be talked about today:", "section_name": "U.S.", "type_of_material": "News", "snippet": "Your daily look at late-breaking news, upcoming events and the stories that will be talked about today:...", "document_type": "article", "headline": {"main": "Government Forces Recapture Northern Afghanistan District", "print_headline": "Government Forces Recapture Northern Afghanistan District"}}]