[{"web_url": "https://www.nytimes.com/reuters/2017/03/03/world/middleeast/03reuters-iraq-oil-kirkuk-turkey.html", "source": "Reuters", "_id": "58b962a495d0e024902fd583", "pub_date": "2017-03-03T12:33:31+0000", "lead_paragraph": "Iraq's Kurdistan is facing growing tensions between its government and the key opposition faction, which briefly disrupted oil flows from the semi-autonomous region this week and has threatened to take more action in coming days.", "section_name": "World", "type_of_material": "News", "snippet": "Iraq's Kurdistan is facing growing tensions between its government and the key opposition faction, which briefly disrupted oil flows from the semi-autonomous region this week and has threatened to take more action in coming days....", "document_type": "article", "headline": {"main": "Kirkuk Oil Flows in Jeopardy Again as Kurdish Tensions Grow", "print_headline": "Kirkuk Oil Flows in Jeopardy Again as Kurdish Tensions Grow"}}]