[{"web_url": "https://www.nytimes.com/aponline/2017/03/03/world/asia/ap-as-malaysia-north-korea.html", "source": "AP", "_id": "58b9317295d0e024902fd4e1", "pub_date": "2017-03-03T09:03:41+0000", "lead_paragraph": "A North Korean chemist deported from Malaysia accused police of threatening to kill his family unless he confessed to the assassination of the half-brother of North Korea's leader, calling it a plot to tarnish his country's honor.", "section_name": "World", "type_of_material": "News", "snippet": "A North Korean chemist deported from Malaysia accused police of threatening to kill his family unless he confessed to the assassination of the half-brother of North Korea's leader, calling it a plot to tarnish his country's honor....", "document_type": "article", "headline": {"main": "North Korean Suspect in Airport Murder to Be Deported From Malaysia and Not Allowed Back", "print_headline": "North Korean Suspect in Airport Murder to Be Deported From Malaysia and Not Allowed Back"}}]