[{"web_url": "https://www.nytimes.com/2017/03/03/books/review/reality-is-now-what-it-seems-carlo-rovelli.html", "source": "The New York Times", "_id": "58b976fa95d0e024902fd5b7", "pub_date": "2017-03-03T14:00:17+0000", "lead_paragraph": "In \u201cReality Is Not What It Seems,\u201d the Italian physicist Carlo Rovelli takes readers on a tour of recent developments in physics.", "section_name": "Books", "type_of_material": "Review", "snippet": "In \u201cReality Is Not What It Seems,\u201d the Italian physicist Carlo Rovelli takes readers on a tour of recent developments in physics....", "document_type": "article", "headline": {"main": "South Africa's Zuma Won't Suspend Prosecutor Over Gordhan Charges", "print_headline": "South Africa's Zuma Won't Suspend Prosecutor Over Gordhan Charges"}}]