[{"web_url": "https://www.nytimes.com/2017/03/03/opinion/trumps-many-shades-of-contempt.html", "source": "The New York Times", "_id": "58b9323295d0e024902fd4e4", "pub_date": "2017-03-03T09:06:52+0000", "lead_paragraph": "America as a developing country: The family knows everything, the Ministry of Foreign Affairs knows nothing.", "section_name": "Opinion", "type_of_material": "Op-Ed", "snippet": "America as a developing country: The family knows everything, the Ministry of Foreign Affairs knows nothing....", "document_type": "article", "headline": {"main": "North Korean Suspect in Airport Murder to Be Deported From Malaysia and Not Allowed Back", "print_headline": "North Korean Suspect in Airport Murder to Be Deported From Malaysia and Not Allowed Back"}}]