[{"web_url": "https://www.nytimes.com/aponline/2017/03/03/world/middleeast/ap-ml-palestinians-banksy.html", "source": "AP", "_id": "58b964c295d0e024902fd588", "pub_date": "2017-03-03T12:42:35+0000", "lead_paragraph": "A Palestinian guesthouse packed with artwork of the elusive British graffiti artist Banksy unveiled itself Friday in the West Bank city of Bethlehem, with a sneak peek of what the owner sarcastically called the \"hotel with the worst view in the world.\"", "section_name": "World", "type_of_material": "News", "snippet": "A Palestinian guesthouse packed with artwork of the elusive British graffiti artist Banksy unveiled itself Friday in the West Bank city of Bethlehem, with a sneak peek of what the owner sarcastically called the \"hotel with the worst view in the wo...", "document_type": "article", "headline": {"main": "Vanessa Seward: Fall 2017"}}]