[{"web_url": "https://www.nytimes.com/aponline/2017/03/03/us/ap-us-baltimore-police-officers-arrested.html", "source": "AP", "_id": "58b92de995d0e024902fd4dd", "pub_date": "2017-03-03T08:48:35+0000", "lead_paragraph": "They were just seven officers on a police force of more than 3,000, but the Baltimore detectives charged with theft, fraud and conspiracy had an outsized crime-fighting role in a city plagued by violence.", "section_name": "U.S.", "type_of_material": "News", "snippet": "They were just seven officers on a police force of more than 3,000, but the Baltimore detectives charged with theft, fraud and conspiracy had an outsized crime-fighting role in a city plagued by violence....", "document_type": "article", "headline": {"main": "UN Security Council Begins Africa Trip Focused on Boko Haram", "print_headline": "UN Security Council Begins Africa Trip Focused on Boko Haram"}}]