[{"web_url": "https://www.nytimes.com/aponline/2017/03/03/world/africa/ap-af-somalia-us-military.html", "source": "AP", "_id": "58b9241795d0e024902fd4b9", "pub_date": "2017-03-03T08:06:38+0000", "lead_paragraph": "With frequent suicide bombings and assaults on Somalia's hotels and military targets, the Islamic extremist group al-Shabab has proved more resilient than expected, leading President Donald Trump's administration to pursue wider military involvement here as current strategies, including drone attacks, are not enough, security experts say.", "section_name": "World", "type_of_material": "News", "snippet": "With frequent suicide bombings and assaults on Somalia's hotels and military targets, the Islamic extremist group al-Shabab has proved more resilient than expected, leading President Donald Trump's administration to pursue wider military involveme...", "document_type": "article", "headline": {"print_headline": "A Great New Accidental Renaissance", "main": "A Great New Accidental Renaissance", "kicker": "Contributing Op-Ed Writer", "content_kicker": "Contributing Op-Ed Writer"}}]