[{"web_url": "https://www.nytimes.com/reuters/2017/03/03/business/03reuters-boeing-airplane-india.html", "source": "Reuters", "_id": "58b979d195d0e024902fd5be", "pub_date": "2017-03-03T14:12:29+0000", "lead_paragraph": "Boeing Co has approached India's SpiceJet Ltd and Jet Airways Ltd as it gauges airlines' interest in its 737 MAX-10 aircraft, the stretched version of the yet-to-be-delivered 737 MAX narrow-body jetliner, a senior executive said.", "section_name": "Business Day", "type_of_material": "News", "snippet": "Boeing Co has approached India's SpiceJet Ltd and Jet Airways Ltd as it gauges airlines' interest in its 737 MAX-10 aircraft, the stretched version of the yet-to-be-delivered 737 MAX narrow-body jetliner, a senior executive said....", "document_type": "article", "headline": {"main": "South Africa's Zuma Won't Suspend Prosecutor Over Gordhan Charges", "print_headline": "South Africa's Zuma Won't Suspend Prosecutor Over Gordhan Charges"}}]