[{"web_url": "https://www.nytimes.com/aponline/2017/03/03/us/ap-us-pot-customer-records-.html", "source": "AP", "_id": "58b93a9d95d0e024902fd4fb", "pub_date": "2017-03-03T09:42:45+0000", "lead_paragraph": "Oregon lawmakers worried about a nationwide crackdown on legal marijuana under President Donald Trump's administration are rushing to protect the personal information of pot customers in case federal agents try to seize it.", "section_name": "U.S.", "type_of_material": "News", "snippet": "Oregon lawmakers worried about a nationwide crackdown on legal marijuana under President Donald Trump's administration are rushing to protect the personal information of pot customers in case federal agents try to seize it....", "document_type": "article", "headline": {"print_headline": "How to Start a Soccer Chant", "main": "How to Start a Soccer Chant", "kicker": "Tip", "content_kicker": "Tip"}}]