[{"web_url": "https://www.nytimes.com/aponline/2017/03/03/world/europe/ap-eu-russia-corruption.html", "source": "AP", "_id": "58b966e395d0e024902fd58f", "pub_date": "2017-03-03T12:51:40+0000", "lead_paragraph": "Russia's leading opposition figure has published a sweeping report accusing Prime Minister Dmitry Medvedev of corruption, claims which the government has shrugged off as propaganda.", "section_name": "World", "type_of_material": "News", "snippet": "Russia's leading opposition figure has published a sweeping report accusing Prime Minister Dmitry Medvedev of corruption, claims which the government has shrugged off as propaganda....", "document_type": "article", "headline": {"main": "Vanessa Seward: Fall 2017"}}]