[{"web_url": "https://www.nytimes.com/aponline/2017/03/03/us/politics/ap-us-pence-email.html", "source": "AP", "_id": "58b94b7695d0e024902fd53a", "pub_date": "2017-03-03T10:54:40+0000", "lead_paragraph": "Vice President Mike Pence repeatedly stonewalled media requests to view public records when he was Indiana's governor, including emails about state business distributed from a private AOL account that was hacked last year.", "section_name": "U.S.", "type_of_material": "News", "snippet": "Vice President Mike Pence repeatedly stonewalled media requests to view public records when he was Indiana's governor, including emails about state business distributed from a private AOL account that was hacked last year....", "document_type": "article", "headline": {"print_headline": "Where Stylishness Is a Priority", "main": "A Stylish Base in Paris for Exploring the Right Bank", "kicker": "Check In", "content_kicker": "Check In"}}]