[{"web_url": "https://www.nytimes.com/aponline/2017/03/03/sports/soccer/ap-soc-barcelona-luis-enrique.html", "source": "AP", "_id": "58b974f495d0e024902fd5b3", "pub_date": "2017-03-03T13:51:40+0000", "lead_paragraph": "Freed from fretting about the future, Luis Enrique wants to put a happy ending to his three years in charge at Barcelona.", "section_name": "Sports", "type_of_material": "News", "snippet": "Freed from fretting about the future, Luis Enrique wants to put a happy ending to his three years in charge at Barcelona....", "document_type": "article", "headline": {"print_headline": "Money Worries", "main": "Money Worries for Retired Women", "kicker": "", "content_kicker": ""}}]