[{"web_url": "https://www.nytimes.com/aponline/2017/03/03/world/europe/ap-eu-poland-eu-sexism.html", "source": "AP", "_id": "58b9906595d0e024902fd606", "pub_date": "2017-03-03T15:48:47+0000", "lead_paragraph": "A Polish member of the European Parliament has launched another sexist tirade, calling it a \"20th century stereotype that women have the same intellectual potential as men,\" and that the stereotype \"must be destroyed because it is not true.\"", "section_name": "World", "type_of_material": "News", "snippet": "A Polish member of the European Parliament has launched another sexist tirade, calling it a \"20th century stereotype that women have the same intellectual potential as men,\" and that the stereotype \"must be destroyed because it is not true.\"...", "document_type": "article", "headline": {"main": "Queen Elizabeth Marks St David's Day With Leek Gifts", "print_headline": "Queen Elizabeth Marks St David's Day With Leek Gifts"}}]