[{"web_url": "https://www.nytimes.com/reuters/2017/03/03/business/03reuters-eurozone-economy-pmi.html", "source": "Reuters", "_id": "58b9446795d0e024902fd522", "pub_date": "2017-03-03T10:24:30+0000", "lead_paragraph": "Activity in euro zone businesses grew at its quickest pace in nearly six years in February and job creation reached its fastest in almost a decade, driven by robust demand and exports, a survey found.", "section_name": "Business Day", "type_of_material": "News", "snippet": "Activity in euro zone businesses grew at its quickest pace in nearly six years in February and job creation reached its fastest in almost a decade, driven by robust demand and exports, a survey found....", "document_type": "article", "headline": {"main": "US Admiral in Disputed South China Sea: 'We Will Be Here'", "print_headline": "US Admiral in Disputed South China Sea: 'We Will Be Here'"}}]