[{"web_url": "https://www.nytimes.com/aponline/2017/03/03/sports/baseball/ap-bbn-pirates-kang.html", "source": "AP", "_id": "58b96a6395d0e024902fd59c", "pub_date": "2017-03-03T13:06:34+0000", "lead_paragraph": "Pittsburgh Pirates infielder Jung Ho Kang received a suspended two-year prison sentence for fleeing the scene after crashing a car into a guardrail while driving under the influence of alcohol.", "section_name": "Sports", "type_of_material": "News", "snippet": "Pittsburgh Pirates infielder Jung Ho Kang received a suspended two-year prison sentence for fleeing the scene after crashing a car into a guardrail while driving under the influence of alcohol....", "document_type": "article", "headline": {"main": "EU Nations Thrash Out Deal on Carbon Market Reform", "print_headline": "EU Nations Thrash Out Deal on Carbon Market Reform"}}]