[{"web_url": "https://www.nytimes.com/aponline/2017/03/03/sports/basketball/ap-bkn-thunder-trail-blazers.html", "source": "AP", "_id": "58b90fbf95d0e024902fd49c", "pub_date": "2017-03-03T06:39:49+0000", "lead_paragraph": "The Trail Blazers huddled in a timeout with just more than 17 seconds left against Oklahoma City, and the overwhelming sentiment was simple: relax.", "section_name": "Sports", "type_of_material": "News", "snippet": "The Trail Blazers huddled in a timeout with just more than 17 seconds left against Oklahoma City, and the overwhelming sentiment was simple: relax....", "document_type": "article", "headline": {"main": "Lillard Scores 33 as Trail Blazers Beat Thunder 114-109", "print_headline": "Lillard Scores 33 as Trail Blazers Beat Thunder 114-109"}}]