[{"web_url": "https://www.nytimes.com/aponline/2017/03/03/us/ap-us-immigrant-detained.html", "source": "AP", "_id": "58b94ef295d0e024902fd54a", "pub_date": "2017-03-03T11:09:34+0000", "lead_paragraph": "Before she was arrested following an immigration protest, Daniela Vargas dreamed of earning her college degree in Mississippi, then becoming a math professor and soccer mom, driving three kids around in an SUV.", "section_name": "U.S.", "type_of_material": "News", "snippet": "Before she was arrested following an immigration protest, Daniela Vargas dreamed of earning her college degree in Mississippi, then becoming a math professor and soccer mom, driving three kids around in an SUV....", "document_type": "article", "headline": {"main": "Syria Talks Set to End With 'Agreed Agenda'-Diplomats", "print_headline": "Syria Talks Set to End With 'Agreed Agenda'-Diplomats"}}]