[{"web_url": "https://www.nytimes.com/reuters/2017/03/03/sports/olympics/03reuters-olympics-rio-corruptpion.html", "source": "Reuters", "_id": "58b985ce95d0e024902fd5e6", "pub_date": "2017-03-03T15:03:31+0000", "lead_paragraph": "Organisers of the 2016 Rio Olympics denied on Friday that vote buying helped to secure the Games after a French newspaper reported that a Brazilian businessman made payments to the son of an International Olympic Committee (IOC) member before the vote.", "section_name": "Sports", "type_of_material": "News", "snippet": "Organisers of the 2016 Rio Olympics denied on Friday that vote buying helped to secure the Games after a French newspaper reported that a Brazilian businessman made payments to the son of an International Olympic Committee (IOC) member before the ...", "document_type": "article", "headline": {"print_headline": "How Trump Wins by Losing", "main": "How Donald Trump Wins by Losing", "kicker": "Opinion", "content_kicker": "Opinion"}}]