[{"web_url": "https://www.nytimes.com/aponline/2017/03/03/world/europe/ap-eu-italy-fatal-fire.html", "source": "AP", "_id": "58b9722495d0e024902fd5aa", "pub_date": "2017-03-03T13:39:40+0000", "lead_paragraph": "Italian police are investigating the cause of a fire that swept through a makeshift camp for seasonal workers in southern Italy, killing two Africans.", "section_name": "World", "type_of_material": "News", "snippet": "Italian police are investigating the cause of a fire that swept through a makeshift camp for seasonal workers in southern Italy, killing two Africans....", "document_type": "article", "headline": {"main": "NBCUniversal Invested $500 Million in Snap Inc as Part of IPO", "print_headline": "NBCUniversal Invested $500 Million in Snap Inc as Part of IPO"}}]