[{"web_url": "https://www.nytimes.com/2017/03/03/podcasts/the-daily/jeff-sessions-russia.html", "source": "The New York Times", "_id": "58b94be895d0e024902fd53b", "pub_date": "2017-03-03T10:56:32+0000", "lead_paragraph": "What was Jeff Sessions, the new attorney general, doing meeting with the Russian ambassador two months before the election? We discuss on today\u2019s show.", "section_name": "Podcasts", "type_of_material": "News", "snippet": "What was Jeff Sessions, the new attorney general, doing meeting with the Russian ambassador two months before the election? We discuss on today\u2019s show....", "document_type": "article", "headline": {"print_headline": "Where Stylishness Is a Priority", "main": "A Stylish Base in Paris for Exploring the Right Bank", "kicker": "Check In", "content_kicker": "Check In"}}]