[{"web_url": "https://www.nytimes.com/aponline/2017/03/03/us/ap-us-civil-rights-latina-photographer.html", "source": "AP", "_id": "58b92c8595d0e024902fd4d8", "pub_date": "2017-03-03T08:42:42+0000", "lead_paragraph": "Mexican-American photographer Maria Varela was present at some of the most dramatic moments of the Civil Rights Movement, capturing images of voting rights demonstrations in Alabama and efforts to create Head Start programs in poor, rural areas.", "section_name": "U.S.", "type_of_material": "News", "snippet": "Mexican-American photographer Maria Varela was present at some of the most dramatic moments of the Civil Rights Movement, capturing images of voting rights demonstrations in Alabama and efforts to create Head Start programs in poor, rural areas....", "document_type": "article", "headline": {"main": "UN Security Council Begins Africa Trip Focused on Boko Haram", "print_headline": "UN Security Council Begins Africa Trip Focused on Boko Haram"}}]