[{"web_url": "https://www.nytimes.com/aponline/2017/03/03/us/ap-us-fuel-spill-florida.html", "source": "AP", "_id": "58b9576c95d0e024902fd55f", "pub_date": "2017-03-03T11:45:44+0000", "lead_paragraph": "Authorities in Florida are cleaning up after a tanker truck loaded with gasoline and diesel fuel flipped over at Port Everglades in Fort Lauderdale.", "section_name": "U.S.", "type_of_material": "News", "snippet": "Authorities in Florida are cleaning up after a tanker truck loaded with gasoline and diesel fuel flipped over at Port Everglades in Fort Lauderdale....", "document_type": "article", "headline": {"main": "McAuley Closing In on New West Brom Deal", "print_headline": "McAuley Closing In on New West Brom Deal"}}]