[{"web_url": "https://www.nytimes.com/slideshow/2017/03/03/realestate/affordable-housing-boom-in-the-bronx.html", "source": "The New York Times", "_id": "58b93edd95d0e024902fd510", "pub_date": "2017-03-03T10:00:56+0000", "lead_paragraph": "Thousands of affordable rental apartments are planned or are under construction in the Bronx, some with perks like rooftop farms and concert halls.", "section_name": "Real Estate", "type_of_material": "Slideshow", "snippet": "Thousands of affordable rental apartments are planned or are under construction in the Bronx, some with perks like rooftop farms and concert halls....", "document_type": "multimedia", "headline": {"main": "Greece Seeks France's Help on Bailout, Eyes 2017 Bond 'Test'", "print_headline": "Greece Seeks France's Help on Bailout, Eyes 2017 Bond 'Test'"}}]