[{"web_url": "https://www.nytimes.com/aponline/2017/03/03/us/politics/ap-us-congress-troublemakers.html", "source": "AP", "_id": "58b97b4c95d0e024902fd5c3", "pub_date": "2017-03-03T14:18:47+0000", "lead_paragraph": "The Capitol is suddenly awash with troublemakers and rebels &#8212; and that's just the Republicans.", "section_name": "U.S.", "type_of_material": "News", "snippet": "The Capitol is suddenly awash with troublemakers and rebels &#8212; and that's just the Republicans....", "document_type": "article", "headline": {"main": "Nordic Skiing: Norway Take Gold, Hosts Finland Miss Out on Bronze in Men's 10 Km Relay", "print_headline": "Nordic Skiing: Norway Take Gold, Hosts Finland Miss Out on Bronze in Men's 10 Km Relay"}}]