[{"web_url": "https://www.nytimes.com/aponline/2017/03/03/world/middleeast/ap-ml-syria-race-for-raqqa-glance.html", "source": "AP", "_id": "58b90ac495d0e024902fd496", "pub_date": "2017-03-03T06:18:33+0000", "lead_paragraph": "A major assault on the Islamic State group's self-proclaimed capital of Raqqa is expected to begin in the coming weeks, but various military forces eyeing the northern Syrian city are bitterly divided.", "section_name": "World", "type_of_material": "News", "snippet": "A major assault on the Islamic State group's self-proclaimed capital of Raqqa is expected to begin in the coming weeks, but various military forces eyeing the northern Syrian city are bitterly divided....", "document_type": "article", "headline": {"main": "Lillard Scores 33 as Trail Blazers Beat Thunder 114-109", "print_headline": "Lillard Scores 33 as Trail Blazers Beat Thunder 114-109"}}]