[{"web_url": "https://www.nytimes.com/aponline/2017/03/03/us/ap-us-fatal-fire.html", "source": "AP", "_id": "58b9819e95d0e024902fd5d4", "pub_date": "2017-03-03T14:45:43+0000", "lead_paragraph": "There were multiple safety and health deficiencies at a Baltimore assisted living facility where two people perished and four others were injured Friday in a fire, state inspectors reported earlier this year.", "section_name": "U.S.", "type_of_material": "News", "snippet": "There were multiple safety and health deficiencies at a Baltimore assisted living facility where two people perished and four others were injured Friday in a fire, state inspectors reported earlier this year....", "document_type": "article", "headline": {"main": "Klopp Urges Inconsistent Liverpool to Get Back on Track", "print_headline": "Klopp Urges Inconsistent Liverpool to Get Back on Track"}}]