[{"web_url": "https://www.nytimes.com/aponline/2017/03/03/us/politics/ap-us-attorney-general-russia-the-latest.html", "source": "AP", "_id": "58b95f2795d0e024902fd577", "pub_date": "2017-03-03T12:18:38+0000", "lead_paragraph": "The Latest on Attorney General Jeff Sessions' talks with the Russian ambassador (all times local):", "section_name": "U.S.", "type_of_material": "News", "snippet": "The Latest on Attorney General Jeff Sessions' talks with the Russian ambassador (all times local):...", "document_type": "article", "headline": {"main": "Kirkuk Oil Flows in Jeopardy Again as Kurdish Tensions Grow", "print_headline": "Kirkuk Oil Flows in Jeopardy Again as Kurdish Tensions Grow"}}]