[{"web_url": "https://www.nytimes.com/2017/03/03/arts/television/george-w-bush-jimmy-kimmel.html", "source": "The New York Times", "_id": "58b93f1395d0e024902fd512", "pub_date": "2017-03-03T10:01:49+0000", "lead_paragraph": "On \u201cJimmy Kimmel Live!,\u201d the 43rd president set himself apart from the 45th in one conspicuous way: He laughed at himself.", "section_name": "Arts", "type_of_material": "News", "snippet": "On \u201cJimmy Kimmel Live!,\u201d the 43rd president set himself apart from the 45th in one conspicuous way: He laughed at himself....", "document_type": "article", "headline": {"main": "Greece Seeks France's Help on Bailout, Eyes 2017 Bond 'Test'", "print_headline": "Greece Seeks France's Help on Bailout, Eyes 2017 Bond 'Test'"}}]