[{"web_url": "https://www.nytimes.com/reuters/2017/03/03/world/europe/03reuters-mideast-crisis-syria-un-agenda.html", "source": "Reuters", "_id": "58b9510d95d0e024902fd550", "pub_date": "2017-03-03T11:18:29+0000", "lead_paragraph": "Syrian peace talks are expected to conclude later on Friday with an \"agreed agenda\" and a plan to resume negotiations later this month in Geneva, Western diplomats said.", "section_name": "World", "type_of_material": "News", "snippet": "Syrian peace talks are expected to conclude later on Friday with an \"agreed agenda\" and a plan to resume negotiations later this month in Geneva, Western diplomats said....", "document_type": "article", "headline": {"main": "Government Forces Recapture Northern Afghanistan District", "print_headline": "Government Forces Recapture Northern Afghanistan District"}}]