[{"web_url": "https://www.nytimes.com/reuters/2017/03/03/world/asia/03reuters-uzbekistan-dissident.html", "source": "Reuters", "_id": "58b96e9395d0e024902fd5a5", "pub_date": "2017-03-03T13:24:31+0000", "lead_paragraph": "A newspaper editor jailed for 18 years in Uzbekistan says he was subjected to such harsh torture that he forgot the names of his daughters, but was kept alive by the support of human rights groups.", "section_name": "World", "type_of_material": "News", "snippet": "A newspaper editor jailed for 18 years in Uzbekistan says he was subjected to such harsh torture that he forgot the names of his daughters, but was kept alive by the support of human rights groups....", "document_type": "article", "headline": {"main": "NBCUniversal Invested $500 Million in Snap Inc as Part of IPO", "print_headline": "NBCUniversal Invested $500 Million in Snap Inc as Part of IPO"}}]