[{"web_url": "https://www.nytimes.com/aponline/2017/03/03/us/ap-us-deadly-crash-alabama-.html", "source": "AP", "_id": "58b9846795d0e024902fd5df", "pub_date": "2017-03-03T14:57:38+0000", "lead_paragraph": "A Georgia man has been charged in a fiery crash that killed four people in Alabama last summer.", "section_name": "U.S.", "type_of_material": "News", "snippet": "A Georgia man has been charged in a fiery crash that killed four people in Alabama last summer....", "document_type": "article", "headline": {"main": "Film 'Trespass Against Us' Sees Fassbender Tackle Family Woes, Crime", "print_headline": "Film 'Trespass Against Us' Sees Fassbender Tackle Family Woes, Crime"}}]