[{"web_url": "https://www.nytimes.com/reuters/2017/03/03/sports/soccer/03reuters-soccer-spain-rea.html", "source": "Reuters", "_id": "58b983b095d0e024902fd5db", "pub_date": "2017-03-03T14:54:34+0000", "lead_paragraph": "Real Madrid coach Zinedine Zidane is set be without three of his  main forwards for Saturday's trip to Eibar after Cristiano Ronaldo missed training on Friday with an ankle knock, joining the suspended Gareth Bale and Alvaro Morata on the sidelines.", "section_name": "Sports", "type_of_material": "News", "snippet": "Real Madrid coach Zinedine Zidane is set be without three of his  main forwards for Saturday's trip to Eibar after Cristiano Ronaldo missed training on Friday with an ankle knock, joining the suspended Gareth Bale and Alvaro Morata on the sideline...", "document_type": "article", "headline": {"main": "Klopp Urges Inconsistent Liverpool to Get Back on Track", "print_headline": "Klopp Urges Inconsistent Liverpool to Get Back on Track"}}]