[{"web_url": "https://www.nytimes.com/aponline/2017/03/03/world/asia/ap-as-pakistan-.html", "source": "AP", "_id": "58b96c8495d0e024902fd5a0", "pub_date": "2017-03-03T13:15:37+0000", "lead_paragraph": "About 1,300 suspected militants were arrested in a sweep of hideouts in Pakistan's largest province of Punjab, police said Friday.", "section_name": "World", "type_of_material": "News", "snippet": "About 1,300 suspected militants were arrested in a sweep of hideouts in Pakistan's largest province of Punjab, police said Friday....", "document_type": "article", "headline": {"main": "EU Nations Thrash Out Deal on Carbon Market Reform", "print_headline": "EU Nations Thrash Out Deal on Carbon Market Reform"}}]