[{"web_url": "https://www.nytimes.com/2017/03/03/opinion/jeff-sessions-violated-his-oath.html", "source": "The New York Times", "_id": "58b97f3595d0e024902fd5cd", "pub_date": "2017-03-03T14:35:23+0000", "lead_paragraph": "The reality is plain: The attorney general of the United States violated an oath he swore to Congress.", "section_name": "Opinion", "type_of_material": "Op-Ed", "snippet": "The reality is plain: The attorney general of the United States violated an oath he swore to Congress....", "document_type": "article", "headline": {"main": "Disgraced Journalist Charged Over Bomb Threats to U.S. Jewish Groups", "print_headline": "Disgraced Journalist Charged Over Bomb Threats to U.S. Jewish Groups"}}]