[{"web_url": "https://www.nytimes.com/aponline/2017/03/03/us/ap-snap-ipo-high-school.html", "source": "AP", "_id": "58b9424c95d0e024902fd51c", "pub_date": "2017-03-03T10:15:35+0000", "lead_paragraph": "Bake sales and car washes?", "section_name": "U.S.", "type_of_material": "News", "snippet": "Bake sales and car washes?...", "document_type": "article", "headline": {"main": "US Admiral in Disputed South China Sea: 'We Will Be Here'", "print_headline": "US Admiral in Disputed South China Sea: 'We Will Be Here'"}}]