[{"web_url": "https://www.nytimes.com/aponline/2017/03/03/world/middleeast/ap-ml-israel-iran-peace-concert.html", "source": "AP", "_id": "58b926e895d0e024902fd4be", "pub_date": "2017-03-03T08:18:42+0000", "lead_paragraph": "Israeli rocker Aviv Geffen broke into \"The Hope Song,\" a signature hit he wrote after the assassination of Prime Minister Yitzhak Rabin that is often referred to as the Israeli version of John Lennon's \"Imagine.\"", "section_name": "World", "type_of_material": "News", "snippet": "Israeli rocker Aviv Geffen broke into \"The Hope Song,\" a signature hit he wrote after the assassination of Prime Minister Yitzhak Rabin that is often referred to as the Israeli version of John Lennon's \"Imagine.\"...", "document_type": "article", "headline": {"print_headline": "A Great New Accidental Renaissance", "main": "A Great New Accidental Renaissance", "kicker": "Contributing Op-Ed Writer", "content_kicker": "Contributing Op-Ed Writer"}}]