[{"web_url": "https://www.nytimes.com/reuters/2017/03/03/world/europe/03reuters-france-election-poll.html", "source": "Reuters", "_id": "58b94e3995d0e024902fd546", "pub_date": "2017-03-03T11:06:29+0000", "lead_paragraph": "An apparent threat by far-right leader Marine le Pen to punish state employees who \"persecute\" political opponents may have eroded her support, according to a poll which found her first-round lead in France's presidential election slipping.", "section_name": "World", "type_of_material": "News", "snippet": "An apparent threat by far-right leader Marine le Pen to punish state employees who \"persecute\" political opponents may have eroded her support, according to a poll which found her first-round lead in France's presidential election slipping....", "document_type": "article", "headline": {"main": "Syria Talks Set to End With 'Agreed Agenda'-Diplomats", "print_headline": "Syria Talks Set to End With 'Agreed Agenda'-Diplomats"}}]