[{"web_url": "https://www.nytimes.com/reuters/2017/03/03/world/europe/03reuters-turkey-security-germany-meeting.html", "source": "Reuters", "_id": "58b98ccf95d0e024902fd5fe", "pub_date": "2017-03-03T15:33:29+0000", "lead_paragraph": "Turkish and German foreign ministers have agreed to meet in Germany on March 8 to discuss tensions between the two countries after the cancellation of Turkish ministers' rallies, foreign ministry sources in Ankara said on Friday.", "section_name": "World", "type_of_material": "News", "snippet": "Turkish and German foreign ministers have agreed to meet in Germany on March 8 to discuss tensions between the two countries after the cancellation of Turkish ministers' rallies, foreign ministry sources in Ankara said on Friday....", "document_type": "article", "headline": {"main": "Judge: Dad Who Dropped Girl Off Bridge Ready to Stand Trial", "print_headline": "Judge: Dad Who Dropped Girl Off Bridge Ready to Stand Trial"}}]