[{"web_url": "https://www.nytimes.com/video/your-money/100000004929047/millennials-ask-whats-it-like-to-retire.html", "source": "The New York Times", "_id": "58b93ed395d0e024902fd50d", "pub_date": "2017-03-03T10:00:47+0000", "lead_paragraph": "We asked journalism students around the country to talk to seniors about retirement. This is what they recorded.", "section_name": "Your Money", "type_of_material": "Video", "snippet": "We asked journalism students around the country to talk to seniors about retirement. This is what they recorded....", "document_type": "multimedia", "headline": {"main": "Greece Seeks France's Help on Bailout, Eyes 2017 Bond 'Test'", "print_headline": "Greece Seeks France's Help on Bailout, Eyes 2017 Bond 'Test'"}}]