[{"web_url": "https://www.nytimes.com/aponline/2017/03/03/us/ap-us-immigration-crime-victims.html", "source": "AP", "_id": "58b97a9195d0e024902fd5c2", "pub_date": "2017-03-03T14:15:40+0000", "lead_paragraph": "Two years ago, Steve Ronnebeck's son was gunned down at work in a Phoenix-area convenience store over a pack of cigarettes. The man accused of pulling the trigger was an immigrant who was in the country illegally and had been released by federal authorities.", "section_name": "U.S.", "type_of_material": "News", "snippet": "Two years ago, Steve Ronnebeck's son was gunned down at work in a Phoenix-area convenience store over a pack of cigarettes. The man accused of pulling the trigger was an immigrant who was in the country illegally and had been released by federal a...", "document_type": "article", "headline": {"main": "Nordic Skiing: Norway Take Gold, Hosts Finland Miss Out on Bronze in Men's 10 Km Relay", "print_headline": "Nordic Skiing: Norway Take Gold, Hosts Finland Miss Out on Bronze in Men's 10 Km Relay"}}]