[{"web_url": "https://www.nytimes.com/reuters/2017/03/03/world/asia/03reuters-philippines-drugs.html", "source": "Reuters", "_id": "58b943af95d0e024902fd51f", "pub_date": "2017-03-03T10:21:30+0000", "lead_paragraph": "A senator and detained critic of Philippine President Rodrigo Duterte's war on drugs has warned he and his \"blind followers\" will pay for ignoring alleged extrajudicial killings, and should stop trying to fool the world their crackdown was above board.", "section_name": "World", "type_of_material": "News", "snippet": "A senator and detained critic of Philippine President Rodrigo Duterte's war on drugs has warned he and his \"blind followers\" will pay for ignoring alleged extrajudicial killings, and should stop trying to fool the world their crackdown was above b...", "document_type": "article", "headline": {"main": "US Admiral in Disputed South China Sea: 'We Will Be Here'", "print_headline": "US Admiral in Disputed South China Sea: 'We Will Be Here'"}}]