[{"web_url": "https://www.nytimes.com/2017/03/03/arts/television/whats-on-tv-friday-fire-at-sea-and-vice-trans-youth.html", "source": "The New York Times", "_id": "58b9067695d0e024902fd48f", "pub_date": "2017-03-03T06:00:14+0000", "lead_paragraph": "\u201cFire at Sea\u201d chronicles refugees\u2019 horror and hope on a Mediterranean island. And \u201cVice\u201d looks at transgender youths who opt to transition pre-puberty.", "section_name": "Arts", "type_of_material": "Schedule", "snippet": "\u201cFire at Sea\u201d chronicles refugees\u2019 horror and hope on a Mediterranean island. And \u201cVice\u201d looks at transgender youths who opt to transition pre-puberty....", "document_type": "article", "headline": {"main": "What\u2019s on TV Friday: \u2018Fire at Sea\u2019 and \u2018Vice: Trans Youth\u2019", "print_headline": "What\u2019s on Friday"}}]