[{"web_url": "https://www.nytimes.com/2017/03/03/opinion/a-great-new-accidental-renaissance.html", "source": "The New York Times", "_id": "58b9278a95d0e024902fd4c5", "pub_date": "2017-03-03T08:21:23+0000", "lead_paragraph": "I credit President Trump \u2014 not that he seems any more evolved than the first earthworms now appearing in the cold soil of my garden.", "section_name": "Opinion", "type_of_material": "Op-Ed", "snippet": "I credit President Trump \u2014 not that he seems any more evolved than the first earthworms now appearing in the cold soil of my garden....", "document_type": "article", "headline": {"print_headline": "A Great New Accidental Renaissance", "main": "A Great New Accidental Renaissance", "kicker": "Contributing Op-Ed Writer", "content_kicker": "Contributing Op-Ed Writer"}}]