[{"web_url": "https://www.nytimes.com/reuters/2017/03/03/business/03reuters-gasoline-demand.html", "source": "Reuters", "_id": "58b9392395d0e024902fd4f4", "pub_date": "2017-03-03T09:36:28+0000", "lead_paragraph": "Demand for gasoline in the United States, which accounts for a tenth of global oil consumption, is expected to peak next year as engines become more efficient, WoodMackenzie analysts said.", "section_name": "Business Day", "type_of_material": "News", "snippet": "Demand for gasoline in the United States, which accounts for a tenth of global oil consumption, is expected to peak next year as engines become more efficient, WoodMackenzie analysts said....", "document_type": "article", "headline": {"main": "Peak Gasoline Demand Looms With Engine Efficiency Gains", "print_headline": "Peak Gasoline Demand Looms With Engine Efficiency Gains"}}]