[{"web_url": "https://www.nytimes.com/2017/03/03/travel/tusk-portland-restaurant-oregon-review.html", "source": "The New York Times", "_id": "58b94cd395d0e024902fd543", "pub_date": "2017-03-03T11:00:27+0000", "lead_paragraph": "Tusk is a showcase for local Oregon ingredients viewed through a Middle Eastern lens.", "section_name": "Travel", "type_of_material": "News", "snippet": "Tusk is a showcase for local Oregon ingredients viewed through a Middle Eastern lens....", "document_type": "article", "headline": {"print_headline": "Where Stylishness Is a Priority", "main": "A Stylish Base in Paris for Exploring the Right Bank", "kicker": "Check In", "content_kicker": "Check In"}}]