[{"web_url": "https://www.nytimes.com/reuters/2017/03/03/world/africa/03reuters-tanzania-politics.html", "source": "Reuters", "_id": "58b982f795d0e024902fd5d8", "pub_date": "2017-03-03T14:51:28+0000", "lead_paragraph": "Tanzanian President John Magufuli ordered the confiscation on Friday of passports belonging to foreign employees of an Indian infrastructure company managing a water project that is running late.", "section_name": "World", "type_of_material": "News", "snippet": "Tanzanian President John Magufuli ordered the confiscation on Friday of passports belonging to foreign employees of an Indian infrastructure company managing a water project that is running late....", "document_type": "article", "headline": {"main": "Klopp Urges Inconsistent Liverpool to Get Back on Track", "print_headline": "Klopp Urges Inconsistent Liverpool to Get Back on Track"}}]