[{"web_url": "https://www.nytimes.com/reuters/2017/03/03/world/europe/03reuters-ukraine-crisis-corruption.html", "source": "Reuters", "_id": "58b9213995d0e024902fd4b1", "pub_date": "2017-03-03T07:54:28+0000", "lead_paragraph": "Ukrainian state agencies sought to detain the head of the tax and customs service on Friday over the alleged embezzlement of around $75 million - a potentially landmark case after patchy anti-graft efforts from the Western-backed authorities. ", "section_name": "World", "type_of_material": "News", "snippet": "Ukrainian state agencies sought to detain the head of the tax and customs service on Friday over the alleged embezzlement of around $75 million - a potentially landmark case after patchy anti-graft efforts from the Western-backed authorities....", "document_type": "article", "headline": {"main": "In Atlanta, Anti-Semitism Is Viewed Through Lens of History", "print_headline": "In Atlanta, Anti-Semitism Is Viewed Through Lens of History"}}]