[{"web_url": "https://www.nytimes.com/reuters/2017/03/03/world/asia/03reuters-southkorea-china-dispute.html", "source": "Reuters", "_id": "58b932ce95d0e024902fd4e5", "pub_date": "2017-03-03T09:09:29+0000", "lead_paragraph": "South Korean firms are being squeezed in China, in suspected retaliation for Seoul's deployment of a U.S. missile defense system, highlighting the tools China can deploy to hit back at the corporate interests of trade partners it disagrees with.", "section_name": "World", "type_of_material": "News", "snippet": "South Korean firms are being squeezed in China, in suspected retaliation for Seoul's deployment of a U.S. missile defense system, highlighting the tools China can deploy to hit back at the corporate interests of trade partners it disagrees with....", "document_type": "article", "headline": {"main": "North Korean Suspect in Airport Murder to Be Deported From Malaysia and Not Allowed Back", "print_headline": "North Korean Suspect in Airport Murder to Be Deported From Malaysia and Not Allowed Back"}}]