[{"web_url": "https://www.nytimes.com/2017/03/03/your-money/the-three-different-flavors-of-family-businesses.html", "source": "The New York Times", "_id": "58b987da95d0e024902fd5ec", "pub_date": "2017-03-03T15:12:21+0000", "lead_paragraph": "Two psychologists have identified distinguishing cultures \u2014 revolving around honor, individualism and obligation \u2014 that they say shed light on potential frictions.", "section_name": "Your Money", "type_of_material": "News", "snippet": "Two psychologists have identified distinguishing cultures \u2014 revolving around honor, individualism and obligation \u2014 that they say shed light on potential frictions....", "document_type": "article", "headline": {"print_headline": "High Priestesses of the Runway Wild", "main": "Rituals, Wild Animals and a Few Giggles", "kicker": "Fashion Review", "content_kicker": "Fashion Review"}}]