[{"web_url": "https://www.nytimes.com/2017/03/03/learning/how-would-you-change-your-favorite-sport.html", "source": "The New York Times", "_id": "58b92a4695d0e024902fd4cf", "pub_date": "2017-03-03T08:33:00+0000", "lead_paragraph": "What needs changing, and why, in professional sports?", "section_name": "The Learning Network", "type_of_material": "News", "snippet": "What needs changing, and why, in professional sports?...", "document_type": "article", "headline": {"main": "WBC Hands Povetkin Suspension, $250,000 Fine in Doping Case", "print_headline": "WBC Hands Povetkin Suspension, $250,000 Fine in Doping Case"}}]