[{"web_url": "https://www.nytimes.com/aponline/2017/03/03/us/ap-us-michigan-lawmakers-sex-scandal.html", "source": "AP", "_id": "58b969a995d0e024902fd599", "pub_date": "2017-03-03T13:03:33+0000", "lead_paragraph": "A Michigan lawmaker who quit office amid a sex scandal in 2015 is expected to face trial this spring on a perjury charge.", "section_name": "U.S.", "type_of_material": "News", "snippet": "A Michigan lawmaker who quit office amid a sex scandal in 2015 is expected to face trial this spring on a perjury charge....", "document_type": "article", "headline": {"main": "EU Nations Thrash Out Deal on Carbon Market Reform", "print_headline": "EU Nations Thrash Out Deal on Carbon Market Reform"}}]