[{"web_url": "https://www.nytimes.com/aponline/2017/03/03/world/africa/ap-af-tanzania-notorious-poacher.html", "source": "AP", "_id": "58b9738b95d0e024902fd5b0", "pub_date": "2017-03-03T13:45:45+0000", "lead_paragraph": "A court in Tanzania on Friday sentenced a notorious poacher nicknamed \"The Devil Has No Mercy\" to 12 years in prison.", "section_name": "World", "type_of_material": "News", "snippet": "A court in Tanzania on Friday sentenced a notorious poacher nicknamed \"The Devil Has No Mercy\" to 12 years in prison....", "document_type": "article", "headline": {"print_headline": "Money Worries", "main": "Money Worries for Retired Women", "kicker": "", "content_kicker": ""}}]