[{"web_url": "https://www.nytimes.com/reuters/2017/03/03/world/europe/03reuters-belgium-security-car.html", "source": "Reuters", "_id": "58b98d8695d0e024902fd5ff", "pub_date": "2017-03-03T15:36:29+0000", "lead_paragraph": "Belgian authorities released on Friday a man with previous militant links who had been detained a day earlier after two gas cylinders were found in a van he was driving.", "section_name": "World", "type_of_material": "News", "snippet": "Belgian authorities released on Friday a man with previous militant links who had been detained a day earlier after two gas cylinders were found in a van he was driving....", "document_type": "article", "headline": {"main": "Judge: Dad Who Dropped Girl Off Bridge Ready to Stand Trial", "print_headline": "Judge: Dad Who Dropped Girl Off Bridge Ready to Stand Trial"}}]