[{"web_url": "https://www.nytimes.com/2017/03/03/learning/teaching-with-ten-meter-tower.html", "source": "The New York Times", "_id": "58b945af95d0e024902fd529", "pub_date": "2017-03-03T10:30:01+0000", "lead_paragraph": "The short documentary raises interesting questions about bravery, survival instinct and peer pressure. What risks are worth taking? Which ones aren\u2019t?", "section_name": "The Learning Network", "type_of_material": "News", "snippet": "The short documentary raises interesting questions about bravery, survival instinct and peer pressure. What risks are worth taking? Which ones aren\u2019t?...", "document_type": "article", "headline": {"main": "There Is No Economic Case for Breaking Up the United Kingdom, Says May", "print_headline": "There Is No Economic Case for Breaking Up the United Kingdom, Says May"}}]