[{"web_url": "https://www.nytimes.com/aponline/2017/03/03/world/middleeast/ap-ml-iraq.html", "source": "AP", "_id": "58b94a0795d0e024902fd538", "pub_date": "2017-03-03T10:48:32+0000", "lead_paragraph": "Thousands of civilians fled Mosul overnight as Iraqi forces advanced north of a sprawling military base near the city's airport on Friday.", "section_name": "World", "type_of_material": "News", "snippet": "Thousands of civilians fled Mosul overnight as Iraqi forces advanced north of a sprawling military base near the city's airport on Friday....", "document_type": "article", "headline": {"main": "WH Defends Pence's Use of Private Email While Governor", "print_headline": "WH Defends Pence's Use of Private Email While Governor"}}]