[{"web_url": "https://www.nytimes.com/reuters/2017/03/03/business/03reuters-rio-tinto-australia.html", "source": "Reuters", "_id": "58b9527895d0e024902fd556", "pub_date": "2017-03-03T11:24:35+0000", "lead_paragraph": "Rio Tinto and its partners are cutting output and jobs at the Boyne aluminium smelter in Australia, adding to cuts announced in January, it said on Friday, blaming a jump in power prices.", "section_name": "Business Day", "type_of_material": "News", "snippet": "Rio Tinto and its partners are cutting output and jobs at the Boyne aluminium smelter in Australia, adding to cuts announced in January, it said on Friday, blaming a jump in power prices....", "document_type": "article", "headline": {"main": "Government Forces Recapture Northern Afghanistan District", "print_headline": "Government Forces Recapture Northern Afghanistan District"}}]