[{"web_url": "https://www.nytimes.com/aponline/2017/03/03/us/ap-us-fake-foods.html", "source": "AP", "_id": "58b94fac95d0e024902fd54d", "pub_date": "2017-03-03T11:12:38+0000", "lead_paragraph": "Is \"fake milk\" spoiling the dairy industry's image?", "section_name": "U.S.", "type_of_material": "News", "snippet": "Is \"fake milk\" spoiling the dairy industry's image?...", "document_type": "article", "headline": {"main": "Syria Talks Set to End With 'Agreed Agenda'-Diplomats", "print_headline": "Syria Talks Set to End With 'Agreed Agenda'-Diplomats"}}]