[{"web_url": "https://www.nytimes.com/reuters/2017/03/03/business/03reuters-snap-ipo-hqprotest.html", "source": "Reuters", "_id": "58b9738795d0e024902fd5ad", "pub_date": "2017-03-03T13:45:33+0000", "lead_paragraph": "As shares of California-based Snap Inc began trading on the New York Stock Exchange on Thursday, two dozen residents of the company's adopted home of Venice Beach protested outside its offices, accusing the growing tech company of spoiling their seaside community.", "section_name": "Business Day", "type_of_material": "News", "snippet": "As shares of California-based Snap Inc began trading on the New York Stock Exchange on Thursday, two dozen residents of the company's adopted home of Venice Beach protested outside its offices, accusing the growing tech company of spoiling their s...", "document_type": "article", "headline": {"main": "NBCUniversal Invested $500 Million in Snap Inc as Part of IPO", "print_headline": "NBCUniversal Invested $500 Million in Snap Inc as Part of IPO"}}]