[{"web_url": "https://www.nytimes.com/reuters/2017/03/03/world/europe/03reuters-turkey-security-germany.html", "source": "Reuters", "_id": "58b918c995d0e024902fd4a8", "pub_date": "2017-03-03T07:18:29+0000", "lead_paragraph": "Turkish leaders condemned Germany on Friday for cancelling rallies of Turkish residents due to be addressed by Ankara's ministers and accused Berlin of giving \"shelter\" to Turkey's enemies.", "section_name": "World", "type_of_material": "News", "snippet": "Turkish leaders condemned Germany on Friday for cancelling rallies of Turkish residents due to be addressed by Ankara's ministers and accused Berlin of giving \"shelter\" to Turkey's enemies....", "document_type": "article", "headline": {"print_headline": "Questions for: \u2018Before Vaquitas Vanish, a Desperate Bid to Save Them\u2019", "main": "Questions for: \u2018Before Vaquitas Vanish, a Desperate Bid to Save Them\u2019", "kicker": "Article of the Day", "content_kicker": "Article of the Day"}}]