[{"web_url": "https://www.nytimes.com/2017/03/03/fashion/paris-fashion-week-rick-owens-balmain.html", "source": "The New York Times", "_id": "58b9897295d0e024902fd5f5", "pub_date": "2017-03-03T15:19:08+0000", "lead_paragraph": "Rick Owens pondered the ceremonial wardrobe while Olivier Rousteing went big-game hunting at Balmain.", "section_name": "Fashion & Style", "type_of_material": "Review", "snippet": "Rick Owens pondered the ceremonial wardrobe while Olivier Rousteing went big-game hunting at Balmain....", "document_type": "article", "headline": {"main": "Trump to Host Germany's Merkel at the White House", "print_headline": "Trump to Host Germany's Merkel at the White House"}}]