[{"web_url": "https://www.nytimes.com/2017/03/03/opinion/vladimir-putin-comes-half-clean-on-olympic-doping.html", "source": "The New York Times", "_id": "58b9277695d0e024902fd4c0", "pub_date": "2017-03-03T08:21:02+0000", "lead_paragraph": "The Russian president\u2019s continuing denial of government involvement in athlete doping casts disgrace and doubt on the fairness of the Olympic Games.", "section_name": "Opinion", "type_of_material": "Editorial", "snippet": "The Russian president\u2019s continuing denial of government involvement in athlete doping casts disgrace and doubt on the fairness of the Olympic Games....", "document_type": "article", "headline": {"print_headline": "A Great New Accidental Renaissance", "main": "A Great New Accidental Renaissance", "kicker": "Contributing Op-Ed Writer", "content_kicker": "Contributing Op-Ed Writer"}}]