[{"web_url": "https://www.nytimes.com/aponline/2017/03/03/world/europe/ap-eu-turkey-germany.html", "source": "AP", "_id": "58b91f2995d0e024902fd4af", "pub_date": "2017-03-03T07:45:43+0000", "lead_paragraph": "Tensions flared between Ankara and Berlin on Friday over the cancellation of two Turkish Cabinet members' rallies in Germany, and the ongoing detention in Turkey of a German newspaper reporter.", "section_name": "World", "type_of_material": "News", "snippet": "Tensions flared between Ankara and Berlin on Friday over the cancellation of two Turkish Cabinet members' rallies in Germany, and the ongoing detention in Turkey of a German newspaper reporter....", "document_type": "article", "headline": {"main": "Karanka Does Not Fear Sack, Focussed on Middlesbrough Survival", "print_headline": "Karanka Does Not Fear Sack, Focussed on Middlesbrough Survival"}}]