[{"web_url": "https://www.nytimes.com/aponline/2017/03/03/world/middleeast/ap-syria.html", "source": "AP", "_id": "58b9393295d0e024902fd4f7", "pub_date": "2017-03-03T09:36:44+0000", "lead_paragraph": "The United Nations special envoy for Syria concluded Friday a marathon round of talks in Geneva with an agreement from the conflicting parties to pursue further talks on a political transition to end the six-year war.", "section_name": "World", "type_of_material": "News", "snippet": "The United Nations special envoy for Syria concluded Friday a marathon round of talks in Geneva with an agreement from the conflicting parties to pursue further talks on a political transition to end the six-year war....", "document_type": "article", "headline": {"print_headline": "How to Start a Soccer Chant", "main": "How to Start a Soccer Chant", "kicker": "Tip", "content_kicker": "Tip"}}]