[{"web_url": "https://www.nytimes.com/reuters/2017/03/03/world/asia/03reuters-northkorea-malaysia-kim-vietnam.html", "source": "Reuters", "_id": "58b94ab795d0e024902fd539", "pub_date": "2017-03-03T10:51:28+0000", "lead_paragraph": "Vietnam on Thursday emphasized the legal support it was giving a Vietnamese woman charged in the bizarre murder of Kim Jong Nam in Malaysia after growing calls at home for more action to help her.", "section_name": "World", "type_of_material": "News", "snippet": "Vietnam on Thursday emphasized the legal support it was giving a Vietnamese woman charged in the bizarre murder of Kim Jong Nam in Malaysia after growing calls at home for more action to help her....", "document_type": "article", "headline": {"main": "WH Defends Pence's Use of Private Email While Governor", "print_headline": "WH Defends Pence's Use of Private Email While Governor"}}]