[{"web_url": "https://www.nytimes.com/reuters/2017/03/03/business/03reuters-daimler-recall.html", "source": "Reuters", "_id": "58b9889b95d0e024902fd5f0", "pub_date": "2017-03-03T15:15:35+0000", "lead_paragraph": "Daimler AG said it will recall one million newer-model Mercedes-Benz vehicles worldwide due to the risk of fire, after 51 fires were reported.", "section_name": "Business Day", "type_of_material": "News", "snippet": "Daimler AG said it will recall one million newer-model Mercedes-Benz vehicles worldwide due to the risk of fire, after 51 fires were reported....", "document_type": "article", "headline": {"print_headline": "High Priestesses of the Runway Wild", "main": "Rituals, Wild Animals and a Few Giggles", "kicker": "Fashion Review", "content_kicker": "Fashion Review"}}]