[{"web_url": "https://www.nytimes.com/reuters/2017/03/03/world/asia/03reuters-saudi-asia-indonesia.html", "source": "Reuters", "_id": "58b943b195d0e024902fd520", "pub_date": "2017-03-03T10:21:31+0000", "lead_paragraph": "Saudi Arabia's King Salman has embraced the \"selfie\", taking part in a number of light-hearted self-shot pictures and videos during his tour of Asia that contrast with the pomp and formality of most of the octogenarian monarch's trips abroad.", "section_name": "World", "type_of_material": "News", "snippet": "Saudi Arabia's King Salman has embraced the \"selfie\", taking part in a number of light-hearted self-shot pictures and videos during his tour of Asia that contrast with the pomp and formality of most of the octogenarian monarch's trips abroad....", "document_type": "article", "headline": {"main": "US Admiral in Disputed South China Sea: 'We Will Be Here'", "print_headline": "US Admiral in Disputed South China Sea: 'We Will Be Here'"}}]