[{"web_url": "https://www.nytimes.com/reuters/2017/03/03/sports/golf/03reuters-golf-lpga.html", "source": "Reuters", "_id": "58b939d895d0e024902fd4f8", "pub_date": "2017-03-03T09:39:29+0000", "lead_paragraph": "Park In-bee overcame a 'dirty' double-bogey to leap to the top of the HSBC Women's Champions leaderboard after the Korean fired a second straight five-under-par 67 on Friday to move one clear of the field in a soggy Singapore.", "section_name": "Sports", "type_of_material": "News", "snippet": "Park In-bee overcame a 'dirty' double-bogey to leap to the top of the HSBC Women's Champions leaderboard after the Korean fired a second straight five-under-par 67 on Friday to move one clear of the field in a soggy Singapore....", "document_type": "article", "headline": {"print_headline": "How to Start a Soccer Chant", "main": "How to Start a Soccer Chant", "kicker": "Tip", "content_kicker": "Tip"}}]