[{"web_url": "https://www.nytimes.com/aponline/2017/03/03/world/europe/ap-eu-belgium-security-.html", "source": "AP", "_id": "58b95a3495d0e024902fd568", "pub_date": "2017-03-03T11:57:34+0000", "lead_paragraph": "Belgian authorities have released a man, previously convicted on terror-related charges, who was stopped while speeding through the center of Brussels with a van loaded with two gas canisters.", "section_name": "World", "type_of_material": "News", "snippet": "Belgian authorities have released a man, previously convicted on terror-related charges, who was stopped while speeding through the center of Brussels with a van loaded with two gas canisters....", "document_type": "article", "headline": {"main": "PETA Condemns N.H.L.\u2019s Use of Real Penguins in Pittsburgh Pregame Show", "print_headline": "Activists Condemn the Use of Live Penguins"}}]