[{"web_url": "https://www.nytimes.com/reuters/2017/03/03/world/europe/03reuters-mideast-crisis-syria-talks.html", "source": "Reuters", "_id": "58b94c2295d0e024902fd53e", "pub_date": "2017-03-03T10:57:29+0000", "lead_paragraph": "Syria's first U.N.-led peace talks in almost a year ended on Friday without breakthrough but the United Nations mediator said the warring parties now had a clear agenda to pursue a political solution to the country's six-year-long conflict.", "section_name": "World", "type_of_material": "News", "snippet": "Syria's first U.N.-led peace talks in almost a year ended on Friday without breakthrough but the United Nations mediator said the warring parties now had a clear agenda to pursue a political solution to the country's six-year-long conflict....", "document_type": "article", "headline": {"print_headline": "Where Stylishness Is a Priority", "main": "A Stylish Base in Paris for Exploring the Right Bank", "kicker": "Check In", "content_kicker": "Check In"}}]