[{"web_url": "https://www.nytimes.com/reuters/2017/03/03/world/europe/03reuters-europe-migrants-italy-fire.html", "source": "Reuters", "_id": "58b98c1a95d0e024902fd5fc", "pub_date": "2017-03-03T15:30:29+0000", "lead_paragraph": "Two people were killed after fire broke out at a camp housing hundreds of migrants who pick fruit and vegetables in the fields of southern Italy, officials said.", "section_name": "World", "type_of_material": "News", "snippet": "Two people were killed after fire broke out at a camp housing hundreds of migrants who pick fruit and vegetables in the fields of southern Italy, officials said....", "document_type": "article", "headline": {"main": "Judge: Dad Who Dropped Girl Off Bridge Ready to Stand Trial", "print_headline": "Judge: Dad Who Dropped Girl Off Bridge Ready to Stand Trial"}}]