[{"web_url": "https://www.nytimes.com/reuters/2017/03/03/sports/soccer/03reuters-soccer-england-mci-aguero.html", "source": "Reuters", "_id": "58b9019495d0e024902fd48a", "pub_date": "2017-03-03T05:39:27+0000", "lead_paragraph": "Manchester City striker Sergio Aguero is determined to produce his best form in the final three months of the campaign before he holds talks on his future at the Premier League club in June.", "section_name": "Sports", "type_of_material": "News", "snippet": "Manchester City striker Sergio Aguero is determined to produce his best form in the final three months of the campaign before he holds talks on his future at the Premier League club in June....", "document_type": "article", "headline": {"main": "What\u2019s on TV Friday: \u2018Fire at Sea\u2019 and \u2018Vice: Trans Youth\u2019", "print_headline": "What\u2019s on Friday"}}]