[{"web_url": "https://www.nytimes.com/2017/03/03/books/review/fortunate-ones-ellen-umansky.html", "source": "The New York Times", "_id": "58b95adf95d0e024902fd56f", "pub_date": "2017-03-03T12:00:23+0000", "lead_paragraph": "In Ellen Umansky\u2019s \u201cThe Fortunate Ones,\u201d a painting that went missing in Nazi-occupied Vienna connects the lives of two women in contemporary Los Angeles.", "section_name": "Books", "type_of_material": "Review", "snippet": "In Ellen Umansky\u2019s \u201cThe Fortunate Ones,\u201d a painting that went missing in Nazi-occupied Vienna connects the lives of two women in contemporary Los Angeles....", "document_type": "article", "headline": {"main": "PETA Condemns N.H.L.\u2019s Use of Real Penguins in Pittsburgh Pregame Show", "print_headline": "Activists Condemn the Use of Live Penguins"}}]