[{"web_url": "https://www.nytimes.com/reuters/2017/03/03/sports/soccer/03reuters-soccer-england-liv-klopp.html", "source": "Reuters", "_id": "58b9845e95d0e024902fd5dd", "pub_date": "2017-03-03T14:57:28+0000", "lead_paragraph": "Several of the Liverpool team that went down meekly 3-1 at struggling Leicester City on Monday are playing well below their best, manager Juergen Klopp said on Friday, admitting a quick reaction was needed to get their season back on track.", "section_name": "Sports", "type_of_material": "News", "snippet": "Several of the Liverpool team that went down meekly 3-1 at struggling Leicester City on Monday are playing well below their best, manager Juergen Klopp said on Friday, admitting a quick reaction was needed to get their season back on track....", "document_type": "article", "headline": {"main": "Film 'Trespass Against Us' Sees Fassbender Tackle Family Woes, Crime", "print_headline": "Film 'Trespass Against Us' Sees Fassbender Tackle Family Woes, Crime"}}]