[{"web_url": "https://www.nytimes.com/reuters/2017/03/03/business/03reuters-soccer-england-mid-karanka.html", "source": "Reuters", "_id": "58b9240b95d0e024902fd4b8", "pub_date": "2017-03-03T08:06:29+0000", "lead_paragraph": "Middlesbrough manager Aitor Karanka is not worried about the possibility of losing his job and the Spaniard is fully focussed on keeping his struggling team in the Premier League.", "section_name": "Business Day", "type_of_material": "News", "snippet": "Middlesbrough manager Aitor Karanka is not worried about the possibility of losing his job and the Spaniard is fully focussed on keeping his struggling team in the Premier League....", "document_type": "article", "headline": {"print_headline": "A Great New Accidental Renaissance", "main": "A Great New Accidental Renaissance", "kicker": "Contributing Op-Ed Writer", "content_kicker": "Contributing Op-Ed Writer"}}]