[{"web_url": "https://www.nytimes.com/2017/03/03/books/review/argentine-fiction.html", "source": "The New York Times", "_id": "58b95ac695d0e024902fd569", "pub_date": "2017-03-03T12:00:00+0000", "lead_paragraph": "New fiction by Argentine writers uses horror to address ecological disaster and keeps circling back to The Dirty War.", "section_name": "Books", "type_of_material": "News", "snippet": "New fiction by Argentine writers uses horror to address ecological disaster and keeps circling back to The Dirty War....", "document_type": "article", "headline": {"main": "PETA Condemns N.H.L.\u2019s Use of Real Penguins in Pittsburgh Pregame Show", "print_headline": "Activists Condemn the Use of Live Penguins"}}]