[{"web_url": "https://www.nytimes.com/reuters/2017/03/03/world/asia/03reuters-bangladesh-militant-arrest.html", "source": "Reuters", "_id": "58b9262695d0e024902fd4bb", "pub_date": "2017-03-03T08:15:28+0000", "lead_paragraph": "Bangladeshi police have arrested the head of an Islamist militant group accused of inspiring followers to kill foreigners, the chief of the counter-terrorism unit said on Friday.", "section_name": "World", "type_of_material": "News", "snippet": "Bangladeshi police have arrested the head of an Islamist militant group accused of inspiring followers to kill foreigners, the chief of the counter-terrorism unit said on Friday....", "document_type": "article", "headline": {"print_headline": "A Great New Accidental Renaissance", "main": "A Great New Accidental Renaissance", "kicker": "Contributing Op-Ed Writer", "content_kicker": "Contributing Op-Ed Writer"}}]