[{"web_url": "https://www.nytimes.com/aponline/2017/03/03/us/ap-us-gambia-woman-detained.html", "source": "AP", "_id": "58b966dd95d0e024902fd58e", "pub_date": "2017-03-03T12:51:38+0000", "lead_paragraph": "A Maryland woman imprisoned last year while visiting her native Gambia is back with her family in the United States.", "section_name": "U.S.", "type_of_material": "News", "snippet": "A Maryland woman imprisoned last year while visiting her native Gambia is back with her family in the United States....", "document_type": "article", "headline": {"main": "Vanessa Seward: Fall 2017"}}]