[{"web_url": "https://www.nytimes.com/reuters/2017/03/03/business/03reuters-nestle-coca-cola.html", "source": "Reuters", "_id": "58b9613a95d0e024902fd57b", "pub_date": "2017-03-03T12:27:34+0000", "lead_paragraph": "Nestle and Coca-Cola Co have agreed to end their  Nestea iced tea joint venture after 16 years and pursue separate strategies in the fast-changing bottled drinks market.", "section_name": "Business Day", "type_of_material": "News", "snippet": "Nestle and Coca-Cola Co have agreed to end their  Nestea iced tea joint venture after 16 years and pursue separate strategies in the fast-changing bottled drinks market....", "document_type": "article", "headline": {"main": "Kirkuk Oil Flows in Jeopardy Again as Kurdish Tensions Grow", "print_headline": "Kirkuk Oil Flows in Jeopardy Again as Kurdish Tensions Grow"}}]