[{"web_url": "https://www.nytimes.com/reuters/2017/03/03/business/03reuters-eu-carbon.html", "source": "Reuters", "_id": "58b96d2d95d0e024902fd5a1", "pub_date": "2017-03-03T13:18:27+0000", "lead_paragraph": "EU nations reached a compromise on long-awaited reforms to the carbon emissions market on Tuesday, moving the European Union closer to adopting key rules to deliver on its pledge to cut greenhouse gas emissions under the Paris climate accord.", "section_name": "Business Day", "type_of_material": "News", "snippet": "EU nations reached a compromise on long-awaited reforms to the carbon emissions market on Tuesday, moving the European Union closer to adopting key rules to deliver on its pledge to cut greenhouse gas emissions under the Paris climate accord....", "document_type": "article", "headline": {"main": "EU Nations Thrash Out Deal on Carbon Market Reform", "print_headline": "EU Nations Thrash Out Deal on Carbon Market Reform"}}]