[{"web_url": "https://www.nytimes.com/aponline/2017/03/03/sports/ap-swm-murphys-rise.html", "source": "AP", "_id": "58b92a7295d0e024902fd4d4", "pub_date": "2017-03-03T08:33:45+0000", "lead_paragraph": "On any given day in the California pool, three-time Rio de Janeiro Olympic gold medalist Ryan Murphy might be going at it against U.S. teammate Tom Shields in start drills off the blocks and a short sprint to the other side.", "section_name": "Sports", "type_of_material": "News", "snippet": "On any given day in the California pool, three-time Rio de Janeiro Olympic gold medalist Ryan Murphy might be going at it against U.S. teammate Tom Shields in start drills off the blocks and a short sprint to the other side....", "document_type": "article", "headline": {"main": "WBC Hands Povetkin Suspension, $250,000 Fine in Doping Case", "print_headline": "WBC Hands Povetkin Suspension, $250,000 Fine in Doping Case"}}]