[{"web_url": "https://www.nytimes.com/2017/03/03/learning/answers-to-an-open-ended-question.html", "source": "The New York Times", "_id": "58b9199d95d0e024902fd4ab", "pub_date": "2017-03-03T07:22:00+0000", "lead_paragraph": "Since 1935, a polling organization has asked Americans the same question. This chart shows the answers they gave this month. What do you think the question is?", "section_name": "The Learning Network", "type_of_material": "News", "snippet": "Since 1935, a polling organization has asked Americans the same question. This chart shows the answers they gave this month. What do you think the question is?...", "document_type": "article", "headline": {"print_headline": "Questions for: \u2018Before Vaquitas Vanish, a Desperate Bid to Save Them\u2019", "main": "Questions for: \u2018Before Vaquitas Vanish, a Desperate Bid to Save Them\u2019", "kicker": "Article of the Day", "content_kicker": "Article of the Day"}}]