[{"web_url": "https://www.nytimes.com/reuters/2017/03/03/sports/rugby/03reuters-rugby-union-super-chiefs.html", "source": "Reuters", "_id": "58b92de095d0e024902fd4dc", "pub_date": "2017-03-03T08:48:27+0000", "lead_paragraph": "The Waikato Chiefs capitalised on the red card shown to Steve Luatua on the stroke of halftime to record a comfortable 41-26 Super Rugby victory over the Auckland Blues in Hamilton on Friday.", "section_name": "Sports", "type_of_material": "News", "snippet": "The Waikato Chiefs capitalised on the red card shown to Steve Luatua on the stroke of halftime to record a comfortable 41-26 Super Rugby victory over the Auckland Blues in Hamilton on Friday....", "document_type": "article", "headline": {"main": "UN Security Council Begins Africa Trip Focused on Boko Haram", "print_headline": "UN Security Council Begins Africa Trip Focused on Boko Haram"}}]