[{"web_url": "https://www.nytimes.com/reuters/2017/03/03/business/03reuters-tata-thyssenkrupp.html", "source": "Reuters", "_id": "58b9197c95d0e024902fd4aa", "pub_date": "2017-03-03T07:21:28+0000", "lead_paragraph": "Germany's Thyssenkrupp has looked at the option of splitting its European steel business into a separate company that could be floated if a merger with Tata Steel assets fails, German weekly WirtschftsWoche reported on Friday.", "section_name": "Business Day", "type_of_material": "News", "snippet": "Germany's Thyssenkrupp has looked at the option of splitting its European steel business into a separate company that could be floated if a merger with Tata Steel assets fails, German weekly WirtschftsWoche reported on Friday....", "document_type": "article", "headline": {"print_headline": "Questions for: \u2018Before Vaquitas Vanish, a Desperate Bid to Save Them\u2019", "main": "Questions for: \u2018Before Vaquitas Vanish, a Desperate Bid to Save Them\u2019", "kicker": "Article of the Day", "content_kicker": "Article of the Day"}}]