[{"web_url": "https://www.nytimes.com/aponline/2017/03/03/world/europe/ap-eu-greece-world-bank-.html", "source": "AP", "_id": "58b96b1895d0e024902fd59e", "pub_date": "2017-03-03T13:09:37+0000", "lead_paragraph": "The European Union says it is in contact with the World Bank to look at the issue of a loan to Greece.", "section_name": "World", "type_of_material": "News", "snippet": "The European Union says it is in contact with the World Bank to look at the issue of a loan to Greece....", "document_type": "article", "headline": {"main": "EU Nations Thrash Out Deal on Carbon Market Reform", "print_headline": "EU Nations Thrash Out Deal on Carbon Market Reform"}}]