[{"web_url": "https://www.nytimes.com/reuters/2017/03/03/world/americas/03reuters-brazil-politics.html", "source": "Reuters", "_id": "58b9889a95d0e024902fd5ef", "pub_date": "2017-03-03T15:15:29+0000", "lead_paragraph": "Brazil's lower house of Congress is likely to vote on a plan to reform the country's pension system in the second half of April, House Speaker Rodrigo Maia said on Friday.", "section_name": "World", "type_of_material": "News", "snippet": "Brazil's lower house of Congress is likely to vote on a plan to reform the country's pension system in the second half of April, House Speaker Rodrigo Maia said on Friday....", "document_type": "article", "headline": {"print_headline": "High Priestesses of the Runway Wild", "main": "Rituals, Wild Animals and a Few Giggles", "kicker": "Fashion Review", "content_kicker": "Fashion Review"}}]