[{"web_url": "https://www.nytimes.com/2017/03/03/public-editor/friday-mailbag-why-treat-a-first-author-like-a-second-fiddle.html", "source": "The New York Times", "_id": "58b93ec195d0e024902fd506", "pub_date": "2017-03-03T10:00:27+0000", "lead_paragraph": "Also: Was it a hate crime? Or was it \u201cterrorism\u201d? And when is it appropriate to note people\u2019s family background in their obituary?", "section_name": "Public Editor", "type_of_material": "Editorial", "snippet": "Also: Was it a hate crime? Or was it \u201cterrorism\u201d? And when is it appropriate to note people\u2019s family background in their obituary?...", "document_type": "article", "headline": {"kicker": "Best of Late Night", "main": "George W. Bush Isn\u2019t Mad at Will Ferrell, His TV Counterpart", "print_headline": "", "content_kicker": "Best of Late Night"}}]