[{"web_url": "https://www.nytimes.com/reuters/2017/03/03/technology/03reuters-uber-britain.html", "source": "Reuters", "_id": "58b9505b95d0e024902fd54f", "pub_date": "2017-03-03T11:15:32+0000", "lead_paragraph": "Taxi app Uber [UBER.UL] lost a court battle on Friday to stop a London regulator from imposing strict new English reading and writing standards on private hire drivers, the latest setback for the firm which could mean the loss of thousands of workers. ", "section_name": "Technology", "type_of_material": "News", "snippet": "Taxi app Uber [UBER.UL] lost a court battle on Friday to stop a London regulator from imposing strict new English reading and writing standards on private hire drivers, the latest setback for the firm which could mean the loss of thousands of work...", "document_type": "article", "headline": {"main": "Government Forces Recapture Northern Afghanistan District", "print_headline": "Government Forces Recapture Northern Afghanistan District"}}]