[{"web_url": "https://www.nytimes.com/aponline/2017/03/03/us/ap-us-trump-taj-mahal-sale.html", "source": "AP", "_id": "58b9868295d0e024902fd5e9", "pub_date": "2017-03-03T15:06:37+0000", "lead_paragraph": "The sale of Trump Taj Mahal casino to Hard Rock International has left some winners and losers in Atlantic City.", "section_name": "U.S.", "type_of_material": "News", "snippet": "The sale of Trump Taj Mahal casino to Hard Rock International has left some winners and losers in Atlantic City....", "document_type": "article", "headline": {"main": "Daimler to Recall One Million Mercedes Globally After 51 Fires", "print_headline": "Daimler to Recall One Million Mercedes Globally After 51 Fires"}}]