[{"web_url": "https://www.nytimes.com/reuters/2017/03/03/business/03reuters-southkorea-politics-samsung-group-legal.html", "source": "Reuters", "_id": "58b9446895d0e024902fd523", "pub_date": "2017-03-03T10:24:35+0000", "lead_paragraph": "Samsung chief Jay Y. Lee has handpicked 13 top lawyers to defend him against charges of bribing the South Korean president, nearly all of them former judges or prosecutors, according to the court where one of the richest men in the country will be tried.", "section_name": "Business Day", "type_of_material": "News", "snippet": "Samsung chief Jay Y. Lee has handpicked 13 top lawyers to defend him against charges of bribing the South Korean president, nearly all of them former judges or prosecutors, according to the court where one of the richest men in the country will be...", "document_type": "article", "headline": {"main": "US Admiral in Disputed South China Sea: 'We Will Be Here'", "print_headline": "US Admiral in Disputed South China Sea: 'We Will Be Here'"}}]