[{"web_url": "https://www.nytimes.com/reuters/2017/03/03/business/03reuters-china-parliament-cenbank.html", "source": "Reuters", "_id": "58b918ca95d0e024902fd4a9", "pub_date": "2017-03-03T07:18:29+0000", "lead_paragraph": "China's interest rates will be decided by market forces, and the  rates are generally very stable, Yi Gang, a vice central bank governor, said on Friday.", "section_name": "Business Day", "type_of_material": "News", "snippet": "China's interest rates will be decided by market forces, and the  rates are generally very stable, Yi Gang, a vice central bank governor, said on Friday....", "document_type": "article", "headline": {"print_headline": "Questions for: \u2018Before Vaquitas Vanish, a Desperate Bid to Save Them\u2019", "main": "Questions for: \u2018Before Vaquitas Vanish, a Desperate Bid to Save Them\u2019", "kicker": "Article of the Day", "content_kicker": "Article of the Day"}}]