[{"web_url": "https://www.nytimes.com/aponline/2017/03/03/sports/ncaabasketball/ap-bkw-t25-baylor-mulkey-apology.html", "source": "AP", "_id": "58b97c0195d0e024902fd5c7", "pub_date": "2017-03-03T14:21:49+0000", "lead_paragraph": "Baylor women's basketball coach Kim Mulkey made a tearful apology for her recent controversial remarks about the school's sexual assault scandal.", "section_name": "Sports", "type_of_material": "News", "snippet": "Baylor women's basketball coach Kim Mulkey made a tearful apology for her recent controversial remarks about the school's sexual assault scandal....", "document_type": "article", "headline": {"print_headline": "Jeff Sessions Violated His Oath", "main": "Jeff Sessions Violated His Oath", "kicker": "Op-Ed Columnist", "content_kicker": "Op-Ed Columnist"}}]