[{"web_url": "https://www.nytimes.com/aponline/2017/03/03/world/asia/ap-as-thailand-southern-violence.html", "source": "AP", "_id": "58b9608695d0e024902fd57a", "pub_date": "2017-03-03T12:24:34+0000", "lead_paragraph": "Two paramilitary volunteers were wounded Friday by gunmen in southern Thailand, as continuing violence in the region threatens to undermine what the Thai government says is the possibility of a small breakthrough in efforts to bring peace to the region.", "section_name": "World", "type_of_material": "News", "snippet": "Two paramilitary volunteers were wounded Friday by gunmen in southern Thailand, as continuing violence in the region threatens to undermine what the Thai government says is the possibility of a small breakthrough in efforts to bring peace to the r...", "document_type": "article", "headline": {"main": "Kirkuk Oil Flows in Jeopardy Again as Kurdish Tensions Grow", "print_headline": "Kirkuk Oil Flows in Jeopardy Again as Kurdish Tensions Grow"}}]