[{"web_url": "https://www.nytimes.com/reuters/2017/03/03/business/03reuters-snap-inc-ipo-nbcuniversal.html", "source": "Reuters", "_id": "58b9738895d0e024902fd5ae", "pub_date": "2017-03-03T13:45:36+0000", "lead_paragraph": "Comcast Corp's NBCUniversal said on Friday it had invested $500 million in Snap Inc as it continues to spend heavily on digital media companies.", "section_name": "Business Day", "type_of_material": "News", "snippet": "Comcast Corp's NBCUniversal said on Friday it had invested $500 million in Snap Inc as it continues to spend heavily on digital media companies....", "document_type": "article", "headline": {"main": "NBCUniversal Invested $500 Million in Snap Inc as Part of IPO", "print_headline": "NBCUniversal Invested $500 Million in Snap Inc as Part of IPO"}}]