[{"web_url": "https://www.nytimes.com/2017/03/03/world/asia/china-fake-news-xie.html", "source": "The New York Times", "_id": "58b96fa495d0e024902fd5a8", "pub_date": "2017-03-03T13:28:58+0000", "lead_paragraph": "The government has long denounced articles by Western news organizations as biased and dishonest, but Beijing has now adopted a very Western term to describe them.", "section_name": "World", "type_of_material": "News", "snippet": "The government has long denounced articles by Western news organizations as biased and dishonest, but Beijing has now adopted a very Western term to describe them....", "document_type": "article", "headline": {"main": "NBCUniversal Invested $500 Million in Snap Inc as Part of IPO", "print_headline": "NBCUniversal Invested $500 Million in Snap Inc as Part of IPO"}}]