[{"web_url": "https://www.nytimes.com/reuters/2017/03/03/business/03reuters-ireland-economy-pmi.html", "source": "Reuters", "_id": "58b90c2095d0e024902fd498", "pub_date": "2017-03-03T06:24:27+0000", "lead_paragraph": "Growth in Ireland's services sector slipped slightly in February but remained close to January's post-Brexit high and confidence about the future continued to grow, a survey showed on Friday. ", "section_name": "Business Day", "type_of_material": "News", "snippet": "Growth in Ireland's services sector slipped slightly in February but remained close to January's post-Brexit high and confidence about the future continued to grow, a survey showed on Friday....", "document_type": "article", "headline": {"main": "Lillard Scores 33 as Trail Blazers Beat Thunder 114-109", "print_headline": "Lillard Scores 33 as Trail Blazers Beat Thunder 114-109"}}]