[{"web_url": "https://www.nytimes.com/2017/03/03/arts/morgan-library-book-smell.html", "source": "The New York Times", "_id": "58b98a0595d0e024902fd5f6", "pub_date": "2017-03-03T15:21:33+0000", "lead_paragraph": "A historical preservation project samples the varied aromas in the Morgan Library & Museum, one of the world's most important rare-book collections.", "section_name": "Arts", "type_of_material": "News", "snippet": "A historical preservation project samples the varied aromas in the Morgan Library & Museum, one of the world's most important rare-book collections....", "document_type": "article", "headline": {"main": "Trump to Host Germany's Merkel at the White House", "print_headline": "Trump to Host Germany's Merkel at the White House"}}]