[{"web_url": "https://www.nytimes.com/reuters/2017/03/03/world/middleeast/03reuters-mideast-crisis-iraq-kurds-sinjar.html", "source": "Reuters", "_id": "58b90ef195d0e024902fd49b", "pub_date": "2017-03-03T06:36:28+0000", "lead_paragraph": "Rival Kurdish groups clashed in Iraq's northwestern Sinjar region on Friday, two Kurdish security sources said.", "section_name": "World", "type_of_material": "News", "snippet": "Rival Kurdish groups clashed in Iraq's northwestern Sinjar region on Friday, two Kurdish security sources said....", "document_type": "article", "headline": {"main": "Lillard Scores 33 as Trail Blazers Beat Thunder 114-109", "print_headline": "Lillard Scores 33 as Trail Blazers Beat Thunder 114-109"}}]