[{"web_url": "https://www.nytimes.com/reuters/2017/03/03/world/africa/03reuters-europe-migrant-tunis-merkel.html", "source": "Reuters", "_id": "58b9656d95d0e024902fd589", "pub_date": "2017-03-03T12:45:31+0000", "lead_paragraph": "Chancellor Angela Merkel said on Friday Tunisia had agreed to take back 1,500 rejected Tunisian migrants from Germany, after an attack by a Tunisian on a Christmas market in Berlin which killed 12 people.", "section_name": "World", "type_of_material": "News", "snippet": "Chancellor Angela Merkel said on Friday Tunisia had agreed to take back 1,500 rejected Tunisian migrants from Germany, after an attack by a Tunisian on a Christmas market in Berlin which killed 12 people....", "document_type": "article", "headline": {"main": "Vanessa Seward: Fall 2017"}}]