[{"web_url": "https://www.nytimes.com/aponline/2017/03/03/sports/golf/ap-glf-on-the-tee.html", "source": "AP", "_id": "58b921f195d0e024902fd4b2", "pub_date": "2017-03-03T07:57:30+0000", "lead_paragraph": "Dustin Johnson thought he had the altitude figured out.", "section_name": "Sports", "type_of_material": "News", "snippet": "Dustin Johnson thought he had the altitude figured out....", "document_type": "article", "headline": {"main": "In Atlanta, Anti-Semitism Is Viewed Through Lens of History", "print_headline": "In Atlanta, Anti-Semitism Is Viewed Through Lens of History"}}]