[{"web_url": "https://www.nytimes.com/reuters/2017/03/03/arts/03reuters-usa-southchinasea.html", "source": "Reuters", "_id": "58b96bc495d0e024902fd59f", "pub_date": "2017-03-03T13:12:29+0000", "lead_paragraph": "The flight deck of the USS Carl Vinson shakes as a succession of F-18 fighter jets are catapulted into take-off, emitting a thunderous noise and leaving white mist in their wake.", "section_name": "Arts", "type_of_material": "News", "snippet": "The flight deck of the USS Carl Vinson shakes as a succession of F-18 fighter jets are catapulted into take-off, emitting a thunderous noise and leaving white mist in their wake....", "document_type": "article", "headline": {"main": "EU Nations Thrash Out Deal on Carbon Market Reform", "print_headline": "EU Nations Thrash Out Deal on Carbon Market Reform"}}]