[{"web_url": "https://www.nytimes.com/2017/03/03/realestate/the-bronx-is-building.html", "source": "The New York Times", "_id": "58b93ee495d0e024902fd511", "pub_date": "2017-03-03T10:00:59+0000", "lead_paragraph": "Thousands of affordable rental apartments are planned or are under construction in the Bronx, some with perks like rooftop farms and concert halls.", "section_name": "Real Estate", "type_of_material": "News", "snippet": "Thousands of affordable rental apartments are planned or are under construction in the Bronx, some with perks like rooftop farms and concert halls....", "document_type": "article", "headline": {"main": "Greece Seeks France's Help on Bailout, Eyes 2017 Bond 'Test'", "print_headline": "Greece Seeks France's Help on Bailout, Eyes 2017 Bond 'Test'"}}]