[{"web_url": "https://www.nytimes.com/aponline/2017/03/03/us/ap-us-earthquake-lawsuit-tribal-court.html", "source": "AP", "_id": "58b98e4d95d0e024902fd602", "pub_date": "2017-03-03T15:39:49+0000", "lead_paragraph": "An Oklahoma-based Native American tribe filed a lawsuit in its own tribal court system Friday accusing several oil companies of triggering the state's largest earthquake that caused extensive damage to some near-century-old tribal buildings.", "section_name": "U.S.", "type_of_material": "News", "snippet": "An Oklahoma-based Native American tribe filed a lawsuit in its own tribal court system Friday accusing several oil companies of triggering the state's largest earthquake that caused extensive damage to some near-century-old tribal buildings....", "document_type": "article", "headline": {"main": "Queen Elizabeth Marks St David's Day With Leek Gifts", "print_headline": "Queen Elizabeth Marks St David's Day With Leek Gifts"}}]