[{"web_url": "https://www.nytimes.com/2017/03/03/technology/nintendo-switch-game-console.html", "source": "The New York Times", "_id": "58b9841a95d0e024902fd5dc", "pub_date": "2017-03-03T14:56:20+0000", "lead_paragraph": "The Japanese company has been whetting the appetites of gamers for months. Will it be enough to persuade them to buy its new device?", "section_name": "Technology", "type_of_material": "News", "snippet": "The Japanese company has been whetting the appetites of gamers for months. Will it be enough to persuade them to buy its new device?...", "document_type": "article", "headline": {"main": "Klopp Urges Inconsistent Liverpool to Get Back on Track", "print_headline": "Klopp Urges Inconsistent Liverpool to Get Back on Track"}}]