[{"web_url": "https://www.nytimes.com/aponline/2017/03/03/world/europe/ap-eu-norway-ryanair.html", "source": "AP", "_id": "58b9868795d0e024902fd5ea", "pub_date": "2017-03-03T15:06:42+0000", "lead_paragraph": "Europe's biggest budget airline, Ryanair, has reached a settlement with a former Italian employee who sued the company over her dismissal and working conditions.", "section_name": "World", "type_of_material": "News", "snippet": "Europe's biggest budget airline, Ryanair, has reached a settlement with a former Italian employee who sued the company over her dismissal and working conditions....", "document_type": "article", "headline": {"main": "Daimler to Recall One Million Mercedes Globally After 51 Fires", "print_headline": "Daimler to Recall One Million Mercedes Globally After 51 Fires"}}]