[{"web_url": "https://www.nytimes.com/aponline/2017/03/03/world/europe/ap-eu-europe-ukraine-sanctions.html", "source": "AP", "_id": "58b94e4395d0e024902fd548", "pub_date": "2017-03-03T11:06:34+0000", "lead_paragraph": "The European Union has extended for a year sanctions against 15 people in Ukraine accused of misusing state funds.", "section_name": "World", "type_of_material": "News", "snippet": "The European Union has extended for a year sanctions against 15 people in Ukraine accused of misusing state funds....", "document_type": "article", "headline": {"main": "Syria Talks Set to End With 'Agreed Agenda'-Diplomats", "print_headline": "Syria Talks Set to End With 'Agreed Agenda'-Diplomats"}}]