[{"web_url": "https://www.nytimes.com/aponline/2017/03/03/world/middleeast/ap-ml-syria-race-for-raqqa.html", "source": "AP", "_id": "58b90a1495d0e024902fd494", "pub_date": "2017-03-03T06:15:38+0000", "lead_paragraph": "After the battlefield of Iraq's Mosul, the next major campaign against the Islamic State group will be to take its de facto capital, the Syrian city of Raqqa. The Pentagon has drawn up a secret plan to do that, likely leaning on local allies with stepped up American support.", "section_name": "World", "type_of_material": "News", "snippet": "After the battlefield of Iraq's Mosul, the next major campaign against the Islamic State group will be to take its de facto capital, the Syrian city of Raqqa. The Pentagon has drawn up a secret plan to do that, likely leaning on local allies with ...", "document_type": "article", "headline": {"main": "Lillard Scores 33 as Trail Blazers Beat Thunder 114-109", "print_headline": "Lillard Scores 33 as Trail Blazers Beat Thunder 114-109"}}]