[{"web_url": "https://www.nytimes.com/2017/03/03/us/politics/majority-rule-means-the-power-to-stop-not-just-start-an-investigation.html", "source": "The New York Times", "_id": "58b93ec495d0e024902fd50b", "pub_date": "2017-03-03T10:00:26+0000", "lead_paragraph": "Republicans have not budged from their opposition to a special bipartisan inquiry into Russian meddling in the election, and any links to President Trump or his aides.", "section_name": "U.S.", "type_of_material": "News", "snippet": "Republicans have not budged from their opposition to a special bipartisan inquiry into Russian meddling in the election, and any links to President Trump or his aides....", "document_type": "article", "headline": {"print_headline": "Majority Rules on Investigations", "main": "Majority Rule Means the Power to Stop, Not Just Start, an Investigation", "kicker": "On Washington", "content_kicker": "On Washington"}}]