[{"web_url": "https://www.nytimes.com/reuters/2017/03/03/business/03reuters-eurozone-economy-retail.html", "source": "Reuters", "_id": "58b9446395d0e024902fd521", "pub_date": "2017-03-03T10:24:28+0000", "lead_paragraph": "Euro zone monthly retail sales fell in January for the third consecutive month, against market expectations of a rise, estimates released by Eurostat on Friday showed, in a sign of lower consumer appetite for spending as prices go up.", "section_name": "Business Day", "type_of_material": "News", "snippet": "Euro zone monthly retail sales fell in January for the third consecutive month, against market expectations of a rise, estimates released by Eurostat on Friday showed, in a sign of lower consumer appetite for spending as prices go up....", "document_type": "article", "headline": {"main": "US Admiral in Disputed South China Sea: 'We Will Be Here'", "print_headline": "US Admiral in Disputed South China Sea: 'We Will Be Here'"}}]