[{"web_url": "https://www.nytimes.com/aponline/2017/03/03/us/ap-cur-i-tried-it-curling.html", "source": "AP", "_id": "58b926e995d0e024902fd4bf", "pub_date": "2017-03-03T08:18:43+0000", "lead_paragraph": "They make it look so damn effortless.", "section_name": "U.S.", "type_of_material": "News", "snippet": "They make it look so damn effortless....", "document_type": "article", "headline": {"print_headline": "A Great New Accidental Renaissance", "main": "A Great New Accidental Renaissance", "kicker": "Contributing Op-Ed Writer", "content_kicker": "Contributing Op-Ed Writer"}}]