[{"web_url": "https://www.nytimes.com/aponline/2017/03/03/world/europe/ap-eu-vatican-pope-eu-leaders.html", "source": "AP", "_id": "58b951c895d0e024902fd552", "pub_date": "2017-03-03T11:21:38+0000", "lead_paragraph": "Pope Francis will meet with European Union leaders a day before a special summit marking the 60th anniversary of the bloc's founding treaty.", "section_name": "World", "type_of_material": "News", "snippet": "Pope Francis will meet with European Union leaders a day before a special summit marking the 60th anniversary of the bloc's founding treaty....", "document_type": "article", "headline": {"main": "Government Forces Recapture Northern Afghanistan District", "print_headline": "Government Forces Recapture Northern Afghanistan District"}}]