[{"web_url": "https://www.nytimes.com/2017/03/03/business/retirement/millennials-ask-elders-about-retirement.html", "source": "The New York Times", "_id": "58b93ed895d0e024902fd50e", "pub_date": "2017-03-03T10:00:49+0000", "lead_paragraph": "A group of journalism students asked a group of retirees about their work life, how they should plan for later life, and what it all looks like in hindsight.", "section_name": "Business Day", "type_of_material": "News", "snippet": "A group of journalism students asked a group of retirees about their work life, how they should plan for later life, and what it all looks like in hindsight....", "document_type": "article", "headline": {"main": "Greece Seeks France's Help on Bailout, Eyes 2017 Bond 'Test'", "print_headline": "Greece Seeks France's Help on Bailout, Eyes 2017 Bond 'Test'"}}]