[{"web_url": "https://www.nytimes.com/aponline/2017/03/03/technology/ap-us-tec-nintendo-switch.html", "source": "AP", "_id": "58b9236d95d0e024902fd4b7", "pub_date": "2017-03-03T08:03:50+0000", "lead_paragraph": "With three kids and constant travel for work, John Hussey jumped at the chance to play an open-world adventure game like \"The Legend of Zelda: Breath of the Wild\" anywhere, anytime.", "section_name": "Technology", "type_of_material": "News", "snippet": "With three kids and constant travel for work, John Hussey jumped at the chance to play an open-world adventure game like \"The Legend of Zelda: Breath of the Wild\" anywhere, anytime....", "document_type": "article", "headline": {"main": "In Atlanta, Anti-Semitism Is Viewed Through Lens of History", "print_headline": "In Atlanta, Anti-Semitism Is Viewed Through Lens of History"}}]