[{"web_url": "http://lens.blogs.nytimes.com/2017/03/03/the-week-in-pictures-march-3-2017/", "source": "The New York Times", "_id": "58b9232695d0e024902fd4b3", "pub_date": "2017-03-03T08:00:18+0000", "lead_paragraph": null, "section_name": "Multimedia/Photos", "type_of_material": "Blog", "snippet": "Photos by The New York Times and by photographers from around the world....", "document_type": "blogpost", "headline": {"main": "In Atlanta, Anti-Semitism Is Viewed Through Lens of History", "print_headline": "In Atlanta, Anti-Semitism Is Viewed Through Lens of History"}}]