[{"web_url": "https://www.nytimes.com/2017/03/03/arts/the-battle-over-your-political-bubble.html", "source": "The New York Times", "_id": "58b9895c95d0e024902fd5f4", "pub_date": "2017-03-03T15:18:41+0000", "lead_paragraph": "Want to see how the other half live-tweets? The technology that insulated you will now free you.", "section_name": "Arts", "type_of_material": "News", "snippet": "Want to see how the other half live-tweets? The technology that insulated you will now free you....", "document_type": "article", "headline": {"main": "Trump to Host Germany's Merkel at the White House", "print_headline": "Trump to Host Germany's Merkel at the White House"}}]