[{"web_url": "https://www.nytimes.com/reuters/2017/03/03/arts/03reuters-spotify-subscribers.html", "source": "Reuters", "_id": "58b9738295d0e024902fd5ac", "pub_date": "2017-03-03T13:45:30+0000", "lead_paragraph": "Spotify has reported via Twitter that it now has 50 million paid subscribers, a rise of 25 percent in less than six months, and extending the music streaming service's lead over its closest rival, Apple Music.  ", "section_name": "Arts", "type_of_material": "News", "snippet": "Spotify has reported via Twitter that it now has 50 million paid subscribers, a rise of 25 percent in less than six months, and extending the music streaming service's lead over its closest rival, Apple Music....", "document_type": "article", "headline": {"main": "NBCUniversal Invested $500 Million in Snap Inc as Part of IPO", "print_headline": "NBCUniversal Invested $500 Million in Snap Inc as Part of IPO"}}]