[{"web_url": "https://www.nytimes.com/reuters/2017/03/03/business/03reuters-europe-stocks.html", "source": "Reuters", "_id": "58b92f4a95d0e024902fd4de", "pub_date": "2017-03-03T08:54:29+0000", "lead_paragraph": "European shares dropped on Friday following disappointing company updates, although French stocks performed better after a poll eased anxieties over the impact on markets of the presidential election.", "section_name": "Business Day", "type_of_material": "News", "snippet": "European shares dropped on Friday following disappointing company updates, although French stocks performed better after a poll eased anxieties over the impact on markets of the presidential election....", "document_type": "article", "headline": {"main": "UN Security Council Begins Africa Trip Focused on Boko Haram", "print_headline": "UN Security Council Begins Africa Trip Focused on Boko Haram"}}]