[{"web_url": "https://www.nytimes.com/2017/03/03/opinion/autocrats-see-a-green-light.html", "source": "International New York Times", "_id": "58b97a7095d0e024902fd5c1", "pub_date": "2017-03-03T14:15:00+0000", "lead_paragraph": "When President Trump calls media outlets the enemy, it sends a message around the world.", "section_name": "Opinion", "type_of_material": "Editorial", "snippet": "When President Trump calls media outlets the enemy, it sends a message around the world....", "document_type": "article", "headline": {"main": "Nordic Skiing: Norway Take Gold, Hosts Finland Miss Out on Bronze in Men's 10 Km Relay", "print_headline": "Nordic Skiing: Norway Take Gold, Hosts Finland Miss Out on Bronze in Men's 10 Km Relay"}}]