[{"web_url": "https://www.nytimes.com/aponline/2017/03/03/sports/hockey/ap-hkn-canucks-sharks.html", "source": "AP", "_id": "58b90b7595d0e024902fd497", "pub_date": "2017-03-03T06:21:37+0000", "lead_paragraph": "Marcus Sorensen and Aaron Dell are parlaying solid play into important ice time as the San Jose Sharks get ready for the stretch run.", "section_name": "Sports", "type_of_material": "News", "snippet": "Marcus Sorensen and Aaron Dell are parlaying solid play into important ice time as the San Jose Sharks get ready for the stretch run....", "document_type": "article", "headline": {"main": "Lillard Scores 33 as Trail Blazers Beat Thunder 114-109", "print_headline": "Lillard Scores 33 as Trail Blazers Beat Thunder 114-109"}}]