[{"web_url": "https://www.nytimes.com/aponline/2017/03/03/business/ap-eu-europe-economy.html", "source": "AP", "_id": "58b9446d95d0e024902fd524", "pub_date": "2017-03-03T10:24:37+0000", "lead_paragraph": "The 19-country eurozone economy is growing at its fastest rate since 2011, according to a survey released Friday, but few economists expect the European Central Bank to ease up on its stimulus efforts anytime soon given political uncertainties that could derail the recovery.", "section_name": "Business Day", "type_of_material": "News", "snippet": "The 19-country eurozone economy is growing at its fastest rate since 2011, according to a survey released Friday, but few economists expect the European Central Bank to ease up on its stimulus efforts anytime soon given political uncertainties tha...", "document_type": "article", "headline": {"main": "US Admiral in Disputed South China Sea: 'We Will Be Here'", "print_headline": "US Admiral in Disputed South China Sea: 'We Will Be Here'"}}]