[{"web_url": "https://www.nytimes.com/aponline/2017/03/03/us/politics/ap-us-economy-services.html", "source": "AP", "_id": "58b987f495d0e024902fd5ed", "pub_date": "2017-03-03T15:12:47+0000", "lead_paragraph": "U.S. services companies expanded in February at the fastest pace since October 2015.", "section_name": "U.S.", "type_of_material": "News", "snippet": "U.S. services companies expanded in February at the fastest pace since October 2015....", "document_type": "article", "headline": {"print_headline": "High Priestesses of the Runway Wild", "main": "Rituals, Wild Animals and a Few Giggles", "kicker": "Fashion Review", "content_kicker": "Fashion Review"}}]