[{"web_url": "https://www.nytimes.com/reuters/2017/03/03/business/03reuters-global-economy-weekahead.html", "source": "Reuters", "_id": "58b96a6195d0e024902fd59a", "pub_date": "2017-03-03T13:06:30+0000", "lead_paragraph": "Two of the world's biggest central banks are likely to find themselves with a bigger policy gap by the end of the coming fortnight", "section_name": "Business Day", "type_of_material": "News", "snippet": "Two of the world's biggest central banks are likely to find themselves with a bigger policy gap by the end of the coming fortnight...", "document_type": "article", "headline": {"main": "EU Nations Thrash Out Deal on Carbon Market Reform", "print_headline": "EU Nations Thrash Out Deal on Carbon Market Reform"}}]