[{"web_url": "https://www.nytimes.com/reuters/2017/03/03/business/03reuters-wpp-results.html", "source": "Reuters", "_id": "58b9181c95d0e024902fd4a7", "pub_date": "2017-03-03T07:15:30+0000", "lead_paragraph": "WPP, the world's largest advertising group, cut its 2017 sales forecasts on Friday and its shares tumbled as a tough economic environment forced rivals and clients to fight over every dollar of marketing budgets.", "section_name": "Business Day", "type_of_material": "News", "snippet": "WPP, the world's largest advertising group, cut its 2017 sales forecasts on Friday and its shares tumbled as a tough economic environment forced rivals and clients to fight over every dollar of marketing budgets....", "document_type": "article", "headline": {"print_headline": "Questions for: \u2018Before Vaquitas Vanish, a Desperate Bid to Save Them\u2019", "main": "Questions for: \u2018Before Vaquitas Vanish, a Desperate Bid to Save Them\u2019", "kicker": "Article of the Day", "content_kicker": "Article of the Day"}}]