[{"web_url": "https://www.nytimes.com/reuters/2017/03/03/world/europe/03reuters-britain-politics-scotland.html", "source": "Reuters", "_id": "58b95a3495d0e024902fd567", "pub_date": "2017-03-03T11:57:32+0000", "lead_paragraph": "British Prime Minister Theresa May took aim at Scotland's ruling party on Friday, accusing nationalists of sacrificing not only the United Kingdom but also Scotland with its \"obsession\" with securing independence.", "section_name": "World", "type_of_material": "News", "snippet": "British Prime Minister Theresa May took aim at Scotland's ruling party on Friday, accusing nationalists of sacrificing not only the United Kingdom but also Scotland with its \"obsession\" with securing independence....", "document_type": "article", "headline": {"main": "PETA Condemns N.H.L.\u2019s Use of Real Penguins in Pittsburgh Pregame Show", "print_headline": "Activists Condemn the Use of Live Penguins"}}]