[{"web_url": "https://www.nytimes.com/aponline/2017/03/03/world/middleeast/ap-ml-yemen.html", "source": "AP", "_id": "58b94faa95d0e024902fd54c", "pub_date": "2017-03-03T11:12:36+0000", "lead_paragraph": "U.S. jets carried out dozens of airstrikes on al-Qaida targets in Yemen overnight and in the past 48 hours in one of the lengthiest, sustained operations inside this conflict-torn Arab country, Yemeni officials and residents said Friday.", "section_name": "World", "type_of_material": "News", "snippet": "U.S. jets carried out dozens of airstrikes on al-Qaida targets in Yemen overnight and in the past 48 hours in one of the lengthiest, sustained operations inside this conflict-torn Arab country, Yemeni officials and residents said Friday....", "document_type": "article", "headline": {"main": "Syria Talks Set to End With 'Agreed Agenda'-Diplomats", "print_headline": "Syria Talks Set to End With 'Agreed Agenda'-Diplomats"}}]