[{"web_url": "https://www.nytimes.com/reuters/2017/03/03/us/03reuters-usa-security-jewish.html", "source": "Reuters", "_id": "58b9819495d0e024902fd5d3", "pub_date": "2017-03-03T14:45:30+0000", "lead_paragraph": "A disgraced former journalist was charged on Friday with making a wave of bomb threats to Jewish organizations while posing as an ex-girlfriend in retaliation for breaking up with him.", "section_name": "U.S.", "type_of_material": "News", "snippet": "A disgraced former journalist was charged on Friday with making a wave of bomb threats to Jewish organizations while posing as an ex-girlfriend in retaliation for breaking up with him....", "document_type": "article", "headline": {"main": "Moroccan Designer's Embroidery School Revives Fading Art", "print_headline": "Moroccan Designer's Embroidery School Revives Fading Art"}}]