[{"web_url": "https://www.nytimes.com/reuters/2017/03/03/sports/soccer/03reuters-soccer-england-wba-pulis.html", "source": "Reuters", "_id": "58b9581495d0e024902fd562", "pub_date": "2017-03-03T11:48:28+0000", "lead_paragraph": "West Bromwich Albion are likely to hand the Premier League's oldest outfield player Gareth McAuley a new contract, manager Tony Pulis said ahead of Saturday's clash with Crystal Palace.", "section_name": "Sports", "type_of_material": "News", "snippet": "West Bromwich Albion are likely to hand the Premier League's oldest outfield player Gareth McAuley a new contract, manager Tony Pulis said ahead of Saturday's clash with Crystal Palace....", "document_type": "article", "headline": {"main": "McAuley Closing In on New West Brom Deal", "print_headline": "McAuley Closing In on New West Brom Deal"}}]