[{"web_url": "https://www.nytimes.com/2017/03/03/sports/hockey/peta-pittsburgh-penguins-fireworks-nhl.html", "source": "The New York Times", "_id": "58b95add95d0e024902fd56c", "pub_date": "2017-03-03T12:00:25+0000", "lead_paragraph": "PETA said the event, which featured pyrotechnics, was \u201cinherently stressful\u201d for the animals, and it criticized the Penguins team and the Pittsburgh Zoo.", "section_name": "Sports", "type_of_material": "News", "snippet": "PETA said the event, which featured pyrotechnics, was \u201cinherently stressful\u201d for the animals, and it criticized the Penguins team and the Pittsburgh Zoo....", "document_type": "article", "headline": {"main": "PETA Condemns N.H.L.\u2019s Use of Real Penguins in Pittsburgh Pregame Show", "print_headline": "Activists Condemn the Use of Live Penguins"}}]