[{"web_url": "https://www.nytimes.com/2017/03/03/style/modern-love-you-may-want-to-marry-my-husband.html", "source": "The New York Times", "_id": "58b93eac95d0e024902fd502", "pub_date": "2017-03-03T10:00:05+0000", "lead_paragraph": "After learning she doesn\u2019t have long to live, a woman composes a dating profile for the man she will leave behind.", "section_name": "Style", "type_of_material": "News", "snippet": "After learning she doesn\u2019t have long to live, a woman composes a dating profile for the man she will leave behind....", "document_type": "article", "headline": {"print_headline": "Majority Rules on Investigations", "main": "Majority Rule Means the Power to Stop, Not Just Start, an Investigation", "kicker": "On Washington", "content_kicker": "On Washington"}}]