[{"web_url": "https://www.nytimes.com/aponline/2017/03/03/us/politics/ap-us-trump-germany.html", "source": "AP", "_id": "58b98b8a95d0e024902fd5fb", "pub_date": "2017-03-03T15:28:05+0000", "lead_paragraph": "President Donald Trump will meet with German Chancellor Angela Merkel (AHN'-geh-lah MEHR'-kuhl) at the White House later this month.", "section_name": "U.S.", "type_of_material": "News", "snippet": "President Donald Trump will meet with German Chancellor Angela Merkel (AHN'-geh-lah MEHR'-kuhl) at the White House later this month....", "document_type": "article", "headline": {"main": "Berlin Truck Attack Prompts Accord Between Germany, Tunisia", "print_headline": "Berlin Truck Attack Prompts Accord Between Germany, Tunisia"}}]