[{"web_url": "https://www.nytimes.com/reuters/2017/03/03/sports/basketball/03reuters-basketball-nba-dal-nowitzki.html", "source": "Reuters", "_id": "58b985ce95d0e024902fd5e7", "pub_date": "2017-03-03T15:03:35+0000", "lead_paragraph": "Dallas Mavericks forward Dirk Nowitzki was labeled a \"soft Euro\" by critics early in his career but the grossly misguided perception ultimately fueled the towering German to become one of the NBA's greatest scorers.", "section_name": "Sports", "type_of_material": "News", "snippet": "Dallas Mavericks forward Dirk Nowitzki was labeled a \"soft Euro\" by critics early in his career but the grossly misguided perception ultimately fueled the towering German to become one of the NBA's greatest scorers....", "document_type": "article", "headline": {"print_headline": "How Trump Wins by Losing", "main": "How Donald Trump Wins by Losing", "kicker": "Opinion", "content_kicker": "Opinion"}}]