[{"web_url": "https://www.nytimes.com/aponline/2017/03/03/us/ap-us-ocean-grove-fire.html", "source": "AP", "_id": "58b979da95d0e024902fd5c0", "pub_date": "2017-03-03T14:12:39+0000", "lead_paragraph": "Authorities are trying to determine what caused a fast-moving fire that gutted four homes and damaged three other structures in a historic New Jersey shore community.", "section_name": "U.S.", "type_of_material": "News", "snippet": "Authorities are trying to determine what caused a fast-moving fire that gutted four homes and damaged three other structures in a historic New Jersey shore community....", "document_type": "article", "headline": {"main": "Nordic Skiing: Norway Take Gold, Hosts Finland Miss Out on Bronze in Men's 10 Km Relay", "print_headline": "Nordic Skiing: Norway Take Gold, Hosts Finland Miss Out on Bronze in Men's 10 Km Relay"}}]