[{"web_url": "https://www.nytimes.com/reuters/2017/03/03/world/asia/03reuters-sri-lanka-un.html", "source": "Reuters", "_id": "58b9597d95d0e024902fd565", "pub_date": "2017-03-03T11:54:31+0000", "lead_paragraph": "Sri Lankan security and police forces are reportedly still committing rape and torture, and the country must investigate and prosecute those involved as well as those implicated in past wartime atrocities, the United Nations said on Friday.", "section_name": "World", "type_of_material": "News", "snippet": "Sri Lankan security and police forces are reportedly still committing rape and torture, and the country must investigate and prosecute those involved as well as those implicated in past wartime atrocities, the United Nations said on Friday....", "document_type": "article", "headline": {"main": "PETA Condemns N.H.L.\u2019s Use of Real Penguins in Pittsburgh Pregame Show", "print_headline": "Activists Condemn the Use of Live Penguins"}}]