[{"web_url": "https://www.nytimes.com/aponline/2017/03/03/world/asia/ap-as-south-china-sea-us-military.html", "source": "AP", "_id": "58b9447295d0e024902fd525", "pub_date": "2017-03-03T10:24:41+0000", "lead_paragraph": "America will continue to patrol the South China Sea to ensure freedom of navigation and overflight in the disputed region, a U.S. admiral said Friday amid questions whether U.S. involvement in one of Asia's potential flashpoints will change.", "section_name": "World", "type_of_material": "News", "snippet": "America will continue to patrol the South China Sea to ensure freedom of navigation and overflight in the disputed region, a U.S. admiral said Friday amid questions whether U.S. involvement in one of Asia's potential flashpoints will change....", "document_type": "article", "headline": {"main": "US Admiral in Disputed South China Sea: 'We Will Be Here'", "print_headline": "US Admiral in Disputed South China Sea: 'We Will Be Here'"}}]