[{"web_url": "https://www.nytimes.com/reuters/2017/03/03/world/middleeast/03reuters-yemen-security-usa.html", "source": "Reuters", "_id": "58b96a6295d0e024902fd59b", "pub_date": "2017-03-03T13:06:30+0000", "lead_paragraph": "The United States has carried out another wave of precision strikes in Yemen targeting al Qaeda in the Arabian Peninsula, two U.S. officials told Reuters on Friday, a day after the Pentagon acknowledged carrying out more than 20 strikes.", "section_name": "World", "type_of_material": "News", "snippet": "The United States has carried out another wave of precision strikes in Yemen targeting al Qaeda in the Arabian Peninsula, two U.S. officials told Reuters on Friday, a day after the Pentagon acknowledged carrying out more than 20 strikes....", "document_type": "article", "headline": {"main": "EU Nations Thrash Out Deal on Carbon Market Reform", "print_headline": "EU Nations Thrash Out Deal on Carbon Market Reform"}}]