[{"web_url": "https://www.nytimes.com/reuters/2017/03/03/world/middleeast/03reuters-mideast-crisis-syria-northeast.html", "source": "Reuters", "_id": "58b916b095d0e024902fd4a4", "pub_date": "2017-03-03T07:09:31+0000", "lead_paragraph": "The Kurdish-led administration in northeastern Syria says a new land corridor to the government-controlled west marks an economic breakthrough for their autonomous region that has been under \"siege\" by hostile parties.", "section_name": "World", "type_of_material": "News", "snippet": "The Kurdish-led administration in northeastern Syria says a new land corridor to the government-controlled west marks an economic breakthrough for their autonomous region that has been under \"siege\" by hostile parties....", "document_type": "article", "headline": {"print_headline": "Questions for: \u2018Before Vaquitas Vanish, a Desperate Bid to Save Them\u2019", "main": "Questions for: \u2018Before Vaquitas Vanish, a Desperate Bid to Save Them\u2019", "kicker": "Article of the Day", "content_kicker": "Article of the Day"}}]