[{"web_url": "https://www.nytimes.com/video/world/americas/100000004700824/the-fog-catchers.html", "source": "The New York Times", "_id": "58b93c5e95d0e024902fd4fc", "pub_date": "2017-03-03T09:50:15+0000", "lead_paragraph": "In Lima, Peru, where little rain falls, a community project is turning fog into water to irrigate 50 household gardens in the Eliseo Collazos neighborhood.", "section_name": "World", "type_of_material": "Video", "snippet": "In Lima, Peru, where little rain falls, a community project is turning fog into water to irrigate 50 household gardens in the Eliseo Collazos neighborhood....", "document_type": "multimedia", "headline": {"print_headline": "How to Start a Soccer Chant", "main": "How to Start a Soccer Chant", "kicker": "Tip", "content_kicker": "Tip"}}]