[{"web_url": "https://www.nytimes.com/reuters/2017/03/03/technology/03reuters-lead-batteries-stopstart-analysis.html", "source": "Reuters", "_id": "58b945cf95d0e024902fd52b", "pub_date": "2017-03-03T10:30:28+0000", "lead_paragraph": "Investors are starting to focus on lead due to the large amounts of the metal in batteries used in increasingly popular stop-start cars produced by automakers aiming to comply with stringent new emissions legislation.", "section_name": "Technology", "type_of_material": "News", "snippet": "Investors are starting to focus on lead due to the large amounts of the metal in batteries used in increasingly popular stop-start cars produced by automakers aiming to comply with stringent new emissions legislation....", "document_type": "article", "headline": {"main": "There Is No Economic Case for Breaking Up the United Kingdom, Says May", "print_headline": "There Is No Economic Case for Breaking Up the United Kingdom, Says May"}}]