[{"web_url": "https://www.nytimes.com/aponline/2017/03/03/world/africa/ap-af-ethiopia-wolves.html", "source": "AP", "_id": "58b951cc95d0e024902fd553", "pub_date": "2017-03-03T11:21:40+0000", "lead_paragraph": "A wildlife charity says rare Ethiopian wolves are making a comeback after losses from disease and drought.", "section_name": "World", "type_of_material": "News", "snippet": "A wildlife charity says rare Ethiopian wolves are making a comeback after losses from disease and drought....", "document_type": "article", "headline": {"main": "Government Forces Recapture Northern Afghanistan District", "print_headline": "Government Forces Recapture Northern Afghanistan District"}}]