[{"web_url": "https://www.nytimes.com/aponline/2017/03/03/business/ap-financial-markets-board-of-trade.html", "source": "AP", "_id": "58b98ac595d0e024902fd5f8", "pub_date": "2017-03-03T15:24:45+0000", "lead_paragraph": "Grain futures were lower Friday in early trading on the Chicago Board of Trade.", "section_name": "Business Day", "type_of_material": "News", "snippet": "Grain futures were lower Friday in early trading on the Chicago Board of Trade....", "document_type": "article", "headline": {"main": "Trump to Host Germany's Merkel at the White House", "print_headline": "Trump to Host Germany's Merkel at the White House"}}]