[{"web_url": "https://www.nytimes.com/reuters/2017/03/03/sports/soccer/03reuters-soccer-england-tot-pochettino.html", "source": "Reuters", "_id": "58b98fa295d0e024902fd603", "pub_date": "2017-03-03T15:45:27+0000", "lead_paragraph": "Mauricio Pochettino will take a late call on whether in-form striker Harry Kane plays in Sunday's Premier League match against Everton, with the Tottenham Hotspur manager unwilling to take any risks with his star striker who is nursing an injury.", "section_name": "Sports", "type_of_material": "News", "snippet": "Mauricio Pochettino will take a late call on whether in-form striker Harry Kane plays in Sunday's Premier League match against Everton, with the Tottenham Hotspur manager unwilling to take any risks with his star striker who is nursing an injury....", "document_type": "article", "headline": {"main": "Queen Elizabeth Marks St David's Day With Leek Gifts", "print_headline": "Queen Elizabeth Marks St David's Day With Leek Gifts"}}]