[{"web_url": "https://www.nytimes.com/reuters/2017/03/03/world/europe/03reuters-europe-migrants-calais.html", "source": "Reuters", "_id": "58b9554895d0e024902fd55c", "pub_date": "2017-03-03T11:36:35+0000", "lead_paragraph": "Charities expressed outrage on Friday as the mayor of French port Calais, which has symbolised Europe's refugee crisis, signed a ban on gatherings that could stop aid groups distributing meals to migrants and refugees.", "section_name": "World", "type_of_material": "News", "snippet": "Charities expressed outrage on Friday as the mayor of French port Calais, which has symbolised Europe's refugee crisis, signed a ban on gatherings that could stop aid groups distributing meals to migrants and refugees....", "document_type": "article", "headline": {"main": "McAuley Closing In on New West Brom Deal", "print_headline": "McAuley Closing In on New West Brom Deal"}}]