[{"web_url": "https://www.nytimes.com/reuters/2017/03/03/business/03reuters-japan-economy-cpi.html", "source": "Reuters", "_id": "58b90ab895d0e024902fd495", "pub_date": "2017-03-03T06:18:29+0000", "lead_paragraph": "Japan's core consumer prices rose for the first time in over a year in January thanks to a pickup in energy costs, but a slump in household spending showed why economic growth and inflation have lagged the more ambitious goals set out by policymakers.", "section_name": "Business Day", "type_of_material": "News", "snippet": "Japan's core consumer prices rose for the first time in over a year in January thanks to a pickup in energy costs, but a slump in household spending showed why economic growth and inflation have lagged the more ambitious goals set out by policymak...", "document_type": "article", "headline": {"main": "Lillard Scores 33 as Trail Blazers Beat Thunder 114-109", "print_headline": "Lillard Scores 33 as Trail Blazers Beat Thunder 114-109"}}]