[{"web_url": "https://www.nytimes.com/aponline/2017/03/03/us/politics/ap-us-attorney-general-russia.html", "source": "AP", "_id": "58b9263495d0e024902fd4bc", "pub_date": "2017-03-03T08:15:41+0000", "lead_paragraph": "Some Democrats worry the appointment of a Jeff Sessions subordinate to oversee an investigation into Russian interference in the 2016 election won't be a clean enough break from the embattled attorney general.", "section_name": "U.S.", "type_of_material": "News", "snippet": "Some Democrats worry the appointment of a Jeff Sessions subordinate to oversee an investigation into Russian interference in the 2016 election won't be a clean enough break from the embattled attorney general....", "document_type": "article", "headline": {"print_headline": "A Great New Accidental Renaissance", "main": "A Great New Accidental Renaissance", "kicker": "Contributing Op-Ed Writer", "content_kicker": "Contributing Op-Ed Writer"}}]