[{"web_url": "https://www.nytimes.com/reuters/2017/03/03/business/03reuters-volkswagen-emissions-audi-ceo.html", "source": "Reuters", "_id": "58b9387695d0e024902fd4f1", "pub_date": "2017-03-03T09:33:30+0000", "lead_paragraph": "Audi Chief Executive Rupert Stadler has stepped down from leadership roles at the Piech family foundation, Austrian company filings showed.", "section_name": "Business Day", "type_of_material": "News", "snippet": "Audi Chief Executive Rupert Stadler has stepped down from leadership roles at the Piech family foundation, Austrian company filings showed....", "document_type": "article", "headline": {"main": "Peak Gasoline Demand Looms With Engine Efficiency Gains", "print_headline": "Peak Gasoline Demand Looms With Engine Efficiency Gains"}}]