[{"web_url": "https://www.nytimes.com/reuters/2017/03/03/world/middleeast/03reuters-mideast-crisis-iraq-chemicalweapons.html", "source": "Reuters", "_id": "58b9662095d0e024902fd58c", "pub_date": "2017-03-03T12:48:29+0000", "lead_paragraph": "Five children and two women are receiving treatment for exposure to chemical agents near the Iraqi city of Mosul, where Islamic State is fighting U.S.-backed Iraqi forces, the International Committee of the Red Cross said on Friday.", "section_name": "World", "type_of_material": "News", "snippet": "Five children and two women are receiving treatment for exposure to chemical agents near the Iraqi city of Mosul, where Islamic State is fighting U.S.-backed Iraqi forces, the International Committee of the Red Cross said on Friday....", "document_type": "article", "headline": {"main": "Vanessa Seward: Fall 2017"}}]