[{"web_url": "https://www.nytimes.com/reuters/2017/03/03/arts/03reuters-film-trespassagainstus.html", "source": "Reuters", "_id": "58b985cd95d0e024902fd5e4", "pub_date": "2017-03-03T15:03:33+0000", "lead_paragraph": "Actors Brendan Gleeson and Michael Fassbender delve into the world of the travelers community in Britain in film \"Trespass Against Us\", playing a father and son at odds over the family's way of life. ", "section_name": "Arts", "type_of_material": "News", "snippet": "Actors Brendan Gleeson and Michael Fassbender delve into the world of the travelers community in Britain in film \"Trespass Against Us\", playing a father and son at odds over the family's way of life....", "document_type": "article", "headline": {"print_headline": "How Trump Wins by Losing", "main": "How Donald Trump Wins by Losing", "kicker": "Opinion", "content_kicker": "Opinion"}}]