[{"web_url": "https://www.nytimes.com/reuters/2017/03/03/world/europe/03reuters-turkey-security-germany-government.html", "source": "Reuters", "_id": "58b9527795d0e024902fd555", "pub_date": "2017-03-03T11:24:30+0000", "lead_paragraph": "The German federal government was not involved in Thursday's decision by local authorities in the town of Gaggenau to ban an event where Turkish Justice Minister Bekir Bozdag was due to speak, a spokesman for the German foreign ministry said.", "section_name": "World", "type_of_material": "News", "snippet": "The German federal government was not involved in Thursday's decision by local authorities in the town of Gaggenau to ban an event where Turkish Justice Minister Bekir Bozdag was due to speak, a spokesman for the German foreign ministry said....", "document_type": "article", "headline": {"main": "Government Forces Recapture Northern Afghanistan District", "print_headline": "Government Forces Recapture Northern Afghanistan District"}}]