[{"web_url": "https://www.nytimes.com/aponline/2017/03/03/world/asia/ap-as-bangladesh-militants-.html", "source": "AP", "_id": "58b9388495d0e024902fd4f3", "pub_date": "2017-03-03T09:33:42+0000", "lead_paragraph": "Police in Bangladesh's capital have arrested the spiritual leader of a banned militant group that is responsible for a series of attacks in the South Asian country, an official said Friday.", "section_name": "World", "type_of_material": "News", "snippet": "Police in Bangladesh's capital have arrested the spiritual leader of a banned militant group that is responsible for a series of attacks in the South Asian country, an official said Friday....", "document_type": "article", "headline": {"main": "Peak Gasoline Demand Looms With Engine Efficiency Gains", "print_headline": "Peak Gasoline Demand Looms With Engine Efficiency Gains"}}]