[{"web_url": "https://www.nytimes.com/reuters/2017/03/03/world/europe/03reuters-ukraine-crisis-blockade.html", "source": "Reuters", "_id": "58b98c1c95d0e024902fd5fd", "pub_date": "2017-03-03T15:30:34+0000", "lead_paragraph": "The main pro-Russian separatist leader in Ukraine said on Friday he would cut economic ties between rebel territory and the rest of the country, following through on an ultimatum to end trade if the government did not halt a rail blockade.", "section_name": "World", "type_of_material": "News", "snippet": "The main pro-Russian separatist leader in Ukraine said on Friday he would cut economic ties between rebel territory and the rest of the country, following through on an ultimatum to end trade if the government did not halt a rail blockade....", "document_type": "article", "headline": {"main": "Judge: Dad Who Dropped Girl Off Bridge Ready to Stand Trial", "print_headline": "Judge: Dad Who Dropped Girl Off Bridge Ready to Stand Trial"}}]