[{"web_url": "https://www.nytimes.com/2017/03/03/magazine/self-portrait-as-so-much-potential.html", "source": "The New York Times", "_id": "58b93eab95d0e024902fd4ff", "pub_date": "2017-03-03T10:00:01+0000", "lead_paragraph": "Selected by Matthew Zapruder.", "section_name": "Magazine", "type_of_material": "News", "snippet": "Selected by Matthew Zapruder....", "document_type": "article", "headline": {"print_headline": "Majority Rules on Investigations", "main": "Majority Rule Means the Power to Stop, Not Just Start, an Investigation", "kicker": "On Washington", "content_kicker": "On Washington"}}]