[{"web_url": "https://www.nytimes.com/reuters/2017/03/03/sports/soccer/03reuters-soccer-spain-fcb-luisenrique.html", "source": "Reuters", "_id": "58b982fa95d0e024902fd5d9", "pub_date": "2017-03-03T14:51:29+0000", "lead_paragraph": "The crushing weight of expectation that comes with managing Barcelona eventually proved too much for Luis Enrique, who said on Friday he felt a sense of relief after announcing his plans to walk away at the end of the season.", "section_name": "Sports", "type_of_material": "News", "snippet": "The crushing weight of expectation that comes with managing Barcelona eventually proved too much for Luis Enrique, who said on Friday he felt a sense of relief after announcing his plans to walk away at the end of the season....", "document_type": "article", "headline": {"main": "Klopp Urges Inconsistent Liverpool to Get Back on Track", "print_headline": "Klopp Urges Inconsistent Liverpool to Get Back on Track"}}]