[{"web_url": "https://www.nytimes.com/reuters/2017/03/03/world/africa/03reuters-congo-politics.html", "source": "Reuters", "_id": "58b9176395d0e024902fd4a6", "pub_date": "2017-03-03T07:12:27+0000", "lead_paragraph": "Democratic Republic of Congo's main opposition coalition said it had named the son of its late leader Etienne Tshisekedi to succeed him on Thursday, but some within the opposition rejected the choice.", "section_name": "World", "type_of_material": "News", "snippet": "Democratic Republic of Congo's main opposition coalition said it had named the son of its late leader Etienne Tshisekedi to succeed him on Thursday, but some within the opposition rejected the choice....", "document_type": "article", "headline": {"print_headline": "Questions for: \u2018Before Vaquitas Vanish, a Desperate Bid to Save Them\u2019", "main": "Questions for: \u2018Before Vaquitas Vanish, a Desperate Bid to Save Them\u2019", "kicker": "Article of the Day", "content_kicker": "Article of the Day"}}]