[{"web_url": "https://www.nytimes.com/reuters/2017/03/03/sports/rugby/03reuters-rugby-union-safrica.html", "source": "Reuters", "_id": "58b9867f95d0e024902fd5e8", "pub_date": "2017-03-03T15:06:28+0000", "lead_paragraph": "South African rugby coach Allister Coetzee will from July only be able to select overseas-based players who have more than 30 international caps in a policy aimed at protecting the domestic game.", "section_name": "Sports", "type_of_material": "News", "snippet": "South African rugby coach Allister Coetzee will from July only be able to select overseas-based players who have more than 30 international caps in a policy aimed at protecting the domestic game....", "document_type": "article", "headline": {"main": "Daimler to Recall One Million Mercedes Globally After 51 Fires", "print_headline": "Daimler to Recall One Million Mercedes Globally After 51 Fires"}}]