[{"web_url": "https://www.nytimes.com/aponline/2017/03/03/us/ap-eu-georgia-protest.html", "source": "AP", "_id": "58b930c095d0e024902fd4e0", "pub_date": "2017-03-03T09:00:42+0000", "lead_paragraph": "Thousands of people have rallied in the Georgian capital to protest a court verdict handing a top opposition-minded television station to a government-friendly owner.", "section_name": "U.S.", "type_of_material": "News", "snippet": "Thousands of people have rallied in the Georgian capital to protest a court verdict handing a top opposition-minded television station to a government-friendly owner....", "document_type": "article", "headline": {"main": "North Korean Suspect in Airport Murder to Be Deported From Malaysia and Not Allowed Back", "print_headline": "North Korean Suspect in Airport Murder to Be Deported From Malaysia and Not Allowed Back"}}]