[{"web_url": "https://www.nytimes.com/reuters/2017/03/03/world/europe/03reuters-ireland-church-babies.html", "source": "Reuters", "_id": "58b97bed95d0e024902fd5c4", "pub_date": "2017-03-03T14:21:28+0000", "lead_paragraph": "The remains of babies, ranging from new-born to three-years-old, have been found in the sewers of a former Church-run home for unmarried mothers in Ireland, the government said on Friday.", "section_name": "World", "type_of_material": "News", "snippet": "The remains of babies, ranging from new-born to three-years-old, have been found in the sewers of a former Church-run home for unmarried mothers in Ireland, the government said on Friday....", "document_type": "article", "headline": {"print_headline": "Jeff Sessions Violated His Oath", "main": "Jeff Sessions Violated His Oath", "kicker": "Op-Ed Columnist", "content_kicker": "Op-Ed Columnist"}}]