[{"web_url": "https://www.nytimes.com/reuters/2017/03/03/world/africa/03reuters-russia-libya.html", "source": "Reuters", "_id": "58b9549695d0e024902fd55a", "pub_date": "2017-03-03T11:33:33+0000", "lead_paragraph": "Russia said on Friday it was ready to help unify Libya and wanted to foster dialogue between rival authorities in Tripoli and factions in the east of the country.", "section_name": "World", "type_of_material": "News", "snippet": "Russia said on Friday it was ready to help unify Libya and wanted to foster dialogue between rival authorities in Tripoli and factions in the east of the country....", "document_type": "article", "headline": {"main": "McAuley Closing In on New West Brom Deal", "print_headline": "McAuley Closing In on New West Brom Deal"}}]