[{"web_url": "https://www.nytimes.com/aponline/2017/03/03/sports/ap-box-doping-povetkin.html", "source": "AP", "_id": "58b92b2195d0e024902fd4d6", "pub_date": "2017-03-03T08:36:42+0000", "lead_paragraph": "Russian heavyweight Alexander Povetkin has been suspended indefinitely and fined $250,000 by the World Boxing Council in a doping case.", "section_name": "Sports", "type_of_material": "News", "snippet": "Russian heavyweight Alexander Povetkin has been suspended indefinitely and fined $250,000 by the World Boxing Council in a doping case....", "document_type": "article", "headline": {"main": "WBC Hands Povetkin Suspension, $250,000 Fine in Doping Case", "print_headline": "WBC Hands Povetkin Suspension, $250,000 Fine in Doping Case"}}]