[{"web_url": "https://www.nytimes.com/aponline/2017/03/03/us/politics/ap-us-yellen-.html", "source": "AP", "_id": "58b9236295d0e024902fd4b5", "pub_date": "2017-03-03T08:03:42+0000", "lead_paragraph": "One by one, several Federal Reserve officials have signaled in recent days that the Fed is ready to resume raising interest rates as soon as this month. The question is whether the official who matters most &#8212; Chair Janet Yellen &#8212; will add her own voice to that impression.", "section_name": "U.S.", "type_of_material": "News", "snippet": "One by one, several Federal Reserve officials have signaled in recent days that the Fed is ready to resume raising interest rates as soon as this month. The question is whether the official who matters most &#8212; Chair Janet Yellen &#8212; will ...", "document_type": "article", "headline": {"main": "In Atlanta, Anti-Semitism Is Viewed Through Lens of History", "print_headline": "In Atlanta, Anti-Semitism Is Viewed Through Lens of History"}}]