[{"web_url": "https://www.nytimes.com/aponline/2017/03/03/us/politics/ap-us-trump-military-fact-check.html", "source": "AP", "_id": "58b929ba95d0e024902fd4cd", "pub_date": "2017-03-03T08:30:42+0000", "lead_paragraph": "President Donald Trump painted an overly bleak picture of the condition of the armed forces as he made his case for military expansion.", "section_name": "U.S.", "type_of_material": "News", "snippet": "President Donald Trump painted an overly bleak picture of the condition of the armed forces as he made his case for military expansion....", "document_type": "article", "headline": {"main": "WBC Hands Povetkin Suspension, $250,000 Fine in Doping Case", "print_headline": "WBC Hands Povetkin Suspension, $250,000 Fine in Doping Case"}}]