[{"web_url": "https://www.nytimes.com/aponline/2017/03/03/world/middleeast/ap-ml-morocco-embroidery-school.html", "source": "AP", "_id": "58b9824e95d0e024902fd5d7", "pub_date": "2017-03-03T14:48:42+0000", "lead_paragraph": "It is a school of last chances, both for its students and for the fading art that they are learning, stitch by stitch.", "section_name": "World", "type_of_material": "News", "snippet": "It is a school of last chances, both for its students and for the fading art that they are learning, stitch by stitch....", "document_type": "article", "headline": {"main": "Klopp Urges Inconsistent Liverpool to Get Back on Track", "print_headline": "Klopp Urges Inconsistent Liverpool to Get Back on Track"}}]