[{"web_url": "https://www.nytimes.com/reuters/2017/03/03/world/asia/03reuters-india-china-dalailama.html", "source": "Reuters", "_id": "58b9387195d0e024902fd4f0", "pub_date": "2017-03-03T09:33:30+0000", "lead_paragraph": "Indian federal government representatives will meet the Dalai Lama when he visits a sensitive border region controlled by India but claimed by China, officials said, despite a warning from Beijing that it would damage ties.", "section_name": "World", "type_of_material": "News", "snippet": "Indian federal government representatives will meet the Dalai Lama when he visits a sensitive border region controlled by India but claimed by China, officials said, despite a warning from Beijing that it would damage ties....", "document_type": "article", "headline": {"main": "Peak Gasoline Demand Looms With Engine Efficiency Gains", "print_headline": "Peak Gasoline Demand Looms With Engine Efficiency Gains"}}]