[{"web_url": "https://www.nytimes.com/2017/03/03/magazine/how-to-start-a-soccer-chant.html", "source": "The New York Times", "_id": "58b93eac95d0e024902fd501", "pub_date": "2017-03-03T10:00:01+0000", "lead_paragraph": "Find others who come for more than the game. Don\u2019t try it while sitting.", "section_name": "Magazine", "type_of_material": "News", "snippet": "Find others who come for more than the game. Don\u2019t try it while sitting....", "document_type": "article", "headline": {"print_headline": "Majority Rules on Investigations", "main": "Majority Rule Means the Power to Stop, Not Just Start, an Investigation", "kicker": "On Washington", "content_kicker": "On Washington"}}]