[{"web_url": "https://www.nytimes.com/aponline/2017/03/03/world/europe/ap-eu-europe-israel.html", "source": "AP", "_id": "58b98d8a95d0e024902fd600", "pub_date": "2017-03-03T15:36:39+0000", "lead_paragraph": "European Union foreign ministers are to discuss whether to hold high-level talks with Israel soon amid concern over its settlement policy and commitment to a two-state solution, diplomats said Friday.", "section_name": "World", "type_of_material": "News", "snippet": "European Union foreign ministers are to discuss whether to hold high-level talks with Israel soon amid concern over its settlement policy and commitment to a two-state solution, diplomats said Friday....", "document_type": "article", "headline": {"main": "Queen Elizabeth Marks St David's Day With Leek Gifts", "print_headline": "Queen Elizabeth Marks St David's Day With Leek Gifts"}}]