[{"web_url": "https://www.nytimes.com/aponline/2017/03/03/us/ap-us-united-special-flight-probe.html", "source": "AP", "_id": "58b9744095d0e024902fd5b2", "pub_date": "2017-03-03T13:48:38+0000", "lead_paragraph": "A former transportation official and mentor to New Jersey Gov. Chris Christie \"should not get a get-out-of-jail card\" for using his position to shake down United Airlines to relaunch a flight to his weekend home, federal prosecutors argue in a court filing.", "section_name": "U.S.", "type_of_material": "News", "snippet": "A former transportation official and mentor to New Jersey Gov. Chris Christie \"should not get a get-out-of-jail card\" for using his position to shake down United Airlines to relaunch a flight to his weekend home, federal prosecutors argue in a cou...", "document_type": "article", "headline": {"print_headline": "Money Worries", "main": "Money Worries for Retired Women", "kicker": "", "content_kicker": ""}}]