[{"web_url": "https://www.nytimes.com/2017/03/03/nyregion/jewish-centers-bomb-threats-arrest.html", "source": "The New York Times", "_id": "58b9812b95d0e024902fd5d2", "pub_date": "2017-03-03T14:43:48+0000", "lead_paragraph": "Federal authorities accused Juan Thompson with threatening more than a half-dozen schools and community centers around the United States as part of an effort to intimidate a former girlfriend.", "section_name": "N.Y. / Region", "type_of_material": "News", "snippet": "Federal authorities accused Juan Thompson with threatening more than a half-dozen schools and community centers around the United States as part of an effort to intimidate a former girlfriend....", "document_type": "article", "headline": {"main": "Moroccan Designer's Embroidery School Revives Fading Art", "print_headline": "Moroccan Designer's Embroidery School Revives Fading Art"}}]